Size,Type,Stages,Class,Style,Code,Cv_design,l,w,lw,A,n0,Ah,St,Stroke,Deadlift,l/w,dH,Rows,s1_d,s2_d,s3_d,s4_d,s1_dP,s2_dP,s3_dP,s4_dP,Arrangement,alpha,rowGap
02,S,1,015,L,CB-02-015-1001-S-L,90.6,26,6,0.070849556,0.000154284,20,-4.85,0.3,37.7,13.1,4.333333333,8.710513312,-,-,-,-,,1,-,-,,,0.5027,1.23
02,S,1,015,L,CU-02-015-1001-S-L,101,29,6,0.076849556,0.000172086,20,-4.85,0.3,37.7,6.1,4.833333333,8.95703289,-,-,-,-,,1,-,-,,,0.4977,1.23
02,S,1,015,L,CY-02-015-1001-S-L,90.6,26,6,0.070849556,0.000154284,20,-4.85,0.3,37.7,6.1,4.333333333,8.710513312,-,-,-,-,,1,-,-,,,0.5027,1.23
02,S,1,015,L,CW-02-015-1001-S-L,101,29,6,0.076849556,0.000172086,20,-4.85,0.3,37.7,6.1,4.833333333,8.95703289,-,-,-,-,,1,-,-,,,0.4977,1.23
02,H,1,015,L,CU-02-015-1001-H-L,85,2,2,0.006283185,3.14159E-06,608,-4.85,0.3,37.7,6.1,1,2,19,2,-,-,,1,-,-,,,0.7566,-0.36
02,H,1,015,L,CB-02-015-1001-H-L,67.1,2,2,0.006283185,3.14159E-06,480,-4.85,0.3,37.7,13.1,1,2,15,2,-,-,,1,-,-,,,0.7566,-0.36
02,H,1,015,E,CU-02-015-1001-H-E,40,2,2,0.006283185,3.14159E-06,288,-4.85,0.3,37.7,6.1,1,2,19,2,-,-,,1,-,-,,4/4/4/4/8/8/8/8/12/12/12/16/20/20/24/28/32/32/32/,0.7566,-0.36
02,H,1,015,Q,CU-02-015-1001-H-Q,67.7,2,2,0.006283185,3.14159E-06,468,-4.85,0.3,37.7,6.1,1,2,19,2,-,-,,1,-,-,,4/8/8/12/20/24/28/32/32/32/32/32/32/32/32/32/32/32/32,0.7566,-0.36
02,H,2,015,L,CU-02-015-2001-H-L,26.3,2,2,0.006283185,3.14159E-06,288,-4.85,0.3,37.7,13.1,1,2,8,2,2,-,,0.5,0.5,-,,,0.7,2.23
02,H,2,015,L,CB-02-015-2001-H-L,18.6,1.8,1.8,0.005654867,2.54469E-06,252,-4.85,0.3,37.7,13.1,1,1.8,7,1.8,1.8,-,,0.5,0.5,-,,,0.7,2
02,H,2,015,E,CU-02-015-2001-H-E,10.9,2,2,0.006283185,3.14159E-06,120,-4.85,0.3,37.7,13.1,1,2,8,2,2,-,,0.5,0.5,-,,4/4/8/8/12/20/28/36/,0.7,2.23
02,H,2,015,Q,CU-02-015-2001-H-Q,21.1,2,2,0.006283185,3.14159E-06,232,-4.85,0.3,37.7,13.1,1,2,8,2,2,-,,0.5,0.5,-,,8/16/28/36/36/36/36/36/,0.7,2.23
02,H,3,015,L,CU-02-015-3001-H-L,21.5,2,2,0.006283185,3.14159E-06,288,-4.85,0.3,37.7,13.1,1,2,8,2,2,2,,0.334,0.334,0.332,,,0.7,2.23
02,H,3,015,L,CB-02-015-3001-H-L,18.8,2,2,0.006283185,3.14159E-06,252,-4.85,0.3,37.7,13.1,1,2,7,2,2,2,,0.334,0.334,0.332,,,0.7,1.23
02,H,3,015,E,CU-02-015-3001-H-E,10.4,2,2,0.006283185,3.14159E-06,124,-4.85,0.3,37.7,13.1,1,2,8,2,2,2,,0.334,0.334,0.332,,4/8/8/12/16/24/32/36,0.7,2.23
02,H,3,015,Q,CU-02-015-3001-H-Q,17.2,2,2,0.006283185,3.14159E-06,232,-4.85,0.3,37.7,13.1,1,2,8,2,2,2,,0.334,0.334,0.332,,8/16/28/36/36/36/36/36,0.7,1.23
02,H,4,015,L,CU-02-015-4001-H-L,18.6,2,2,0.006283185,3.14159E-06,288,-4.85,0.3,37.7,13.1,1,2,8,2,2,2,2,0.25,0.25,0.25,0.25,,0.7,2.23
02,H,4,015,L,CB-02-015-4001-H-L,16.2,2,2,0.006283185,3.14159E-06,252,-4.85,0.3,37.7,13.1,1,2,7,2,2,2,2,0.25,0.25,0.25,0.25,,0.7,2.52
02,H,4,015,E,CU-02-015-4001-H-E,9,2,2,0.006283185,3.14159E-06,124,-4.85,0.3,37.7,13.1,1,2,8,2,2,2,2,0.25,0.25,0.25,0.25,4/8/8/12/16/24/32/36,0.7,2.23
02,H,4,015,Q,CU-02-015-4001-H-Q,14.9,2,2,0.006283185,3.14159E-06,232,-4.85,0.3,37.7,13.1,1,2,8,2,2,2,2,0.25,0.25,0.25,0.25,8/16/28/36/36/36/36/36,0.7,2.23
02,S,1,030,L,CB-02-030-1001-S-L,90.6,26,6,0.070849556,0.000154284,20,-4.85,0.3,37.7,13.1,4.333333333,8.710513312,-,-,-,-,,1,-,-,,,0.4977,1.23
02,S,1,030,L,CU-02-030-1001-S-L,95,29,6,0.076849556,0.000172086,16,-4.85,0.3,37.7,6.1,4.833333333,8.95703289,-,-,-,-,,1,-,-,,,0.4977,1.23
02,H,1,030,L,CU-02-030-1001-H-L,85,2,2,0.006283185,3.14159E-06,608,-4.85,0.3,37.7,6.1,1,2,18,2,-,-,,1,-,-,,,0.7566,-0.36
02,H,1,030,L,CB-02-030-1001-H-L,27.7,2,2,0.006283185,3.14159E-06,216,-4.85,0.3,37.7,13.1,1,2,15,2,-,-,,1,-,-,,4/4/4/4/8/8/8/12/12/16/20/24/28/32/32/,0.7,
02,H,1,030,E,CU-02-030-1001-H-E,40,2,2,0.006283185,3.14159E-06,288,-4.85,0.3,37.7,6.1,1,2,19,2,-,-,,1,-,-,,4/4/4/4/8/8/8/8/12/12/12/16/20/20/24/28/32/32/32/,0.7566,-0.36
02,H,1,030,Q,CU-02-030-1001-H-Q,67.7,2,2,0.006283185,3.14159E-06,468,-4.85,0.3,37.7,6.1,1,2,19,2,-,-,,1,-,-,,4/8/8/12/20/24/28/32/32/32/32/32/32/32/32/32/32/32/32,0.7566,-0.36
02,H,2,030,L,CU-02-030-2001-H-L,26.3,2,2,0.006283185,3.14159E-06,288,-4.85,0.3,37.7,6.1,1,2,8,2,2,-,,0.5,0.5,-,,,0.7,2.23
02,H,2,030,L,CB-02-030-2001-H-L,18.6,1.8,1.8,0.005654867,2.54469E-06,252,-4.85,0.3,37.7,13.1,1,1.8,7,1.8,1.8,-,,0.5,0.5,,,,0.7,2
02,H,2,030,E,CU-02-030-2001-H-E,10.9,2,2,0.006283185,3.14159E-06,116,-4.85,0.3,37.7,6.1,1,2,8,2,2,-,,0.5,0.5,-,,4/8/8/12/20/28/36/,0.7,2.23
02,H,2,030,Q,CU-02-030-2001-H-Q,21.1,2,2,0.006283185,3.14159E-06,232,-4.85,0.3,37.7,6.1,1,2,8,2,2,-,,0.5,0.5,-,,8/16/28/36/36/36/36/36/,0.7,2.23
02,H,3,030,L,CU-02-030-3001-H-L,21.5,2,2,0.006283185,3.14159E-06,288,-4.85,0.3,37.7,6.1,1,2,8,2,2,2,,0.334,0.334,0.332,,,0.7,2.23
02,H,3,030,L,CB-02-030-3001-H-L,18.8,2,2,0.006283185,3.14159E-06,252,-4.85,0.3,37.7,13.1,1,2,7,2,2,2,,0.334,0.334,0.332,,,0.7,1.23
02,H,3,030,E,CU-02-030-3001-H-E,10.4,2,2,0.006283185,3.14159E-06,124,-4.85,0.3,37.7,6.1,1,2,8,2,2,2,,0.334,0.334,0.332,,4/8/8/12/16/24/32/36,0.7,2.23
02,H,3,030,Q,CU-02-030-3001-H-Q,17.2,2,2,0.006283185,3.14159E-06,232,-4.85,0.3,37.7,6.1,1,2,8,2,2,2,,0.334,0.334,0.332,,8/16/28/36/36/36/36/36,0.7,1.23
02,H,4,030,L,CU-02-030-4001-H-L,18.6,2,2,0.006283185,3.14159E-06,288,-4.85,0.3,37.7,6.1,1,2,8,2,2,2,2,0.25,0.25,0.25,0.25,,0.7,2.23
02,H,4,030,L,CB-02-030-4001-H-L,16.2,2,2,0.006283185,3.14159E-06,252,-4.85,0.3,37.7,13.1,1,2,7,2,2,2,2,0.25,0.25,0.25,0.25,,0.7,2.52
02,H,4,030,E,CU-02-030-4001-H-E,9,2,2,0.006283185,3.14159E-06,124,-4.85,0.3,37.7,6.1,1,2,8,2,2,2,2,0.25,0.25,0.25,0.25,4/8/8/12/16/24/32/36,0.7,2.23
02,H,4,030,Q,CU-02-030-4001-H-Q,14.9,2,2,0.006283185,3.14159E-06,232,-4.85,0.3,37.7,6.1,1,2,8,2,2,2,2,0.518,0.25,0.25,0.25,8/16/28/36/36/36/36/36,0.7,2.23
02,S,1,060,L,CB-02-060-1001-S-L,90.6,26,6,0.070849556,0.000154284,20,-4.85,0.3,37.7,13.1,4.333333333,8.710513312,-,-,-,-,,1,-,-,,,0.4977,1.23
02,S,1,060,L,CU-02-060-1001-S-L,95,29,6,0.076849556,0.000172086,16,-4.85,0.3,37.7,6.1,4.833333333,8.95703289,-,-,-,-,,1,-,-,,,0.4977,1.23
02,H,1,060,L,CU-02-060-1001-H-L,85,2,2,0.006283185,3.14159E-06,608,-4.85,0.3,37.7,6.1,1,2,19,2,-,-,,1,-,-,,,0.7566,-0.36
02,H,1,060,L,CB-02-060-1001-H-L,67.1,2,2,0.006283185,3.14159E-06,480,-4.85,0.3,37.7,13.1,1,2,15,2,-,-,,1,-,-,,,0.7566,0.36
02,H,1,060,E,CU-02-060-1001-H-E,40,2,2,0.006283185,3.14159E-06,288,-4.85,0.3,37.7,6.1,1,2,19,2,-,-,,1,-,-,,4/4/4/4/8/8/8/8/12/12/12/16/20/20/24/28/32/32/32/,0.7566,-0.36
02,H,1,060,Q,CU-02-060-1001-H-Q,67.7,2,2,0.006283185,3.14159E-06,468,-4.85,0.3,37.7,6.1,1,2,19,2,-,-,,1,-,-,,4/8/8/12/20/24/28/32/32/32/32/32/32/32/32/32/32/32/32,0.7566,-0.36
02,H,2,060,L,CU-02-060-2001-H-L,26.3,2,2,0.006283185,3.14159E-06,288,-4.85,0.3,37.7,6.1,1,2,8,2,2,-,,0.5,0.5,-,,,0.7,2.23
02,H,2,060,L,CB-02-060-2001-H-L,18.6,1.8,1.8,0.005654867,2.54469E-06,252,-4.85,0.3,37.7,13.1,1,1.8,7,2,2,-,,0.5,0.5,-,,,0.7,2
02,H,2,060,E,CU-02-060-2001-H-E,10.9,2,2,0.006283185,3.14159E-06,120,-4.85,0.3,37.7,6.1,1,2,8,2,2,-,,0.5,0.5,-,,4/4/8/8/12/20/28/36/,0.7,2.23
02,H,2,060,Q,CU-02-060-2001-H-Q,21.1,2,2,0.006283185,3.14159E-06,232,-4.85,0.3,37.7,6.1,1,2,8,2,2,-,,0.5,0.5,-,,8/16/28/36/36/36/36/36/,0.7,2.23
02,H,3,060,L,CU-02-060-3001-H-L,21.5,2,2,0.006283185,3.14159E-06,288,-4.85,0.3,37.7,6.1,1,2,8,2,2,2,,0.334,0.334,0.332,,,0.7,2.23
02,H,3,060,L,CB-02-060-3001-H-L,18.8,2,2,0.006283185,3.14159E-06,252,-4.85,0.3,37.7,13.1,1,2,7,2,2,2,,0.334,0.334,0.332,,,0.7,1.23
02,H,3,060,E,CU-02-060-3001-H-E,10.4,2,2,0.006283185,3.14159E-06,124,-4.85,0.3,37.7,6.1,1,2,8,2,2,2,,0.334,0.334,0.332,,4/8/8/12/16/24/32/36,0.7,2.23
02,H,3,060,Q,CU-02-060-3001-H-Q,17.2,2,2,0.006283185,3.14159E-06,232,-4.85,0.3,37.7,6.1,1,2,8,2,2,2,,0.334,0.334,0.332,,8/16/28/36/36/36/36/36,0.7,1.23
02,H,4,060,L,CU-02-060-4001-H-L,18.6,2,2,0.006283185,3.14159E-06,288,-4.85,0.3,37.7,6.1,1,2,8,2,2,2,2,0.518,0.25,0.25,0.25,,0.7,2.23
02,H,4,060,L,CB-02-060-4001-H-L,16.2,2,2,0.006283185,3.14159E-06,252,-4.85,0.3,37.7,13.1,1,2,7,2,2,2,2,0.518,0.25,0.25,0.25,,0.7,2.52
02,H,4,060,E,CU-02-060-4001-H-E,9,2,2,0.006283185,3.14159E-06,124,-4.85,0.3,37.7,6.1,1,2,8,2,2,2,2,0.518,0.25,0.25,0.25,4/8/8/12/16/24/32/36,0.7,2.23
02,H,4,060,Q,CU-02-060-4001-H-Q,14.9,2,2,0.006283185,3.14159E-06,232,-4.85,0.3,37.7,6.1,1,2,8,2,2,2,2,0.518,0.25,0.25,0.25,8/16/28/36/36/36/36/36,0.7,2.23
02,S,1,090,L,CB-02-090-1001-S-L,71.1,24,6,0.066849556,0.000142416,16,-4.85,0.3,37,13.1,4,8.521582412,-,-,-,-,,1,-,-,,,0.5351,2.74
02,S,1,090,L,CU-02-090-1001-S-L,95.8,27,6,0.072849556,0.000160218,16,-4.85,0.3,37,6.1,4.5,8.797198444,-,-,-,-,,1,-,-,,,0.5351,2.74
02,H,1,090,L,CU-02-090-1001-H-L,65,2,2,0.006283185,3.14159E-06,576,-4.85,0.3,37,6.1,1,2,18,2,-,-,,1,-,-,,,0.6107,
02,H,1,090,L,CB-02-090-1001-H-L,54.2,2,2,0.006283185,3.14159E-06,480,-4.85,0.3,37,13.1,1,2,15,2,-,-,,1,-,-,,,0.6107,
02,H,1,090,E,CU-02-090-1001-H-E,30.5,2,2,0.006283185,3.14159E-06,272,-4.85,0.3,37,6.1,1,2,18,2,-,-,,1,-,-,,4/4/4/4/8/8/8/8/12/12/16/16/20/24/28/32/32/32/,0.6107,
02,H,1,090,Q,CU-02-090-1001-H-Q,52,2,2,0.006283185,3.14159E-06,464,-4.85,0.3,37,6.1,1,2,18,2,-,-,,1,-,-,,4/8/12/16/20/24/28/32/32/32/32/32/32/32/32/32/32/32,0.6107,
02,H,2,090,L,CU-02-090-2001-H-L,26.3,2,2,0.006283185,3.14159E-06,288,-4.85,0.3,37,6.2,1,2,8,2,2,-,,0.5,0.5,-,,,0.7,2.11
02,H,2,090,L,CB-02-090-2001-H-L,18.6,1.8,1.8,0.005654867,2.54469E-06,252,-4.85,0.3,37,12.9,1,1.8,7,2,2,-,,0.5,0.5,-,,,0.7,2
02,H,2,090,E,CU-02-090-2001-H-E,10.9,2,2,0.006283185,3.14159E-06,120,-4.85,0.3,37,6.2,1,2,8,2,2,-,,0.5,0.5,-,,4/4/8/8/12/20/28/36/,0.7,2.11
02,H,2,090,Q,CU-02-090-2001-H-Q,21.1,2,2,0.006283185,3.14159E-06,232,-4.85,0.3,37,6.2,1,2,8,2,2,-,,0.5,0.5,-,,8/16/28/36/36/36/36/36/,0.7,2.11
02,H,3,090,L,CU-02-090-3001-H-L,19.1,2,2,0.006283185,3.14159E-06,256,-4.85,0.3,37,6.2,1,2,8,2,2,2,,0.334,0.334,0.332,,,0.7,2.23
02,H,3,090,L,CB-02-090-3001-H-L,16.7,2,2,0.006283185,3.14159E-06,224,-4.85,0.3,37,12.9,1,2,7,2,2,2,,0.334,0.334,0.332,,,0.7,2.42
02,H,3,090,E,CU-02-090-3001-H-E,10.7,2,2,0.006283185,3.14159E-06,136,-4.85,0.3,37,6.2,1,2,8,2,2,2,,0.334,0.334,0.332,,4/8/8/12/16/24/32/32,0.7,2.23
02,H,3,090,Q,CU-02-090-3001-H-Q,15.1,2,2,0.006283185,3.14159E-06,204,-4.85,0.3,37,6.2,1,2,8,2,2,2,,0.334,0.334,0.332,,4/16/24/32/32/32/32/32,0.7,2.11
02,H,4,090,L,CU-02-090-4001-H-L,18.6,2,2,0.006283185,3.14159E-06,288,-4.85,0.3,37,6.2,1,2,8,2,2,2,2,0.25,0.25,0.25,0.25,,0.7,2.11
02,H,4,090,L,CB-02-090-4001-H-L,16.2,2,2,0.006283185,3.14159E-06,252,-4.85,0.3,37,12.9,1,2,7,2,2,2,2,0.25,0.25,0.25,0.25,,0.7,2.42
02,H,4,090,E,CU-02-090-4001-H-E,9,2,2,0.006283185,3.14159E-06,124,-4.85,0.3,37,6.2,1,2,8,2,2,2,2,0.25,0.25,0.25,0.25,4/8/8/12/16/24/32/36,0.7,2.11
02,H,4,090,Q,CU-02-090-4001-H-Q,14.9,2,2,0.006283185,3.14159E-06,232,-4.85,0.3,37,6.2,1,2,8,2,2,2,2,0.25,0.25,0.25,0.25,8/16/28/36/36/36/36/36,0.7,2.11
02,S,1,150,L,CB-02-150-1001-S-L,71.1,24,6,0.066849556,0.000142416,16,-4.85,0.3,37,13.1,4,8.521582412,-,-,-,-,,1,-,-,,,0.5351,2.74
02,S,1,150,L,CU-02-150-1001-S-L,95.8,27,6,0.072849556,0.000160218,16,-4.85,0.3,37,6.1,4.5,8.797198444,-,-,-,-,,1,-,-,,,0.5351,2.74
02,H,1,150,L,CU-02-150-1001-H-L,65,2,2,0.006283185,3.14159E-06,576,-4.85,0.3,37,6.1,1,2,18,2,-,-,,1,-,-,,,0.6107,
02,H,1,150,L,CB-02-150-1001-H-L,54.2,2,2,0.006283185,3.14159E-06,480,-4.85,0.3,37,13.1,1,2,15,2,-,-,,1,-,-,,,0.6107,
02,H,1,150,E,CU-02-150-1001-H-E,30.5,2,2,0.006283185,3.14159E-06,272,-4.85,0.3,37,6.1,1,2,18,2,-,-,,1,-,-,,4/4/4/4/8/8/8/8/12/12/16/16/20/24/28/32/32/32/,0.6107,
02,H,1,150,Q,CU-02-150-1001-H-Q,52,2,2,0.006283185,3.14159E-06,464,-4.85,0.3,37,6.1,1,2,18,2,-,-,,1,-,-,,4/8/12/16/20/24/28/32/32/32/32/32/32/32/32/32/32/32,0.6107,
02,H,2,150,L,CU-02-150-2001-H-L,26.3,2,2,0.006283185,3.14159E-06,288,-4.85,0.3,37,6.2,1,2,8,2,2,-,,0.5,0.5,-,,,0.7,2.11
02,H,2,150,L,CB-02-150-2001-H-L,18.6,1.8,1.8,0.005654867,2.54469E-06,252,-4.85,0.3,37,12.9,1,1.8,7,2,2,-,,0.5,0.5,-,,,0.7,2
02,H,2,150,E,CU-02-150-2001-H-E,10.9,2,2,0.006283185,3.14159E-06,120,-4.85,0.3,37,6.2,1,2,8,2,2,-,,0.5,0.5,-,,4/4/8/8/12/20/28/36/,0.7,2.11
02,H,2,150,Q,CU-02-150-2001-H-Q,21.1,2,2,0.006283185,3.14159E-06,232,-4.85,0.3,37,6.2,1,2,8,2,2,-,,0.5,0.5,-,,8/16/28/36/36/36/36/36/,0.7,2.11
02,H,3,150,L,CU-02-150-3001-H-L,19.1,2,2,0.006283185,3.14159E-06,256,-4.85,0.3,37,6.2,1,2,8,2,2,2,,0.334,0.334,0.332,,,0.7,2.11
02,H,3,150,L,CB-02-150-3001-H-L,16.7,2,2,0.006283185,3.14159E-06,224,-4.85,0.3,37,12.9,1,2,7,2,2,2,,0.334,0.334,0.332,,,0.7,2.42
02,H,3,150,E,CU-02-150-3001-H-E,10.1,2,2,0.006283185,3.14159E-06,128,-4.85,0.3,37,6.2,1,2,8,2,2,2,,0.334,0.334,0.332,,4/8/8/12/16/24/28/28,0.7,2.23
02,H,3,150,Q,CU-02-150-3001-H-Q,15.1,2,2,0.006283185,3.14159E-06,204,-4.85,0.3,37,6.2,1,2,8,2,2,2,,0.334,0.334,0.332,,4/16/24/32/32/32/32/32,0.7,2.11
02,H,4,150,L,CU-02-150-4001-H-L,18.6,2,2,0.006283185,3.14159E-06,288,-4.85,0.3,37,6.2,1,2,8,2,2,2,2,0.25,0.25,0.25,0.25,,0.7,2.11
02,H,4,150,L,CB-02-150-4001-H-L,16.2,2,2,0.006283185,3.14159E-06,252,-4.85,0.3,37,12.9,1,2,7,2,2,2,2,0.25,0.25,0.25,0.25,,0.7,2.42
02,H,4,150,E,CU-02-150-4001-H-E,9,2,2,0.006283185,3.14159E-06,124,-4.85,0.3,37,6.2,1,2,8,2,2,2,2,0.25,0.25,0.25,0.25,4/8/8/12/16/24/32/36,0.7,2.11
02,H,4,150,Q,CU-02-150-4001-H-Q,14.9,2,2,0.006283185,3.14159E-06,232,-4.85,0.3,37,6.2,1,2,8,2,2,2,2,0.25,0.25,0.25,0.25,8/16/28/36/36/36/36/36,0.7,2.11
02,S,1,250,L,CB-02-250-1001-S-L,47,24,6,0.066849556,0.000142416,11,-4.85,0.3,37,12.9,4,8.521582412,-,-,-,-,,1,-,-,,,0.4726,3.42
02,S,1,250,L,CU-02-250-1001-S-L,95.8,27,6,0.072849556,0.000160218,16,-4.85,0.3,37,5.9,4.5,8.797198444,-,-,-,-,,1,-,-,,,0.4726,3.42
02,H,1,250,L,CU-02-250-1001-H-L,46,2,2,0.006283185,3.14159E-06,432,-4.85,0.3,37,5.9,1,2,18,2,-,-,,1,-,-,,,0.6483,
02,H,1,250,L,CB-02-250-1001-H-L,38.3,2,2,0.006283185,3.14159E-06,360,-4.85,0.3,37,12.9,1,2,15,2,-,-,,1,-,-,,,0.6483,
02,H,1,250,E,CU-02-250-1001-H-E,26.7,2,2,0.006283185,3.14159E-06,224,-4.85,0.3,37,5.9,1,2,18,2,-,-,,1,-,-,,4/4/4/4/4/8/8/8/8/12/12/16/16/20/24/24/24/24/,0.6483,
02,H,1,250,Q,CU-02-250-1001-H-Q,41.4,2,2,0.006283185,3.14159E-06,348,-4.85,0.3,37,5.9,1,2,18,2,-,-,,1,-,-,,4/4/8/12/16/20/20/24/24/24/24/24/24/24/24/24/24/24,0.6483,
02,H,2,250,L,CU-02-250-2001-H-L,20.5,2,2,0.006283185,3.14159E-06,224,-4.85,0.3,37,6.2,1,2,8,2,2,-,,0.5,0.5,-,,,0.7,2.11
02,H,2,250,L,CB-02-250-2001-H-L,15.3,2,2,0.006283185,3.14159E-06,168,-4.85,0.3,37,12.9,1,2,6,2,2,-,,0.5,0.5,-,,,0.7,2.42
02,H,2,250,E,CU-02-250-2001-H-E,10.2,2,2,0.006283185,3.14159E-06,112,-4.85,0.3,37,6.2,1,2,8,2,2,-,,0.5,0.5,-,,4/4/8/8/12/20/28/28/,0.7,2.11
02,H,2,250,Q,CU-02-250-2001-H-Q,16,2,2,0.006283185,3.14159E-06,176,-4.85,0.3,37,6.2,1,2,8,2,2,-,,0.5,0.5,-,,4/12/20/28/28/28/28/28,0.7,2.11
02,H,3,250,L,CU-02-250-3001-H-L,16.7,2,2,0.006283185,3.14159E-06,224,-4.85,0.3,37,6.2,1,2,8,2,2,2,,0.334,0.334,0.332,,,0.7,2.11
02,H,3,250,L,CB-02-250-3001-H-L,14.6,2,2,0.006283185,3.14159E-06,196,-4.85,0.3,37,12.9,1,2,7,2,2,2,,0.334,0.334,0.332,,,0.7,1.68
02,H,3,250,E,CU-02-250-3001-H-E,10.1,2,2,0.006283185,3.14159E-06,128,-4.85,0.3,37,6.2,1,2,7,2,2,2,,0.334,0.334,0.332,,4/8/8/12/16/24/28/28,0.7,2.11
02,H,3,250,Q,CU-02-250-3001-H-Q,13,2,2,0.006283185,3.14159E-06,176,-4.85,0.3,37,6.2,1,2,8,2,2,2,,0.334,0.334,0.332,,4/12/20/28/28/28/28/28,0.7,2.11
02,H,4,250,L,CU-02-250-4001-H-L,14,2,2,0.006283185,3.14159E-06,224,-4.85,0.3,37,6.2,1,2,8,2,2,2,2,0.25,0.25,0.25,0.25,,0.7,2.11
02,H,4,250,L,CB-02-250-4001-H-L,12.25,2,2,0.006283185,3.14159E-06,196,-4.85,0.3,37,12.9,1,2,7,2,2,2,2,0.25,0.25,0.25,0.25,,0.7,2.42
02,H,4,250,E,CU-02-250-4001-H-E,7.2,2,2,0.006283185,3.14159E-06,97,-4.85,0.3,37,6.2,1,2,8,2,2,2,2,0.25,0.25,0.25,0.25,4/4/8/8/12/20/28/28,0.7,2.11
02,H,4,250,Q,CU-02-250-4001-H-Q,11.3,2,2,0.006283185,3.14159E-06,176,-4.85,0.3,37,6.2,1,2,8,2,2,2,2,0.25,0.25,0.25,0.25,4/12/20/28/28/28/28/28,0.7,2.11
03,S,1,015,L,CB-03-015-1001-S-L,207,37,8,0.099132741,0.000292744,20,-4.85,0.3,50.5,14.4,4.625,11.81220236,-,-,-,-,,1,-,-,,,0.5996,3.31
03,S,1,015,L,CU-03-015-1001-S-L,255.6,39,8,0.103132741,0.000308568,20,-4.85,0.3,50.5,7.4,4.875,11.9677998,-,-,-,-,,1,-,-,,,0.5996,3.31
03,H,1,015,L,CU-03-015-1001-H-L,173,3,3,0.009424778,7.06858E-06,512,-4.85,0.3,50.5,7.4,1,3,16,3,-,-,,1,-,-,,,0.8122,-0.33
03,H,1,015,L,CB-03-015-1001-H-L,151.4,3,3,0.009424778,7.06858E-06,448,-4.85,0.3,50.5,14.4,1,3,14,3,-,-,,1,-,-,,,0.8122,-0.45
03,H,1,015,E,CU-03-015-1001-H-E,79.1,3,3,0.009424778,7.06858E-06,236,-4.85,0.3,50.5,7.4,1,3,16,3,-,-,,1,-,-,,4/4/4/4/8/8/8/12/12/16/16/20/24/32/32/32/,0.8122,-0.33
03,H,1,015,Q,CU-03-015-1001-H-Q,136.8,3,3,0.009424778,7.06858E-06,408,-4.85,0.3,50.5,7.4,1,3,16,3,-,-,,1,-,-,,4/8/12/16/20/28/32/32/32/32/32/32/32/32/32/32,0.8122,-0.33
03,H,2,015,L,CU-03-015-2001-H-L,74.1,3,3,0.009424778,7.06858E-06,360,-4.85,0.3,50.5,7.4,1,3,9,3,3,-,,0.5,0.5,-,,,0.7,2.01
03,H,2,015,L,CB-03-015-2001-H-L,65.8,3,3,0.009424778,7.06858E-06,320,-4.85,0.3,50.5,14.4,1,3,8,2.2,3,-,,0.75,0.25,-,,,0.7,1.73
03,H,2,015,E,CU-03-015-2001-H-E,30.2,3,3,0.009424778,7.06858E-06,148,-4.85,0.3,50.5,7.4,1,3,9,3,3,-,,0.5,0.5,-,,4/4/8/8/12/16/24/32/40/,0.7,2.01
03,H,2,015,Q,CU-03-015-2001-H-Q,58.8,3,3,0.009424778,7.06858E-06,288,-4.85,0.3,50.5,7.4,1,3,9,2.2,3,-,,0.75,0.25,-,,8/16/28/36/40/40/40/40/40,0.7,2.01
03,H,3,015,L,CU-03-015-3001-H-L,60.5,3,3,0.009424778,7.06858E-06,360,-4.85,0.3,50.5,7.4,1,3,9,3,3,3,,0.334,0.334,0.332,,,0.7,2.01
03,H,3,015,L,CB-03-015-3001-H-L,53.7,3,3,0.009424778,7.06858E-06,320,-4.85,0.3,50.5,14.4,1,3,8,3,3,3,,0.334,0.334,0.332,,,0.7,2.01
03,H,3,015,E,CU-03-015-3001-H-E,29.4,3,3,0.009424778,7.06858E-06,156,-4.85,0.3,50.5,7.4,1,3,9,3,3,3,,0.334,0.334,0.332,,4/8/8/12/16/20/28/40/40,0.7,2.01
03,H,3,015,Q,CU-03-015-3001-H-Q,48,3,3,0.009424778,7.06858E-06,288,-4.85,0.3,50.5,7.4,1,3,9,3,3,3,,0.334,0.334,0.332,,8/16/28/36/40/40/40/40/40,0.7,2.01
03,H,4,015,L,CU-03-015-4001-H-L,52.4,3,3,0.009424778,7.06858E-06,360,-4.85,0.3,50.5,7.4,1,3,9,3,3,3,3,0.25,0.25,0.25,0.25,,0.7,2.01
03,H,4,015,L,CB-03-015-4001-H-L,46.5,3,3,0.009424778,7.06858E-06,336,-4.85,0.3,50.5,14.4,1,3,8,3,3,3,3,0.25,0.25,0.25,0.25,,0.7,
03,H,4,015,E,CU-03-015-4001-H-E,25.4,3,3,0.009424778,7.06858E-06,156,-4.85,0.3,50.5,7.4,1,3,9,3,3,3,3,0.594,0.204,0.118,0.084,4/8/8/12/16/20/28/40/40,0.7,2.01
03,H,4,015,Q,CU-03-015-4001-H-Q,41.6,3,3,0.009424778,7.06858E-06,312,-4.85,0.3,50.5,7.4,1,3,9,3,3,3,3,0.25,0.25,0.25,0.25,8/16/28/36/40/40/40/40/40,0.7,
03,S,1,030,L,CB-03-030-1001-S-L,207,37,8,0.099132741,0.000292744,20,-4.85,0.3,50.5,14.4,4.625,11.81220236,-,-,-,-,,1,-,-,,,0.5996,3.31
03,S,1,030,L,CU-03-030-1001-S-L,255.6,39,8,0.103132741,0.000308568,20,-4.85,0.3,50.5,7.4,4.875,11.9677998,-,-,-,-,,1,-,-,,,0.5996,3.31
03,H,1,030,L,CU-03-030-1001-H-L,173,3,3,0.009424778,7.06858E-06,512,-4.85,0.3,50.5,7.4,1,3,16,3,-,-,,1,-,-,,,0.8122,-0.33
03,H,1,030,L,CB-03-030-1001-H-L,151,3,3,0.009424778,7.06858E-06,448,-4.85,0.3,50.5,14.4,1,3,14,3,-,-,,1,-,-,,,0.8122,-0.45
03,H,1,030,E,CU-03-030-1001-H-E,79.1,3,3,0.009424778,7.06858E-06,236,-4.85,0.3,50.5,7.4,1,3,16,3,-,-,,1,-,-,,4/4/4/4/8/8/8/12/12/16/16/20/24/32/32/32/,0.8122,-0.33
03,H,1,030,Q,CU-03-030-1001-H-Q,136.8,3,3,0.009424778,7.06858E-06,408,-4.85,0.3,50.5,7.4,1,3,16,3,-,-,,1,-,-,,4/8/12/16/20/28/32/32/32/32/32/32/32/32/32/32,0.8122,-0.33
03,H,2,030,L,CU-03-030-2001-H-L,74.1,3,3,0.009424778,7.06858E-06,360,-4.85,0.3,50.5,7.4,1,3,9,3,3,-,,0.5,0.5,-,,,0.7,2.01
03,H,2,030,L,CB-03-030-2001-H-L,65.8,3,3,0.009424778,7.06858E-06,320,-4.85,0.3,50.5,14.4,1,3,8,2.2,3,-,,0.75,0.25,-,,,0.7,1.73
03,H,2,030,E,CU-03-030-2001-H-E,30.2,3,3,0.009424778,7.06858E-06,148,-4.85,0.3,50.5,7.4,1,3,9,3,3,-,,0.5,0.5,-,,4/4/8/8/12/16/24/32/40/,0.7,2.01
03,H,2,030,Q,CU-03-030-2001-H-Q,58.8,3,3,0.009424778,7.06858E-06,288,-4.85,0.3,50.5,7.4,1,3,9,2.2,3,-,,0.75,0.25,-,,8/16/28/36/40/40/40/40/40,0.7,2.01
03,H,3,030,L,CU-03-030-3001-H-L,60.5,3,3,0.009424778,7.06858E-06,360,-4.85,0.3,50.5,7.4,1,3,9,3,3,3,,0.334,0.334,0.332,,,0.7,2.01
03,H,3,030,L,CB-03-030-3001-H-L,53.7,3,3,0.009424778,7.06858E-06,320,-4.85,0.3,50.5,14.4,1,3,8,3,3,3,,0.334,0.334,0.332,,,0.7,2.01
03,H,3,030,E,CU-03-030-3001-H-E,29.4,3,3,0.009424778,7.06858E-06,156,-4.85,0.3,50.5,7.4,1,3,9,3,3,3,,0.334,0.334,0.332,,4/8/8/12/16/20/28/40/40,0.7,2.01
03,H,3,030,Q,CU-03-030-3001-H-Q,48,3,3,0.009424778,7.06858E-06,288,-4.85,0.3,50.5,7.4,1,3,9,3,3,3,,0.334,0.334,0.332,,8/16/28/36/40/40/40/40/40,0.7,2.01
03,H,4,030,L,CU-03-030-4001-H-L,52.4,3,3,0.009424778,7.06858E-06,360,-4.85,0.3,50.5,7.4,1,3,9,3,3,3,3,0.25,0.25,0.25,0.25,,0.7,2.01
03,H,4,030,L,CB-03-030-4001-H-L,46.5,3,3,0.009424778,7.06858E-06,336,-4.85,0.3,50.5,14.4,1,3,8,3,3,3,3,0.25,0.25,0.25,0.25,,0.7,
03,H,4,030,E,CU-03-030-4001-H-E,25.4,3,3,0.009424778,7.06858E-06,156,-4.85,0.3,50.5,7.4,1,3,9,3,3,3,3,0.594,0.204,0.118,0.084,4/8/8/12/16/20/28/40/40,0.7,2.01
03,H,4,030,Q,CU-03-030-4001-H-Q,41.6,3,3,0.009424778,7.06858E-06,312,-4.85,0.3,50.5,7.4,1,3,9,3,3,3,3,0.25,0.25,0.25,0.25,8/16/28/36/40/40/40/40/40,0.7,
03,S,1,060,L,CB-03-060-1001-S-L,207,37,8,0.099132741,0.000292744,20,-4.85,0.3,50.5,14.4,4.625,11.81220236,-,-,-,-,,1,-,-,,,0.5996,3.31
03,S,1,060,L,CU-03-060-1001-S-L,255.6,39,8,0.103132741,0.000308568,20,-4.85,0.3,50.5,7.4,4.875,11.9677998,-,-,-,-,,1,-,-,,,0.5996,3.31
03,H,1,060,L,CU-03-060-1001-H-L,173,3,3,0.009424778,7.06858E-06,512,-4.85,0.3,50.5,7.4,1,3,16,3,-,-,,1,-,-,,,0.8122,-0.33
03,H,1,060,L,CB-03-060-1001-H-L,151,3,3,0.009424778,7.06858E-06,448,-4.85,0.3,50.5,14.4,1,3,16,3,-,-,,1,-,-,,,0.8122,-0.45
03,H,1,060,E,CU-03-060-1001-H-E,79.1,3,3,0.009424778,7.06858E-06,236,-4.85,0.3,50.5,7.4,1,3,16,3,-,-,,1,-,-,,4/4/4/4/8/8/8/12/12/16/16/20/24/32/32/32/,0.8122,-0.33
03,H,1,060,Q,CU-03-060-1001-H-Q,136.8,3,3,0.009424778,7.06858E-06,408,-4.85,0.3,50.5,7.4,1,3,16,3,-,-,,1,-,-,,4/8/12/16/20/28/32/32/32/32/32/32/32/32/32/32,0.8122,-0.33
03,H,2,060,L,CU-03-060-2001-H-L,74.1,3,3,0.009424778,7.06858E-06,360,-4.85,0.3,50.5,7.4,1,3,9,3,3,-,,0.5,0.5,-,,,0.7,2.01
03,H,2,060,L,CB-03-060-2001-H-L,65.8,3,3,0.009424778,7.06858E-06,320,-4.85,0.3,50.5,14.4,1,3,8,2.2,3,-,,0.75,0.25,-,,,0.7,1.73
03,H,2,060,E,CU-03-060-2001-H-E,30.2,3,3,0.009424778,7.06858E-06,148,-4.85,0.3,50.5,7.4,1,3,9,3,3,-,,0.5,0.5,-,,4/4/8/8/12/16/24/32/40/,0.7,2.01
03,H,2,060,Q,CU-03-060-2001-H-Q,58.8,3,3,0.009424778,7.06858E-06,288,-4.85,0.3,50.5,7.4,1,3,9,2.2,3,-,,0.75,0.25,-,,8/16/28/36/40/40/40/40/40,0.7,2.01
03,H,3,060,L,CU-03-060-3001-H-L,60.5,3,3,0.009424778,7.06858E-06,360,-4.85,0.3,50.5,7.4,1,3,9,3,3,3,,0.334,0.334,0.332,,,0.7,2.01
03,H,3,060,L,CB-03-060-3001-H-L,53.7,3,3,0.009424778,7.06858E-06,320,-4.85,0.3,50.5,14.4,1,3,8,3,3,3,,0.334,0.334,0.332,,,0.7,2.01
03,H,3,060,E,CU-03-060-3001-H-E,29.4,3,3,0.009424778,7.06858E-06,156,-4.85,0.3,50.5,7.4,1,3,9,3,3,3,,0.334,0.334,0.332,,4/8/8/12/16/20/28/40/40,0.7,2.01
03,H,3,060,Q,CU-03-060-3001-H-Q,48,3,3,0.009424778,7.06858E-06,288,-4.85,0.3,50.5,7.4,1,3,9,3,3,3,,0.334,0.334,0.332,,8/16/28/36/40/40/40/40/40,0.7,2.01
03,H,4,060,L,CU-03-060-4001-H-L,52.4,3,3,0.009424778,7.06858E-06,360,-4.85,0.3,50.5,7.4,1,3,9,3,3,3,3,0.25,0.25,0.25,0.25,,0.7,2.01
03,H,4,060,L,CB-03-060-4001-H-L,46.5,3,3,0.009424778,7.06858E-06,336,-4.85,0.3,50.5,14.4,1,3,8,3,3,3,3,0.25,0.25,0.25,0.25,,0.7,
03,H,4,060,E,CU-03-060-4001-H-E,25.4,3,3,0.009424778,7.06858E-06,156,-4.85,0.3,50.5,7.4,1,3,9,3,3,3,3,0.594,0.204,0.118,0.084,4/8/8/12/16/20/28/40/40,0.7,2.01
03,H,4,060,Q,CU-03-060-4001-H-Q,41.6,3,3,0.009424778,7.06858E-06,312,-4.85,0.3,50.5,7.4,1,3,9,3,3,3,3,0.25,0.25,0.25,0.25,8/16/28/36/40/40/40/40/40,0.7,
03,S,1,090,L,CB-03-090-1001-S-L,207,37,8,0.099132741,0.000292744,20,-4.85,0.3,50.5,14.4,4.625,11.81220236,-,-,-,-,,1,-,-,,,0.5884,3.31
03,S,1,090,L,CU-03-090-1001-S-L,255.6,39,8,0.103132741,0.000308568,20,-4.85,0.3,50.5,7.4,4.875,11.9677998,-,-,-,-,,1,-,-,,,0.5884,3.31
03,H,1,090,L,CU-03-090-1001-H-L,171,3,3,0.009424778,7.06858E-06,512,-4.85,0.3,50.5,7.4,1,3,16,3,-,-,,1,-,-,,,0.8122,-0.33
03,H,1,090,L,CB-03-090-1001-H-L,151.4,3,3,0.009424778,7.06858E-06,448,-4.85,0.3,50.5,14.4,1,3,16,3,-,-,,1,-,-,,,0.8122,-0.79
03,H,1,090,E,CU-03-090-1001-H-E,84.5,3,3,0.009424778,7.06858E-06,252,-4.85,0.3,50.5,7.4,1,3,16,3,-,-,,1,-,-,,4/4/4/8/8/8/8/12/12/16/20/24/28/32/32/32/,0.8122,-0.33
03,H,1,090,Q,CU-03-090-1001-H-Q,136.8,3,3,0.009424778,7.06858E-06,408,-4.85,0.3,50.5,7.4,1,3,16,3,-,-,,1,-,-,,4/8/12/16/20/28/32/32/32/32/32/32/32/32/32/32,0.8122,-0.33
03,H,2,090,L,CU-03-090-2001-H-L,74.1,3,3,0.009424778,7.06858E-06,360,-4.85,0.3,50.5,7.4,1,3,9,3,3,-,,0.5,0.5,-,,,0.7,2.01
03,H,2,090,L,CB-03-090-2001-H-L,65.8,3,3,0.009424778,7.06858E-06,320,-4.85,0.3,50.5,14.4,1,3,7,2.2,3,-,,0.75,0.25,-,,,0.7,1.57
03,H,2,090,E,CU-03-090-2001-H-E,30.2,3,3,0.009424778,7.06858E-06,148,-4.85,0.3,50.5,7.4,1,3,8,3,3,-,,0.5,0.5,-,,4/4/8/8/12/16/24/32/40/,0.7,1.57
03,H,2,090,Q,CU-03-090-2001-H-Q,58.8,3,3,0.009424778,7.06858E-06,288,-4.85,0.3,50.5,7.4,1,3,9,2.2,3,-,,0.75,0.25,-,,8/16/28/36/40/40/40/40/40,0.7,1.57
03,H,3,090,L,CU-03-090-3001-H-L,60.5,3,3,0.009424778,7.06858E-06,360,-4.85,0.3,50.5,7.4,1,3,9,3,3,3,,0.334,0.334,0.332,,,0.7,2.01
03,H,3,090,L,CB-03-090-3001-H-L,53.7,3,3,0.009424778,7.06858E-06,320,-4.85,0.3,50.5,14.4,1,3,8,3,3,3,,0.334,0.334,0.332,,,0.7,2.01
03,H,3,090,E,CU-03-090-3001-H-E,29.4,3,3,0.009424778,7.06858E-06,156,-4.85,0.3,50.5,7.4,1,3,9,3,3,3,,0.334,0.334,0.332,,4/8/8/12/16/20/28/40/40,0.7,2.01
03,H,3,090,Q,CU-03-090-3001-H-Q,48,3,3,0.009424778,7.06858E-06,288,-4.85,0.3,50.5,7.4,1,3,9,3,3,3,,0.334,0.334,0.332,,8/16/28/36/40/40/40/40/40,0.7,2.01
03,H,4,090,L,CU-03-090-4001-H-L,52.4,3,3,0.009424778,7.06858E-06,360,-4.85,0.3,50.5,7.4,1,3,9,3,3,3,3,0.25,0.25,0.25,0.25,,0.7,2.01
03,H,4,090,L,CB-03-090-4001-H-L,46.5,3,3,0.009424778,7.06858E-06,336,-4.85,0.3,50.5,14.4,1,3,8,3,3,3,3,0.25,0.25,0.25,0.25,,0.7,
03,H,4,090,E,CU-03-090-4001-H-E,25.4,3,3,0.009424778,7.06858E-06,156,-4.85,0.3,50.5,7.4,1,3,9,3,3,3,3,0.25,0.25,0.25,0.25,4/8/8/12/16/20/28/40/40,0.7,2.01
03,H,4,090,Q,CU-03-090-4001-H-Q,41.6,3,3,0.009424778,7.06858E-06,312,-4.85,0.3,50.5,7.4,1,3,9,3,3,3,3,0.25,0.25,0.25,0.25,8/16/28/36/40/40/40/40/40,0.7,
03,S,1,150,L,CB-03-150-1001-S-L,173,35,8,0.095132741,0.00027692,20,-4.85,0.3,48,14.5,4.375,11.64352026,-,-,-,-,,1,-,-,,,0.5328,2.37
03,S,1,150,L,CU-03-150-1001-S-L,217.1,37,8,0.099132741,0.000292744,20,-4.85,0.3,48,7.5,4.625,11.81220236,-,-,-,-,,1,-,-,,,0.5328,2.37
03,H,1,150,L,CU-03-150-1001-H-L,139,3,3,0.009424778,7.06858E-06,420,-4.85,0.3,48,7.5,1,3,15,3,-,-,,1,-,-,,,0.7955,-0.34
03,H,1,150,L,CB-03-150-1001-H-L,120.5,3,3,0.009424778,7.06858E-06,364,-4.85,0.3,48,14.5,1,3,13,3,-,-,,1,-,-,,,0.7955,
03,H,1,150,E,CU-03-150-1001-H-E,68.3,3,3,0.009424778,7.06858E-06,208,-4.85,0.3,48,7.5,1,3,15,3,-,-,,1,-,-,,4/4/4/4/8/8/8/12/12/16/20/24/28/28/28/,0.7955,-0.34
03,H,1,150,Q,CU-03-150-1001-H-Q,110.3,3,3,0.009424778,7.06858E-06,336,-4.85,0.3,48,7.5,1,3,15,3,-,-,,1,-,-,,4/8/12/16/20/24/28/28/28/28/28/28/28/28/28,0.7955,-0.34
03,H,2,150,L,CU-03-150-2001-H-L,59.3,3,3,0.009424778,7.06858E-06,288,-4.85,0.3,48,7.7,1,3,8,3,3,-,,0.5,0.5,-,,,0.7,2.33
03,H,2,150,L,CB-03-150-2001-H-L,51.8,3,3,0.009424778,7.06858E-06,252,-4.85,0.3,48,14.5,1,3,7,2.3,3,-,,0.7,0.3,-,,,0.7,1.57
03,H,2,150,E,CU-03-150-2001-H-E,24.5,3,3,0.009424778,7.06858E-06,120,-4.85,0.3,48,7.7,1,3,8,3,3,-,,0.5,0.5,-,,4/4/8/8/12/20/28/36/,0.7,1.57
03,H,2,150,Q,CU-03-150-2001-H-Q,47.4,3,3,0.009424778,7.06858E-06,232,-4.85,0.3,48,7.7,1,3,8,2.3,3,-,,0.7,0.3,-,,8/16/28/36/36/36/36/36,0.7,1.57
03,H,3,150,L,CU-03-150-3001-H-L,48.4,3,3,0.009424778,7.06858E-06,288,-4.85,0.3,48,7.7,1,3,8,3,3,3,,0.334,0.334,0.332,,,0.7,2.33
03,H,3,150,L,CB-03-150-3001-H-L,42.3,3,3,0.009424778,7.06858E-06,252,-4.85,0.3,48,14.5,1,3,7,3,2.4,3,,0.665,0.225,0.108,,,0.7,
03,H,3,150,E,CU-03-150-3001-H-E,23.3,3,3,0.009424778,7.06858E-06,124,-4.85,0.3,48,7.7,1,3,8,3,3,3,,0.334,0.334,0.332,,4/8/8/12/16/24/32/36,0.7,2.33
03,H,3,150,Q,CU-03-150-3001-H-Q,38.7,3,3,0.009424778,7.06858E-06,232,-4.85,0.3,48,7.7,1,3,8,3,3,3,,0.665,0.225,0.1,,8/16/28/40/44/44/44/44/44/,0.7,2.69
03,H,4,150,L,CU-03-150-4001-H-L,44.2,3,3,0.009424778,7.06858E-06,304,-4.85,0.3,48,7.7,1,3,8,3,3,3,3,0.25,0.25,0.25,0.25,,0.7,2.01
03,H,4,150,L,CB-03-150-4001-H-L,38.6,3,3,0.009424778,7.06858E-06,266,-4.85,0.3,48,14.5,1,3,7,3,3,3,3,0.25,0.25,0.25,0.25,,0.7,2.08
03,H,4,150,E,CU-03-150-4001-H-E,21.4,3,3,0.009424778,7.06858E-06,148,-4.85,0.3,48,7.7,1,3,8,3,3,3,3,0.25,0.25,0.25,0.25,4/8/8/12/16/24/36/40,0.7,2.01
03,H,4,150,Q,CU-03-150-4001-H-Q,34.7,3,3,0.009424778,7.06858E-06,240,-4.85,0.3,48,7.7,1,3,8,3,3,3,3,0.25,0.25,0.25,0.25,8/16/28/36/38/38/38/38,0.7,2.64
03,S,1,250,L,CB-03-250-1001-S-L,118,36.5,8,0.098132741,0.000288788,16,-4.85,0.3,50,15.8,4.5625,11.77132102,-,-,-,-,,1,-,-,,,0.4372,2.8
03,S,1,250,L,CU-03-250-1001-S-L,149.1,39,8,0.103132741,0.000308568,16,-4.85,0.3,50,7.8,4.875,11.9677998,-,-,-,-,,1,-,-,,,0.4372,2.8
03,H,1,250,L,CU-03-250-1001-H-L,102,3,3,0.009424778,7.06858E-06,360,-4.85,0.3,50,7.8,1,3,15,3,-,-,,1,-,-,,,0.6811,-0.21
03,H,1,250,L,CB-03-250-1001-H-L,88.4,3,3,0.009424778,7.06858E-06,312,-4.85,0.3,50,15.8,1,3,13,3,-,-,,1,-,-,,,0.6811,
03,H,1,250,E,CU-03-250-1001-H-E,52.8,3,3,0.009424778,7.06858E-06,188,-4.85,0.3,50,7.8,1,3,15,3,-,-,,1,-,-,,4/4/4/4/8/8/8/12/12/16/16/20/24/24/24/,0.6811,-0.21
03,H,1,250,Q,CU-03-250-1001-H-Q,84.3,3,3,0.009424778,7.06858E-06,300,-4.85,0.3,50,7.8,1,3,15,3,-,-,,1,-,-,,4/8/12/16/20/24/24/24/24/24/24/24/24/24/24,0.6811,-0.21
03,H,2,250,L,CU-03-250-2001-H-L,52.7,3,3,0.009424778,7.06858E-06,256,-4.85,0.3,50,8,1,3,8,3,3,-,,0.5,0.5,-,,,0.7,2.57
03,H,2,250,L,CB-03-250-2001-H-L,46.1,3,3,0.009424778,7.06858E-06,224,-4.85,0.3,50,15.9,1,3,7,2.2,3,-,,0.75,0.25,-,,,0.7,2.18
03,H,2,250,E,CU-03-250-2001-H-E,23.7,3,3,0.009424778,7.06858E-06,116,-4.85,0.3,50,8,1,3,8,3,3,-,,0.5,0.5,-,,4/4/8/8/12/20/28/32/,0.7,2.57
03,H,2,250,Q,CU-03-250-2001-H-Q,41.7,3,3,0.009424778,7.06858E-06,204,-4.85,0.3,50,8,1,3,8,2.2,3,-,,0.75,0.25,-,,4/16/24/32/32/32/32/32,0.7,2.57
03,H,3,250,L,CU-03-250-3001-H-L,43,3,3,0.009424778,7.06858E-06,256,-4.85,0.3,50,8,1,3,8,3,3,3,,0.334,0.334,0.332,,,0.7,2.57
03,H,3,250,L,CB-03-250-3001-H-L,37.6,3,3,0.009424778,7.06858E-06,224,-4.85,0.3,50,15.9,1,3,7,3,3,3,,0.334,0.334,0.332,,,0.7,2.57
03,H,3,250,E,CU-03-250-3001-H-E,22.7,3,3,0.009424778,7.06858E-06,128,-4.85,0.3,50,8,1,3,8,3,3,3,,0.334,0.334,0.332,,4/8/8/12/16/24/28/28,0.7,2.57
03,H,3,250,Q,CU-03-250-3001-H-Q,34,3,3,0.009424778,7.06858E-06,204,-4.85,0.3,50,8,1,3,8,3,3,3,,0.334,0.334,0.332,,4/16/24/32/32/32/32/32,0.7,2.57
03,H,4,250,L,CU-03-250-4001-H-L,41.9,3,3,0.009424778,7.06858E-06,288,-4.85,0.3,50,8,1,3,9,3,3,3,3,0.25,0.25,0.25,0.25,,0.7,1.88
03,H,4,250,L,CB-03-250-4001-H-L,37.2,3,3,0.009424778,7.06858E-06,256,-4.85,0.3,50,15.9,1,3,8,3,3,3,3,0.25,0.25,0.25,0.25,,0.7,2.2
03,H,4,250,E,CU-03-250-4001-H-E,20.2,3,3,0.009424778,7.06858E-06,140,-4.85,0.3,50,8,1,3,9,3,3,3,3,0.25,0.25,0.25,0.25,4/4/8/8/12/16/24/32/32,0.7,1.88
03,H,4,250,Q,CU-03-250-4001-H-Q,32.4,3,3,0.009424778,7.06858E-06,224,-4.85,0.3,50,8,1,3,9,3,3,3,3,0.25,0.25,0.25,0.25,4/12/20/28/32/32/32/32/32,0.7,1.88
04,S,1,015,L,CB-04-015-1001-S-L,433,52,10,0.135415927,0.00051428,24,-4.85,0.3,66,14.7,5.2,15.19112303,-,-,-,-,,1,-,-,,,0.5927,2.83
04,S,1,015,L,CU-04-015-1001-S-L,444,54,10,0.139415927,0.00053406,20,-4.85,0.3,66,7.7,5.4,15.32278308,-,-,-,-,,1,-,-,,,0.61,2.83
04,H,1,015,L,CU-04-015-1001-H-L,311.14,4,4,0.012566371,1.25664E-05,576,-4.85,0.3,66,7.7,1,4,18,4,-,-,,1,-,-,,,0.7303,-0.85
04,H,1,015,L,CB-04-015-1001-H-L,276.57,4,4,0.012566371,1.25664E-05,512,-4.85,0.3,66,14.7,1,4,16,4,-,-,-,1,-,-,,,0.7303,-0.38
04,H,1,015,E,CU-04-015-1001-H-E,145.7,4,4,0.012566371,1.25664E-05,272,-4.85,0.3,66,7.7,1,4,18,4,-,-,,1,-,-,,4/4/4/4/8/8/8/8/12/12/16/16/20/24/28/32/32/32/,0.7303,-0.85
04,H,1,015,Q,CU-04-015-1001-H-Q,248.6,4,4,0.012566371,1.25664E-05,464,-4.85,0.3,66,7.7,1,4,18,4,-,-,,1,-,-,,4/8/12/16/20/24/28/32/32/32/32/32/32/32/32/32/32/32,0.7303,-0.85
04,H,2,015,L,CU-04-015-2001-H-L,146.4,4,4,0.012566371,1.25664E-05,400,-4.85,0.3,66,8.5,1,4,10,4,4,-,,0.5,0.5,-,,,0.7,1.94
04,H,2,015,L,CB-04-015-2001-H-L,131.7,4,4,0.012566371,1.25664E-05,360,-4.85,0.3,66,15.8,1,4,9,3,4,-,-,0.68,0.32,-,,,0.7,1.78
04,H,2,015,E,CU-04-015-2001-H-E,63.9,4,4,0.012566371,1.25664E-05,160,-4.85,0.3,66,8.5,1,4,10,4,4,-,,0.5,0.5,-,,4/4/8/8/12/16/20/28/36/40,0.7,1.94
04,H,2,015,Q,CU-04-015-2001-H-Q,114.8,4,4,0.012566371,1.25664E-05,316,-4.85,0.3,66,8.5,1,4,9,3,4,-,,0.72,0.28,-,,8/12/24/32/40/40/40/40/40/40,0.7,1.81
04,H,3,015,L,CU-04-015-3001-H-L,119.5,4,4,0.012566371,1.25664E-05,400,-4.85,0.3,66,8.5,1,4,10,4,4,4,,0.334,0.334,0.332,,,0.7,1.94
04,H,3,015,L,CB-04-015-3001-H-L,107.5,4,4,0.012566371,1.25664E-05,360,-4.85,0.3,66,15.8,1,4,9,4,4,4,,0.334,0.334,0.332,,,0.7,1.78
04,H,3,015,E,CU-04-015-3001-H-E,52.2,4,4,0.012566371,1.25664E-05,160,-4.85,0.3,66,8.5,1,4,10,4,4,4,,0.334,0.334,0.332,,4/4/8/8/12/16/20/28/36/40,0.7,1.94
04,H,3,015,Q,CU-04-015-3001-H-Q,93.7,4,4,0.012566371,1.25664E-05,316,-4.85,0.3,66,8.5,1,4,10,4,4,4,,0.334,0.334,0.332,,8/16/28/40/44/44/44/44/44/,0.7,1.81
04,H,4,015,L,CU-04-015-4001-H-L,103.5,4,4,0.012566371,1.25664E-05,400,-4.85,0.3,66,8.5,1,4,10,4,4,4,4,0.25,0.25,0.25,0.25,,0.7,1.94
04,H,4,015,L,CB-04-015-4001-H-L,93.1,4,4,0.012566371,1.25664E-05,360,-4.85,0.3,66,15.8,1,4,9,4,4,4,4,0.25,0.25,0.25,0.25,,0.7,1.78
04,H,4,015,E,CU-04-015-4001-H-E,45.2,4,4,0.012566371,1.25664E-05,160,-4.85,0.3,66,8.5,1,4,10,4,4,4,4,0.25,0.25,0.25,0.25,4/4/8/8/12/16/20/28/36/40,0.7,1.94
04,H,4,015,Q,CU-04-015-4001-H-Q,81.1,40,4,0.125663706,0.001256637,316,-4.85,0.3,66,8.5,1,4,10,4,4,4,4,0.25,0.25,0.25,0.25,8/12/24/32/40/40/40/40/40/40,0.7,1.94
04,S,1,030,L,CB-04-030-1001-S-L,433,52,10,0.135415927,0.00051428,24,-4.85,0.3,66,14.7,5.2,15.19112303,-,-,-,-,,1,-,-,,,0.5861,2.83
04,S,1,030,L,CU-04-030-1001-S-L,444,54,10,0.139415927,0.00053406,20,-4.85,0.3,66,7.7,5.4,15.32278308,-,-,-,-,,1,-,-,,,0.61,2.83
04,H,1,030,L,CU-04-030-1001-H-L,311.14,4,4,0.012566371,1.25664E-05,576,-4.85,0.3,66,7.7,1,4,18,4,-,-,,1,-,-,,,0.7303,-0.85
04,H,1,030,L,CB-04-030-1001-H-L,276.5,4,4,0.012566371,1.25664E-05,512,-4.85,0.3,66,14.7,1,4,16,4,-,-,,1,-,-,,,0.7303,-0.85
04,H,1,030,E,CU-04-030-1001-H-E,145.7,4,4,0.012566371,1.25664E-05,248,-4.85,0.3,66,7.7,1,4,18,4,-,-,,1,-,-,,4/4/4/4/8/8/8/8/12/12/16/16/20/24/28/32/32/32/,0.7303,-0.85
04,H,1,030,Q,CU-04-030-1001-H-Q,248.6,4,4,0.012566371,1.25664E-05,464,-4.85,0.3,66,7.7,1,4,18,4,-,-,,1,-,-,,4/8/12/16/20/24/28/32/32/32/32/32/32/32/32/32/32/32,0.7303,-0.85
04,H,2,030,L,CU-04-030-2001-H-L,146.4,4,4,0.012566371,1.25664E-05,400,-4.85,0.3,66,8.5,1,4,10,4,4,-,,0.5,0.5,-,,,0.7,1.94
04,H,2,030,L,CB-04-030-2001-H-L,131.7,4,4,0.012566371,1.25664E-05,360,-4.85,0.3,66,15.8,1,4,9,3,4,-,,0.72,0.28,-,,,0.7,1.78
04,H,2,030,E,CU-04-030-2001-H-E,63.9,4,4,0.012566371,1.25664E-05,160,-4.85,0.3,66,8.5,1,4,10,4,4,-,,0.5,0.5,-,,4/4/8/8/12/16/20/28/36/40,0.7,1.94
04,H,2,030,Q,CU-04-030-2001-H-Q,114.8,4,4,0.012566371,1.25664E-05,316,-4.85,0.3,66,8.5,1,4,9,3,4,-,,0.72,0.28,-,,8/12/24/32/40/40/40/40/40/40,0.7,1.81
04,H,3,030,L,CU-04-030-3001-H-L,119.5,4,4,0.012566371,1.25664E-05,400,-4.85,0.3,66,8.5,1,4,10,4,4,4,,0.334,0.334,0.332,,,0.7,1.94
04,H,3,030,L,CB-04-030-3001-H-L,107.5,4,4,0.012566371,1.25664E-05,360,-4.85,0.3,66,15.8,1,4,9,4,4,4,,0.334,0.334,0.332,,,0.7,2.6
04,H,3,030,E,CU-04-030-3001-H-E,52.2,4,4,0.012566371,1.25664E-05,160,-4.85,0.3,66,8.5,1,4,10,4,4,4,,0.334,0.334,0.332,,4/4/8/8/12/16/20/28/36/40,0.7,1.94
04,H,3,030,Q,CU-04-030-3001-H-Q,93.7,4,4,0.012566371,1.25664E-05,316,-4.85,0.3,66,8.5,1,4,10,4,4,4,,0.334,0.334,0.332,,8/16/28/40/44/44/44/44/44/,0.7,1.81
04,H,4,030,L,CU-04-030-4001-H-L,103.5,4,4,0.012566371,1.25664E-05,400,-4.85,0.3,66,8.5,1,4,10,4,4,4,4,0.25,0.25,0.25,0.25,,0.7,1.94
04,H,4,030,L,CB-04-030-4001-H-L,93.1,4,4,0.012566371,1.25664E-05,360,-4.85,0.3,66,15.8,1,4,9,4,4,4,4,0.25,0.25,0.25,0.25,,0.7,2.6
04,H,4,030,E,CU-04-030-4001-H-E,45.2,4,4,0.012566371,1.25664E-05,160,-4.85,0.3,66,8.5,1,4,10,4,4,4,4,0.25,0.25,0.25,0.25,4/4/8/8/12/16/20/28/36/40,0.7,1.94
04,H,4,030,Q,CU-04-030-4001-H-Q,81.1,4,4,0.012566371,1.25664E-05,316,-4.85,0.3,66,8.5,1,4,10,4,4,4,4,0.25,0.25,0.25,0.25,8/12/24/32/40/40/40/40/40/40,0.7,2.69
04,S,1,060,L,CB-04-060-1001-S-L,433,52,10,0.135415927,0.00051428,24,-4.85,0.3,66,14.7,5.2,15.19112303,-,-,-,-,,1,-,-,,,0.5847,2.83
04,S,1,060,L,CU-04-060-1001-S-L,438,54,10,0.139415927,0.00053406,20,-4.85,0.3,66,7.4,5.4,15.32278308,-,-,-,-,,1,-,-,,,0.602,5.39
04,H,1,060,L,CU-04-060-1001-H-L,270.75,4,4,0.012566371,1.25664E-05,576,-4.85,0.3,66,7.4,1,4,18,4,-,-,,1,-,-,,,0.6355,-0.85
04,H,1,060,L,CB-04-060-1001-H-L,276.5,4,4,0.012566371,1.25664E-05,512,-4.85,0.3,66,14.7,1,4,16,4,-,-,,1,-,-,,,0.7303,-0.85
04,H,1,060,E,CU-04-060-1001-H-E,126.8,4,4,0.012566371,1.25664E-05,248,-4.85,0.3,66,7.4,1,4,18,4,-,-,,1,-,-,,4/4/4/4/8/8/8/8/12/12/16/16/20/24/28/32/32/32/,0.6355,-0.85
04,H,1,060,Q,CU-04-060-1001-H-Q,216.3,4,4,0.012566371,1.25664E-05,464,-4.85,0.3,66,7.4,1,4,18,4,-,-,,1,-,-,,4/8/12/16/20/24/28/32/32/32/32/32/32/32/32/32/32/32,0.6355,-0.85
04,H,2,060,L,CU-04-060-2001-H-L,146.4,4,4,0.012566371,1.25664E-05,400,-4.85,0.3,66,7.4,1,4,10,4,4,-,,0.5,0.5,-,,,0.7,2.07
04,H,2,060,L,CB-04-060-2001-H-L,131.7,4,4,0.012566371,1.25664E-05,360,-4.85,0.3,66,15.7,1,4,8,3,4,-,,0.748,0.252,-,,,0.7,2.61
04,H,2,060,E,CU-04-060-2001-H-E,63.9,4,4,0.012566371,1.25664E-05,160,-4.85,0.3,66,7.4,1,4,10,4,4,-,,0.5,0.5,-,,4/4/8/8/12/16/20/28/36/40,0.7,2.07
04,H,2,060,Q,CU-04-060-2001-H-Q,114.8,4,4,0.012566371,1.25664E-05,316,-4.85,0.3,66,7.4,1,4,10,3,4,-,,0.72,0.28,-,,8/12/24/32/40/40/40/40/40/40,0.71,1.17
04,H,3,060,L,CU-04-060-3001-H-L,119.5,4,4,0.012566371,1.25664E-05,400,-4.85,0.3,66,7.4,1,4,10,4,4,4,,0.334,0.334,0.332,,,0.7,2.07
04,H,3,060,L,CB-04-060-3001-H-L,107.5,4,4,0.012566371,1.25664E-05,360,-4.85,0.3,66,15.7,1,4,9,4,4,4,,0.334,0.334,0.332,,,0.7,1.79
04,H,3,060,E,CU-04-060-3001-H-E,52.2,4,4,0.012566371,1.25664E-05,160,-4.85,0.3,66,7.4,1,4,10,4,4,4,,0.334,0.334,0.332,,4/4/8/8/12/16/20/28/36/40,0.7,2.07
04,H,3,060,Q,CU-04-060-3001-H-Q,93.7,4,4,0.012566371,1.25664E-05,316,-4.85,0.3,66,7.4,1,4,10,4,4,4,,0.334,0.334,0.332,,8/20/32/44/48/48/48/48/48/,0.7,1.81
04,H,4,060,L,CU-04-060-4001-H-L,103.5,4,4,0.012566371,1.25664E-05,400,-4.85,0.3,66,7.4,1,4,10,4,4,4,4,0.25,0.25,0.25,0.25,,0.7,2.07
04,H,4,060,L,CB-04-060-4001-H-L,93.1,4,4,0.012566371,1.25664E-05,360,-4.85,0.3,66,15.7,1,4,9,4,4,4,4,0.25,0.25,0.25,0.25,,0.7,2.61
04,H,4,060,E,CU-04-060-4001-H-E,45.2,4,4,0.012566371,1.25664E-05,160,-4.85,0.3,66,7.4,1,4,10,4,4,4,4,0.25,0.25,0.25,0.25,4/4/8/8/12/16/20/28/36/40,0.7,2.07
04,H,4,060,Q,CU-04-060-4001-H-Q,81.1,4,4,0.012566371,1.25664E-05,316,-4.85,0.3,66,7.4,1,4,10,4,4,4,4,0.25,0.25,0.25,0.25,8/12/24/32/40/40/40/40/40/40,0.7,2.07
04,S,1,090,L,CB-04-090-1001-S-L,433,50,10,0.131415927,0.0004945,24,-4.85,0.3,66,14.7,5,15.05144812,-,-,-,-,,1,-,-,,,0.6248,2.83
04,S,1,090,L,CU-04-090-1001-S-L,454,54,10,0.139415927,0.00053406,20,-4.85,0.3,66,7.4,5.4,15.32278308,-,-,-,-,,1,-,-,,,0.6248,2.83
04,H,1,090,L,CU-04-090-1001-H-L,282,4,4,0.012566371,1.25664E-05,576,-4.85,0.3,66,7.4,1,4,18,4,-,-,,1,-,-,,,0.7303,-0.79
04,H,1,090,L,CB-04-090-1001-H-L,276.5,4,4,0.012566371,1.25664E-05,576,-4.85,0.3,66,14.7,1,4,18,4,-,-,,1,-,-,,,0.7303,
04,H,1,090,E,CU-04-090-1001-H-E,132.1,4,4,0.012566371,1.25664E-05,248,-4.85,0.3,66,7.4,1,4,18,4,-,-,,1,-,-,,4/4/4/4/8/8/8/8/12/12/16/16/20/24/28/32/32/32/,0.6619,-0.79
04,H,1,090,Q,CU-04-090-1001-H-Q,216.3,4,4,0.012566371,1.25664E-05,464,-4.85,0.3,66,7.4,1,4,18,4,-,-,,1,-,-,,4/8/12/16/20/24/28/32/32/32/32/32/32/32/32/32/32/32,0.6619,-0.79
04,H,2,090,L,CU-04-090-2001-H-L,146.4,4,4,0.012566371,1.25664E-05,400,-4.85,0.3,66,7.4,1,4,10,4,4,-,,0.5,0.5,-,,,0.7,2.07
04,H,2,090,L,CB-04-090-2001-H-L,131.7,4,4,0.012566371,1.25664E-05,360,-4.85,0.3,66,15.7,1,4,8,3,4,-,,0.75,0.25,-,,,0.7,2.61
04,H,2,090,E,CU-04-090-2001-H-E,63.9,4,4,0.012566371,1.25664E-05,160,-4.85,0.3,66,7.4,1,4,10,4,4,-,,0.5,0.5,-,,4/4/8/8/12/16/20/28/36/40,0.7,2.07
04,H,2,090,Q,CU-04-090-2001-H-Q,114.8,4,4,0.012566371,1.25664E-05,316,-4.85,0.3,66,7.4,1,4,10,3,4,-,,0.72,0.28,-,,8/12/24/32/40/40/40/40/40/40,0.71,1.17
04,H,3,090,L,CU-04-090-3001-H-L,119.5,4,4,0.012566371,1.25664E-05,400,-4.85,0.3,66,7.4,1,4,10,4,4,4,,0.334,0.334,0.332,,,0.7,2.07
04,H,3,090,L,CB-04-090-3001-H-L,107.5,4,4,0.012566371,1.25664E-05,360,-4.85,0.3,66,15.7,1,4,9,4,4,4,,0.334,0.334,0.332,,,0.7,1.79
04,H,3,090,E,CU-04-090-3001-H-E,52.2,4,4,0.012566371,1.25664E-05,160,-4.85,0.3,66,7.4,1,4,10,4,4,4,,0.334,0.334,0.332,,4/4/8/8/12/16/20/28/36/40,0.7,2.07
04,H,3,090,Q,CU-04-090-3001-H-Q,93.7,4,4,0.012566371,1.25664E-05,316,-4.85,0.3,66,7.4,1,4,10,4,4,4,,0.334,0.334,0.332,,8/20/32/44/48/48/48/48/48/,0.7,1.81
04,H,4,090,L,CU-04-090-4001-H-L,103.5,4,4,0.012566371,1.25664E-05,400,-4.85,0.3,66,7.4,1,4,10,4,4,4,4,0.25,0.25,0.25,0.25,,0.7,2.07
04,H,4,090,L,CB-04-090-4001-H-L,93.1,4,4,0.012566371,1.25664E-05,360,-4.85,0.3,66,15.7,1,4,9,4,4,4,4,0.25,0.25,0.25,0.25,,0.7,2.61
04,H,4,090,E,CU-04-090-4001-H-E,45.2,4,4,0.012566371,1.25664E-05,160,-4.85,0.3,66,7.4,1,4,10,4,4,4,4,0.25,0.25,0.25,0.25,4/4/8/8/12/16/20/28/36/40,0.7,2.07
04,H,4,090,Q,CU-04-090-4001-H-Q,81.1,4,4,0.012566371,1.25664E-05,316,-4.85,0.3,66,7.4,1,4,10,4,4,4,4,0.25,0.25,0.25,0.25,8/12/24/32/40/40/40/40/40/40,0.7,1.81
04,S,1,150,L,CB-04-150-1001-S-L,303,52,10,0.135415927,0.00051428,20,-4.85,0.3,66.5,15.7,5.2,15.19112303,-,-,-,-,,1,-,-,,,0.5048,3.82
04,S,1,150,L,CU-04-150-1001-S-L,321,55,10,0.141415927,0.00054395,16,-4.85,0.3,66.5,8.7,5.5,15.38582006,-,-,-,-,,1,-,-,,,0.543,3.82
04,H,1,150,L,CU-04-150-1001-H-L,208,4,4,0.012566371,1.25664E-05,504,-4.85,0.3,66.5,8.7,1,4,18,4,-,-,,1,-,-,,,0.5593,-0.85
04,H,1,150,L,CB-04-150-1001-H-L,145.6,4,4,0.012566371,1.25664E-05,352,-4.85,0.3,66.5,15.7,1,4,16,4,-,-,,1,-,-,,,0.5593,-0.88
04,H,1,150,E,CU-04-150-1001-H-E,106.7,4,4,0.012566371,1.25664E-05,236,-4.85,0.3,66.5,8.7,1,4,18,4,-,-,,1,-,-,,4/4/4/4/8/8/8/8/12/12/16/16/20/24/28/28/28/28/,0.5593,-0.85
04,H,1,150,Q,CU-04-150-1001-H-Q,162.5,4,4,0.012566371,1.25664E-05,396,-4.85,0.3,66.5,8.7,1,4,18,4,-,-,,1,-,-,,4/4/8/12/16/20/24/28/28/28/28/28/28/28/28/28/28/28,0.5593,-0.85
04,H,2,150,L,CU-04-150-2001-H-L,131.8,4,4,0.012566371,1.25664E-05,360,-4.85,0.3,66.5,8.5,1,4,10,4,4,-,,0.5,0.5,-,,,0.7,2
04,H,2,150,L,CB-04-150-2001-H-L,118.6,4,4,0.012566371,1.25664E-05,324,-4.85,0.3,66.5,15.7,1,4,9,3,4,-,,0.72,0.28,-,,,0.7,1.85
04,H,2,150,E,CU-04-150-2001-H-E,62.5,4,4,0.012566371,1.25664E-05,153,-4.85,0.3,66.5,8.5,1,4,10,4,4,-,,0.5,0.5,-,,4/4/8/8/12/16/20/28/36/36,0.7,2
04,H,2,150,Q,CU-04-150-2001-H-Q,101.7,4,4,0.012566371,1.25664E-05,280,-4.85,0.3,66.5,8.5,1,4,10,3,4,-,,0.72,0.28,-,,4/12/20/28/36/36/36/36/36/36,0.7,1.17
04,H,3,150,L,CU-04-150-3001-H-L,107.6,4,4,0.012566371,1.25664E-05,360,-4.85,0.3,66.5,8.5,1,4,9,4,4,4,,0.334,0.334,0.332,,,0.7,1.81
04,H,3,150,L,CB-04-150-3001-H-L,95.6,4,4,0.012566371,1.25664E-05,320,-4.85,0.3,66.5,15.7,1,4,8,4,4,4,,0.334,0.334,0.332,,,0.7,1.85
04,H,3,150,E,CU-04-150-3001-H-E,54.6,4,4,0.012566371,1.25664E-05,176,-4.85,0.3,66.5,8.5,1,4,9,4,4,4,,0.334,0.334,0.332,,4/8/8/12/16/20/28/40/40,0.7,2
04,H,3,150,Q,CU-04-150-3001-H-Q,85.4,4,4,0.012566371,1.25664E-05,288,-4.85,0.3,66.5,8.5,1,4,9,4,4,4,,0.334,0.334,0.332,,8/16/28/36/40/40/40/40/40,0.7,1.81
04,H,4,150,L,CU-04-150-4001-H-L,93.2,4,4,0.012566371,1.25664E-05,360,-4.85,0.3,66.5,8.5,1,4,10,4,4,4,4,0.25,0.25,0.25,0.25,,0.7,2
04,H,4,150,L,CB-04-150-4001-H-L,83.8,4,4,0.012566371,1.25664E-05,324,-4.85,0.3,66.5,15.7,1,4,9,4,4,4,4,0.25,0.25,0.25,0.25,,0.7,2.69
04,H,4,150,E,CU-04-150-4001-H-E,44.2,4,4,0.012566371,1.25664E-05,153,-4.85,0.3,66.5,8.5,1,4,10,4,4,4,4,0.25,0.25,0.25,0.25,4/4/8/8/12/16/20/28/36/36,0.7,2
04,H,4,150,Q,CU-04-150-4001-H-Q,71.9,4,4,0.012566371,1.25664E-05,280,-4.85,0.3,66.5,8.5,1,4,10,4,4,4,4,0.25,0.25,0.25,0.25,4/12/20/28/36/36/36/36/36/36,0.7,2
04,S,1,250,L,CB-04-250-1001-S-L,197,45,10,0.121415927,0.00044505,16,-4.85,0.3,60,15.5,4.5,14.66199741,-,-,-,-,,1,-,-,,,0.4737,3.74
04,S,1,250,L,CU-04-250-1001-S-L,249,48,10,0.127415927,0.00047472,16,-4.85,0.3,60,8.3,4.8,14.90300351,-,-,-,-,,1,-,-,,,0.4737,3.74
04,H,1,250,L,CU-04-250-1001-H-L,190,4,4,0.012566371,1.25664E-05,384,-4.85,0.3,60,8.3,1,4,16,4,-,-,,1,-,-,,,0.5946,-0.81
04,H,1,250,L,CB-04-250-1001-H-L,147.8,4,4,0.012566371,1.25664E-05,336,-4.85,0.3,60,15.5,1,4,14,4,-,-,,1,-,-,,,0.5946,-0.88
04,H,1,250,E,CU-04-250-1001-H-E,78.8,4,4,0.012566371,1.25664E-05,172,-4.85,0.3,60,8.3,1,4,16,4,-,-,,1,-,-,,4/4/4/4/4/8/8/8/12/12/16/16/20/24/24/24/,0.5946,-0.81
04,H,1,250,Q,CU-04-250-1001-H-Q,132.6,4,4,0.012566371,1.25664E-05,304,-4.85,0.3,60,8.3,1,4,16,4,-,-,,1,-,-,,4/4/8/12/16/20/24/24/24/24/24/24/24/24/24/24,0.5946,-0.81
04,H,2,250,L,CU-04-250-2001-H-L,105.4,4,4,0.012566371,1.25664E-05,288,-4.85,0.3,50,8,1,4,9,4,4,-,,0.5,0.5,-,,,0.7,1.97
04,H,2,250,L,CB-04-250-2001-H-L,93.6,4,4,0.012566371,1.25664E-05,256,-4.85,0.3,50,15.9,1,4,7,3,4,-,,0.72,0.28,-,,,0.7,2.75
04,H,2,250,E,CU-04-250-2001-H-E,50.4,4,4,0.012566371,1.25664E-05,124,-4.85,0.3,50,8,1,4,9,4,4,-,,0.5,0.5,-,,4/4/8/8/12/16/24/32/32,0.7,1.97
04,H,2,250,Q,CU-04-250-2001-H-Q,81.3,4,4,0.012566371,1.25664E-05,224,-4.85,0.3,50,8,1,4,9,3,4,-,,0.72,0.28,-,,4/12/20/28/32/32/32/32/32,0.7,1.97
04,H,3,250,L,CU-04-250-3001-H-L,75.3,4,4,0.012566371,1.25664E-05,252,-4.85,0.3,50,8,1,4,9,4,4,4,,0.334,0.334,0.332,,,0.7,1.97
04,H,3,250,L,CB-04-250-3001-H-L,66.9,4,4,0.012566371,1.25664E-05,224,-4.85,0.3,50,15.9,1,4,8,4,4,4,,0.334,0.334,0.332,,,0.7,2.75
04,H,3,250,E,CU-04-250-3001-H-E,41.5,4,4,0.012566371,1.25664E-05,132,-4.85,0.3,50,8,1,4,9,4,4,4,,0.334,0.334,0.332,,4/4/8/8/12/16/24/28/28,0.7,1.97
04,H,3,250,Q,CU-04-250-3001-H-Q,60.5,4,4,0.012566371,1.25664E-05,204,-4.85,0.3,50,8,1,4,9,4,4,4,,0.334,0.334,0.332,,4/12/20/28/28/28/28/28/28,0.7,1.79
04,H,4,250,L,CU-04-250-4001-H-L,65.2,3.1,3.1,0.009738937,7.54768E-06,252,-4.85,0.3,50,8,1,3.1,9,4,4,4,4,0.25,0.25,0.25,0.25,,0.7,1.97
04,H,4,250,L,CB-04-250-4001-H-L,57.9,3.1,3.1,0.009738937,7.54768E-06,224,-4.85,0.3,50,15.9,1,3.1,8,4,4,4,4,0.25,0.25,0.25,0.25,,0.7,2.07
04,H,4,250,E,CU-04-250-4001-H-E,32.9,3.1,3.1,0.009738937,7.54768E-06,112,-4.85,0.3,50,8,1,3.1,9,4,4,4,4,0.25,0.25,0.25,0.25,4/4/8/8/12/16/20/28/28,0.7,1.97
04,H,4,250,Q,CU-04-250-4001-H-Q,52.4,3.1,3.1,0.009738937,7.54768E-06,204,-4.85,0.3,60,8,1,3.1,9,4,4,4,4,0.25,0.25,0.25,0.25,4/12/20/28/28/28/28/28/28,0.7,2.31
06,S,1,015,L,CB-06-015-1001-S-L,836,60,14,0.163982297,0.00083076,24,-4.85,0.3,76,17.5,4.285714286,20.26462647,-,-,-,-,,1,-,-,,,0.7207,3.8
06,S,1,015,L,CU-06-015-1001-S-L,880,63,14,0.169982297,0.000872298,26,-4.85,0.3,76,9.1,4.5,20.52679637,-,-,-,-,,1,-,-,,,0.5555,3.8
06,H,1,015,L,CU-06-015-1001-H-L,686,4,4,0.012566371,1.25664E-05,1008,-4.85,0.3,76,9.1,1,4,21,4,-,-,,1,-,-,,,0.9201,-0.89
06,H,1,015,L,CB-06-015-1001-H-L,588,4,4,0.012566371,1.25664E-05,864,-4.85,0.3,76,17.5,1,4,18,4,-,-,,1,-,-,,,0.9201,-0.84
06,H,1,015,E,CU-06-015-1001-H-E,302.4,4,4,0.012566371,1.25664E-05,416,-4.85,0.3,76,9.1,1,4,21,4,-,-,,1,-,-,,4/4/8/8/8/8/8/12/12/12/16/20/20/24/28/32/36/44/48/48/48/,0.9201,-0.89
06,H,1,015,Q,CU-06-015-1001-H-Q,531.9,4,4,0.012566371,1.25664E-05,788,-4.85,0.3,76,9.1,1,4,21,4,-,-,,1,-,-,,4/8/12/16/24/28/36/40/44/48/48/48/48/48/48/48/48/48/48/48/48,0.9201,-0.89
06,H,2,015,L,CU-06-015-2001-H-L,225.5,4,4,0.012566371,1.25664E-05,616,-4.85,0.3,76,9.1,1,4,11,4,4,-,,0.5,0.5,-,,,0.7,2.73
06,H,2,015,L,CB-06-015-2001-H-L,205,4,4,0.012566371,1.25664E-05,560,-4.85,0.3,76,17.1,1,4,10,3,4,-,,0.72,0.28,-,,,0.7,2.01
06,H,2,015,E,CU-06-015-2001-H-E,106.89,4,4,0.012566371,1.25664E-05,292,-4.85,0.3,76,9.1,1,4,11,4,4,-,,0.5,0.5,-,,4/8/8/12/16/20/24/32/44/56/68/,0.7,2.73
06,H,2,015,Q,CU-06-015-2001-H-Q,174.3,4,4,0.012566371,1.25664E-05,480,-4.85,0.3,76,9.1,1,4,11,3,4,-,,0.72,0.28,-,,8/16/28/40/52/56/56/56/56/56/56,0.7,2.73
06,H,3,015,L,CU-06-015-3001-H-L,184.1,4,4,0.012566371,1.25664E-05,616,-4.85,0.3,76,9.1,1,4,11,4,4,4,,0.334,0.332,0.334,,,0.7,2.21
06,H,3,015,L,CB-06-015-3001-H-L,167.3,4,4,0.012566371,1.25664E-05,560,-4.85,0.3,76,17.1,1,4,10,4,4,4,,0.334,0.332,0.334,,,0.7,2.01
06,H,3,015,E,CU-06-015-3001-H-E,81.8,4,4,0.012566371,1.25664E-05,250,-4.85,0.3,76,9.1,1,4,11,4,4,4,,0.334,0.332,0.334,,4/8/8/12/16/20/24/32/40/56/56,0.7,2.21
06,H,3,015,Q,CU-06-015-3001-H-Q,142.3,4,4,0.012566371,1.25664E-05,480,-4.85,0.3,76,9.1,1,4,11,4,4,4,,0.334,0.332,0.334,,8/16/28/40/52/56/56/56/56/56/56,0.7,2.21
06,H,4,015,L,CU-06-015-4001-H-L,159.4,4,4,0.012566371,1.25664E-05,616,-4.85,0.3,76,9.1,1,4,11,4,4,4,4,0.25,0.25,0.25,0.25,,0.7,2.21
06,H,4,015,L,CB-06-015-4001-H-L,144.9,4,4,0.012566371,1.25664E-05,560,-4.85,0.3,76,17.1,1,4,10,4,4,4,4,0.25,0.25,0.25,0.25,,0.7,2.01
06,H,4,015,E,CU-06-015-4001-H-E,70.9,4,4,0.012566371,1.25664E-05,250,-4.85,0.3,76,9.1,1,4,11,4,4,4,4,0.25,0.25,0.25,0.25,4/8/8/12/16/20/24/32/40/56/56,0.7,2.21
06,H,4,015,Q,CU-06-015-4001-H-Q,123.3,4,4,0.012566371,1.25664E-05,480,-4.85,0.3,76,9.1,1,4,11,4,4,4,4,0.25,0.25,0.25,0.25,8/16/28/40/52/56/56/56/56/56/56,0.7,2.21
06,S,1,030,L,CB-06-030-1001-S-L,832,60,14,0.163982297,0.00083076,24,-4.85,0.3,76,17.5,4.285714286,20.26462647,-,-,-,-,,1,-,-,,,0.7174,3.8
06,S,1,030,L,CU-06-030-1001-S-L,876,63,14,0.169982297,0.000872298,24,-4.85,0.3,76,9.1,4.5,20.52679637,-,-,-,-,,1,-,-,,,0.7174,3.8
06,H,1,030,L,CU-06-030-1001-H-L,689,4,4,0.012566371,1.25664E-05,1008,-4.85,0.3,76,9.1,1,4,21,4,-,-,,1,-,-,,,0.9201,
06,H,1,030,L,CB-06-030-1001-H-L,588,4,4,0.012566371,1.25664E-05,864,-4.85,0.3,76,17.5,1,4,18,4,-,-,,1,-,-,,,0.9201,-0.84
06,H,1,030,E,CU-06-030-1001-H-E,302.4,4,4,0.012566371,1.25664E-05,400,-4.85,0.3,76,9.1,1,4,21,4,-,-,,1,-,-,,4/4/8/8/8/8/8/12/12/12/16/20/20/24/28/32/36/44/48/48/48/,0.9201,
06,H,1,030,Q,CU-06-030-1001-H-Q,531.9,4,4,0.012566371,1.25664E-05,788,-4.85,0.3,76,9.1,1,4,21,4,-,-,,1,-,-,,4/8/12/16/24/28/36/40/44/48/48/48/48/48/48/48/48/48/48/48/48,0.9201,
06,H,2,030,L,CU-06-030-2001-H-L,225.5,4,4,0.012566371,1.25664E-05,616,-4.85,0.3,76,9.1,1,4,11,4,4,-,,0.5,0.5,-,,,0.7,1.48
06,H,2,030,L,CB-06-030-2001-H-L,205,4,4,0.012566371,1.25664E-05,560,-4.85,0.3,76,17.1,1,4,10,3,4,-,,0.72,0.28,-,,,0.7,2.01
06,H,2,030,E,CU-06-030-2001-H-E,89.321,4,4,0.012566371,1.25664E-05,244,-4.85,0.3,76,9.1,1,4,11,4,4,-,,0.5,0.5,-,,4/8/8/12/16/20/24/32/44/56/68/,0.7,1.48
06,H,2,030,Q,CU-06-030-2001-H-Q,174.3,4,4,0.012566371,1.25664E-05,480,-4.85,0.3,76,9.1,1,4,11,3,4,-,,0.72,0.28,-,,8/16/28/40/52/56/56/56/56/56/56,0.7,1.48
06,H,3,030,L,CU-06-030-3001-H-L,184.1,4,4,0.012566371,1.25664E-05,616,-4.85,0.3,76,9.1,1,4,11,4,4,4,,0.334,0.332,0.334,,,0.7,2.21
06,H,3,030,L,CB-06-030-3001-H-L,167.3,4,4,0.012566371,1.25664E-05,560,-4.85,0.3,76,17.1,1,4,10,4,4,4,,0.334,0.332,0.334,,,0.7,2.01
06,H,3,030,E,CU-06-030-3001-H-E,81.8,4,4,0.012566371,1.25664E-05,250,-4.85,0.3,76,9.1,1,4,11,4,4,4,,0.334,0.332,0.334,,4/8/8/12/16/20/24/32/40/56/56,0.7,2.21
06,H,3,030,Q,CU-06-030-3001-H-Q,142.3,4,4,0.012566371,1.25664E-05,480,-4.85,0.3,76,9.1,1,4,11,4,4,4,,0.334,0.332,0.334,,8/16/28/40/52/56/56/56/56/56/56,0.7,2.21
06,H,4,030,L,CU-06-030-4001-H-L,159.4,4,4,0.012566371,1.25664E-05,616,-4.85,0.3,76,9.1,1,4,11,4,4,4,4,0.25,0.25,0.25,0.25,,0.7,2.21
06,H,4,030,L,CB-06-030-4001-H-L,144.9,4,4,0.012566371,1.25664E-05,560,-4.85,0.3,76,17.1,1,4,10,4,4,4,4,0.25,0.25,0.25,0.25,,0.7,2.01
06,H,4,030,E,CU-06-030-4001-H-E,70.9,4,4,0.012566371,1.25664E-05,250,-4.85,0.3,76,9.1,1,4,11,4,4,4,4,0.25,0.25,0.25,0.25,4/8/8/12/16/20/24/32/40/56/56,0.7,2.21
06,H,4,030,Q,CU-06-030-4001-H-Q,123.3,4,4,0.012566371,1.25664E-05,480,-4.85,0.3,76,9.1,1,4,11,4,4,4,4,0.25,0.25,0.25,0.25,8/16/28/40/52/56/56/56/56/56/56,0.7,2.21
06,S,1,060,L,CB-06-060-1001-S-L,946,70,14,0.183982297,0.00096922,24,-4.85,0.3,84.3,17.4,5,21.07202736,-,-,-,-,,1,-,-,,,0.7027,3.8
06,S,1,060,L,CU-06-060-1001-S-L,982,72,14,0.187982297,0.000996912,24,-4.85,0.3,84.3,9.4,5.142857143,21.21289111,-,-,-,-,,1,-,-,,,0.7027,3.8
06,H,1,060,L,CU-06-060-1001-H-L,737,4,4,0.012566371,1.25664E-05,1152,-4.85,0.3,84.3,9.4,1,4,24,4,-,-,,1,-,-,,,0.8649,-0.92
06,H,1,060,L,CB-06-060-1001-H-L,620,4,4,0.012566371,1.25664E-05,968,-4.85,0.3,84.3,17.4,1,4,22,4,-,-,,1,-,-,,,0.8649,-1
06,H,1,060,E,CU-06-060-1001-H-E,322.3,4,4,0.012566371,1.25664E-05,480,-4.85,0.3,84.3,9.4,1,4,24,4,-,-,,1,-,-,,4/4/4/8/8/8/8/8/12/12/12/16/16/20/20/24/28/32/36/40/44/48/48/48/,0.8649,
06,H,1,060,Q,CU-06-060-1001-H-Q,576.2,4,4,0.012566371,1.25664E-05,908,-4.85,0.3,84.3,9.4,1,4,24,4,-,-,,1,-,-,,4/8/12/16/20/24/32/36/40/44/48/48/48/48/48/48/48/48/48/48/48/48/48/48,0.8649,
06,H,2,060,L,CU-06-060-2001-H-L,246,4,4,0.012566371,1.25664E-05,672,-4.85,0.3,84.3,9,1,4,12,4,4,-,,0.5,0.5,-,,,0.7,2.48
06,H,2,060,L,CB-06-060-2001-H-L,225.5,4,4,0.012566371,1.25664E-05,616,-4.85,0.3,84.3,16.9,1,4,11,3,4,-,,0.721,0.278,-,,,0.7,2.34
06,H,2,060,E,CU-06-060-2001-H-E,114.21,4,4,0.012566371,1.25664E-05,312,-4.85,0.3,84.3,9,1,4,12,4,4,-,,0.5,0.5,-,,4/8/8/12/12/16/20/28/36/44/60/64/,0.7,2.48
06,H,2,060,Q,CU-06-060-2001-H-Q,190.3,4,4,0.012566371,1.25664E-05,524,-4.85,0.3,84.3,9,1,4,12,3,4,-,,0.72,0.28,-,,8/16/24/36/48/56/56/56/56/56/56/56,0.7,2.48
06,H,3,060,L,CU-06-060-3001-H-L,200.8,4,4,0.012566371,1.25664E-05,672,-4.85,0.3,84.3,9,1,4,12,4,4,4,,0.334,0.332,0.334,,,0.7,2.48
06,H,3,060,L,CB-06-060-3001-H-L,184,4,4,0.012566371,1.25664E-05,616,-4.85,0.3,84.3,16.9,1,4,11,4,4,4,,0.334,0.332,0.334,,,0.7,2.34
06,H,3,060,E,CU-06-060-3001-H-E,86.6,4,4,0.012566371,1.25664E-05,267,-4.85,0.3,84.3,9,1,4,12,4,4,4,,0.334,0.332,0.334,,4/8/8/12/12/16/20/24/32/44/56/56,0.7,2.48
06,H,3,060,Q,CU-06-060-3001-H-Q,155.4,4,4,0.012566371,1.25664E-05,524,-4.85,0.3,84.3,9,1,4,12,4,4,4,,0.334,0.332,0.334,,8/16/24/36/48/56/56/56/56/56/56/56,0.7,2.48
06,H,4,060,L,CU-06-060-4001-H-L,174,4,4,0.012566371,1.25664E-05,672,-4.85,0.3,84.3,9,1,4,12,4,4,4,4,0.25,0.25,0.25,0.25,,0.7,2.48
06,H,4,060,L,CB-06-060-4001-H-L,159.5,4,4,0.012566371,1.25664E-05,612,-4.85,0.3,84.3,16.9,1,4,11,4,4,4,4,0.25,0.25,0.25,0.25,,0.7,
06,H,4,060,E,CU-06-060-4001-H-E,75,4,4,0.012566371,1.25664E-05,267,-4.85,0.3,84.3,9,1,4,12,4,4,4,4,0.25,0.25,0.25,0.25,4/8/8/12/12/16/20/24/32/44/56/56,0.7,2.48
06,H,4,060,Q,CU-06-060-4001-H-Q,134.6,4,4,0.012566371,1.25664E-05,524,-4.85,0.3,84.3,9,1,4,12,4,4,4,4,0.25,0.25,0.25,0.25,8/16/24/36/48/56/56/56/56/56/56/56,0.7,2.48
06,S,1,090,L,CB-06-090-1001-S-L,936,69,14,0.181982297,0.000955374,24,-4.85,0.3,84.3,17.4,4.928571429,20.99927334,-,-,-,-,,1,-,-,,,0.6941,3.8
06,S,1,090,L,CU-06-090-1001-S-L,982,72,14,0.187982297,0.000996912,24,-4.85,0.3,84.3,9.4,5.142857143,21.21289111,-,-,-,-,,1,-,-,,,0.6941,3.8
06,H,1,090,L,CU-06-090-1001-H-L,734,4,4,0.012566371,1.25664E-05,1152,-4.85,0.3,84.3,9.4,1,4,24,4,-,-,,1,-,-,,,0.8649,-0.92
06,H,1,090,L,CB-06-090-1001-H-L,620,4,4,0.012566371,1.25664E-05,968,-4.85,0.3,84.3,17.4,1,4,22,4,-,-,,1,-,-,,,0.8649,-1
06,H,1,090,E,CU-06-090-1001-H-E,322.3,4,4,0.012566371,1.25664E-05,508,-4.85,0.3,84.3,9.4,1,4,24,4,-,-,,1,-,-,,4/4/4/8/8/8/8/8/12/12/12/16/16/20/20/24/28/32/36/40/44/48/48/48/,0.8649,
06,H,1,090,Q,CU-06-090-1001-H-Q,576.2,4,4,0.012566371,1.25664E-05,908,-4.85,0.3,84.3,9.4,1,4,24,4,-,-,,1,-,-,,4/8/12/16/20/24/32/36/40/44/48/48/48/48/48/48/48/48/48/48/48/48/48/48,0.8649,
06,H,2,090,L,CU-06-090-2001-H-L,246,4,4,0.012566371,1.25664E-05,672,-4.85,0.3,84.3,9,1,4,12,4,4,-,,0.5,0.5,-,,,0.7,2.48
06,H,2,090,L,CB-06-090-2001-H-L,225.5,4,4,0.012566371,1.25664E-05,616,-4.85,0.3,84.3,16.9,1,4,11,3,4,-,,0.72,0.28,-,,,0.7,2.34
06,H,2,090,E,CU-06-090-2001-H-E,98.107,4,4,0.012566371,1.25664E-05,268,-4.85,0.3,84.3,9,1,4,12,4,4,-,,0.5,0.5,-,,4/8/8/12/12/16/20/28/36/44/60/64/,0.7,2.48
06,H,2,090,Q,CU-06-090-2001-H-Q,190.3,4,4,0.012566371,1.25664E-05,524,-4.85,0.3,84.3,9,1,4,12,3,4,-,,0.72,0.28,-,,8/16/24/36/48/56/56/56/56/56/56/56,0.7,2.48
06,H,3,090,L,CU-06-090-3001-H-L,200.8,4,4,0.012566371,1.25664E-05,672,-4.85,0.3,84.3,9,1,4,12,4,4,4,,0.334,0.332,0.334,,,0.7,2.48
06,H,3,090,L,CB-06-090-3001-H-L,184,4,4,0.012566371,1.25664E-05,616,-4.85,0.3,84.3,16.9,1,4,11,4,4,4,,0.334,0.332,0.334,,,0.7,2.34
06,H,3,090,E,CU-06-090-3001-H-E,94.9,4,4,0.012566371,1.25664E-05,304,-4.85,0.3,84.3,9,1,4,12,4,4,4,,0.334,0.332,0.334,,4/8/8/12/12/16/20/28/36/48/56/56,0.7,2.48
06,H,3,090,Q,CU-06-090-3001-H-Q,155.4,4,4,0.012566371,1.25664E-05,524,-4.85,0.3,84.3,9,1,4,12,4,4,4,,0.334,0.332,0.334,,8/16/24/36/48/56/56/56/56/56/56/56,0.7,1.75
06,H,4,090,L,CU-06-090-4001-H-L,174,4,4,0.012566371,1.25664E-05,672,-4.85,0.3,84.3,9,1,4,12,4,4,4,4,0.25,0.25,0.25,0.25,,0.7,2.48
06,H,4,090,L,CB-06-090-4001-H-L,159.5,4,4,0.012566371,1.25664E-05,612,-4.85,0.3,84.3,16.9,1,4,11,4,4,4,4,0.25,0.25,0.25,0.25,,0.7,
06,H,4,090,E,CU-06-090-4001-H-E,75,4,4,0.012566371,1.25664E-05,267,-4.85,0.3,84.3,9,1,4,12,4,4,4,4,0.25,0.25,0.25,0.25,4/8/8/12/12/16/20/24/32/44/56/56,0.7,2.48
06,H,4,090,Q,CU-06-090-4001-H-Q,134.6,4,4,0.012566371,1.25664E-05,524,-4.85,0.3,84.3,9,1,4,12,4,4,4,4,0.25,0.25,0.25,0.25,8/16/24/36/48/56/56/56/56/56/56/56,0.7,2.48
06,S,1,150,L,CB-06-150-1001-S-L,685,71,14,0.185982297,0.000983066,20,-4.85,0.3,85,17.2,5.071428571,21.14321664,-,-,-,-,,1,-,-,,,0.5944,6.42
06,S,1,150,L,CU-06-150-1001-S-L,702,73,14,0.189982297,0.001010758,20,-4.85,0.3,85,9.2,5.214285714,21.28109861,-,-,-,-,,1,-,-,,,0.5944,6.42
06,H,1,150,L,CU-06-150-1001-H-L,595,4,4,0.012566371,1.25664E-05,1056,-4.85,0.3,85,9.2,1,4,24,4,-,-,,1,-,-,,,0.7618,-0.88
06,H,1,150,L,CB-06-150-1001-H-L,520,4,4,0.012566371,1.25664E-05,924,-4.85,0.3,85,17.2,1,4,21,4,-,-,,1,-,-,,,0.7618,-0.81
06,H,1,150,E,CU-06-150-1001-H-E,254.9,4,4,0.012566371,1.25664E-05,432,-4.85,0.3,85,9.2,1,4,24,4,-,-,,1,-,-,,4/4/4/4/8/8/8/8/8/12/12/12/16/16/20/20/24/28/32/36/40/44/44/44/,0.7618,-0.88
06,H,1,150,Q,CU-06-150-1001-H-Q,462.8,4,4,0.012566371,1.25664E-05,828,-4.85,0.3,85,9.2,1,4,24,4,-,-,,1,-,-,,4/8/8/12/20/24/28/32/36/40/44/44/44/44/44/44/44/44/44/44/44/44/44/44,0.7618,-0.88
06,H,2,150,L,CU-06-150-2001-H-L,247.5,4,4,0.012566371,1.25664E-05,676,-4.85,0.3,85,9,1,4,13,4,4,-,,0.5,0.5,-,,,0.7,2
06,H,2,150,L,CB-06-150-2001-H-L,209.4,4,4,0.012566371,1.25664E-05,572,-4.85,0.3,85,17.2,1,4,11,3,4,-,,0.72,0.28,-,,,0.7,2.38
06,H,2,150,E,CU-06-150-2001-H-E,114.21,4,4,0.012566371,1.25664E-05,312,-4.85,0.3,85,9,1,4,12,4,4,-,,0.5,0.5,-,,4/8/8/12/12/16/20/28/36/44/60/64/,0.7,2.55
06,H,2,150,Q,CU-06-150-2001-H-Q,190.3,4,4,0.012566371,1.25664E-05,524,-4.85,0.3,85,9,1,4,12,3,4,-,,0.72,0.28,-,,8/12/20/32/40/48/52/52/52/52/52/52/52,0.7,2.55
06,H,3,150,L,CU-06-150-3001-H-L,186.5,4,4,0.012566371,1.25664E-05,624,-4.85,0.3,85,9,1,4,12,4,4,4,,0.334,0.332,0.334,,,0.7,2.55
06,H,3,150,L,CB-06-150-3001-H-L,170.9,4,4,0.012566371,1.25664E-05,572,-4.85,0.3,85,17.2,1,4,11,2.4,4,4,,0.334,0.332,0.334,,,0.7,2.38
06,H,3,150,E,CU-06-150-3001-H-E,81.8,4,4,0.012566371,1.25664E-05,252,-4.85,0.3,85,9,1,4,12,4,4,4,,0.334,0.332,0.334,,4/8/8/8/12/16/20/24/32/40/52/52,0.7,2.55
06,H,3,150,Q,CU-06-150-3001-H-Q,144.7,4,4,0.012566371,1.25664E-05,488,-4.85,0.3,85,9,1,4,12,4,4,4,,0.334,0.332,0.334,,8/12/24/36/44/52/52/52/52/52/52/52,0.7,2.55
06,H,4,150,L,CU-06-150-4001-H-L,175,4,4,0.012566371,1.25664E-05,676,-4.85,0.3,85,9,1,4,13,4,4,4,4,0.25,0.25,0.25,0.25,,0.7,2
06,H,4,150,L,CB-06-150-4001-H-L,161.5,4,4,0.012566371,1.25664E-05,624,-4.85,0.3,85,17.2,1,4,12,4,4,4,4,0.25,0.25,0.25,0.25,,0.7,
06,H,4,150,E,CU-06-150-4001-H-E,74,4,4,0.012566371,1.25664E-05,288,-4.85,0.3,85,9,1,4,13,4,4,4,4,0.25,0.25,0.25,0.25,4/8/8/8/12/12/16/20/24/32/40/52/52,0.7,2
06,H,4,150,Q,CU-06-150-4001-H-Q,134.6,4,4,0.012566371,1.25664E-05,524,-4.85,0.3,85,9,1,4,13,4,4,4,4,0.25,0.25,0.25,0.25,8/12/20/32/40/48/52/52/52/52/52/52/52,0.7,2.55
06,S,1,250,L,CB-06-250-1001-S-L,450,71,14,0.185982297,0.000983066,12,-4.85,0.3,85,19.1,5.071428571,21.14321664,-,-,-,-,,1,-,-,,,0.6492,13.75
06,S,1,250,L,CU-06-250-1001-S-L,460,73,14,0.189982297,0.001010758,12,-4.85,0.3,85,10.1,5.214285714,21.28109861,-,-,-,-,,1,-,-,,,0.6492,13.75
06,H,1,250,L,CU-06-250-1001-H-L,415,6,6,0.018849556,2.82743E-05,432,-4.85,0.3,85,10.1,1,6,18,6,-,-,,1,-,-,,,0.5775,-1.95
06,H,1,250,L,CB-06-250-1001-H-L,349.7,6,6,0.018849556,2.82743E-05,364,-4.85,0.3,85,19.1,1,6,13,6,-,-,,1,-,-,,,0.5775,-1.93
06,H,1,250,E,CU-06-250-1001-H-E,213.5,6,6,0.018849556,2.82743E-05,224,-4.85,0.3,85,10.1,1,6,18,6,-,-,,1,-,-,,4/4/4/4/4/8/8/8/8/12/12/16/16/20/24/24/24/24/,0.5775,-1.95
06,H,1,250,Q,CU-06-250-1001-H-Q,331.7,6,6,0.018849556,2.82743E-05,348,-4.85,0.3,85,10.1,1,6,18,6,-,-,,1,-,-,,4/4/8/12/16/20/20/24/24/24/24/24/24/24/24/24/24/24,0.5775,-1.95
06,H,2,250,L,CU-06-250-2001-H-L,209.4,4,4,0.012566371,1.25664E-05,572,-4.85,0.3,85,8.9,1,4,13,4,4,-,,0.5,0.5,-,,,0.7,2
06,H,2,250,L,CB-06-250-2001-H-L,177.1,4,4,0.012566371,1.25664E-05,484,-4.85,0.3,85,17.9,1,4,11,3,4,-,,0.72,0.28,-,,,0.7,2.31
06,H,2,250,E,CU-06-250-2001-H-E,86.393,4,4,0.012566371,1.25664E-05,236,-4.85,0.3,85,8.9,1,4,12,4,4,-,,0.5,0.5,-,,4/8/8/8/12/16/20/24/32/40/52/52/,0.7,1.73
06,H,2,250,Q,CU-06-250-2001-H-Q,164.1,4,4,0.012566371,1.25664E-05,452,-4.85,0.3,85,8.9,1,4,12,3,4,-,,0.72,0.28,-,,4/12/20/28/36/44/44/44/44/44/44/44/44,0.7,
06,H,3,250,L,CU-06-250-3001-H-L,157.8,4,4,0.012566371,1.25664E-05,528,-4.85,0.3,85,8.9,1,4,12,4,4,4,,0.334,0.332,0.334,,,0.7,2.55
06,H,3,250,L,CB-06-250-3001-H-L,144.6,4,4,0.012566371,1.25664E-05,484,-4.85,0.3,85,17.9,1,4,11,4,4,4,,0.334,0.332,0.334,,,0.7,2.31
06,H,3,250,E,CU-06-250-3001-H-E,80.6,4,4,0.012566371,1.25664E-05,260,-4.85,0.3,85,8.9,1,4,12,4,4,4,,0.334,0.332,0.334,,4/8/8/8/12/16/20/24/32/40/44/44,0.7,2.55
06,H,3,250,Q,CU-06-250-3001-H-Q,124.5,4,4,0.012566371,1.25664E-05,420,-4.85,0.3,85,8.9,1,4,12,4,4,4,,0.334,0.332,0.334,,8/12/20/32/40/44/44/44/44/44/44/44,0.7,1.73
06,H,4,250,L,CU-06-250-4001-H-L,148,4,4,0.012566371,1.25664E-05,572,-4.85,0.3,85,8.9,1,4,13,4,4,4,4,0.25,0.25,0.25,0.25,,0.7,2.01
06,H,4,250,L,CB-06-250-4001-H-L,136.6,4,4,0.012566371,1.25664E-05,528,-4.85,0.3,85,17.9,1,4,12,4,4,4,4,0.25,0.25,0.25,0.25,,0.7,2.31
06,H,4,250,E,CU-06-250-4001-H-E,68.8,4,4,0.012566371,1.25664E-05,268,-4.85,0.3,85,8.9,1,4,12,2.3,3,3.5,4,0.566,0.222,0.132,0.08,4/8/8/8/12/16/20/24/32/40/48/48,0.7,2.01
06,H,4,250,Q,CU-06-250-4001-H-Q,115.5,4,4,0.012566371,1.25664E-05,452,-4.85,0.3,85,8.9,1,4,13,4,4,4,4,0.25,0.25,0.25,0.25,4/12/20/28/36/44/44/44/44/44/44/44/44,0.7,2.55
08,S,1,015,L,CB-08-015-1001-S-L,1310,69,20,0.200831853,0.00136482,24,-4.85,0.3,86.5,20.5,3.45,27.18333729,-,-,-,-,,1,-,-,,,0.6847,4.35
08,S,1,015,L,CU-08-015-1001-S-L,1380,73,20,0.208831853,0.00144394,24,-4.85,0.3,86.5,10.5,3.65,27.65746659,-,-,-,-,,1,-,-,,,0.6847,4.35
08,H,1,015,L,CU-08-015-1001-H-L,1120,4,4,0.012566371,1.25664E-05,1680,-4.85,0.3,86.5,10.5,1,4,24,4,-,-,,1,-,-,,,0.901,-0.87
08,H,1,015,L,CB-08-015-1001-H-L,961.2,4,4,0.012566371,1.25664E-05,1428,-4.85,0.3,86.5,20.5,1,4,21,4,-,-,,1,-,-,,,0.901,-0.9
08,H,1,015,E,CU-08-015-1001-H-E,473.3,4,4,0.012566371,1.25664E-05,716,-4.85,0.3,86.5,10.5,1,4,24,4,-,-,,1,-,-,,8/8/8/8/8/12/12/12/16/16/16/20/24/24/28/32/36/44/48/56/64/72/72/72/,0.901,-0.87
08,H,1,015,Q,CU-08-015-1001-H-Q,855.4,4,4,0.012566371,1.25664E-05,1294,-4.85,0.3,86.5,10.5,1,4,24,4,-,-,,1,-,-,,8/8/16/20/28/36/44/48/56/60/64/68/70/70/70/70/70/70/70/70/68/70/70/70,0.901,-0.87
08,H,2,015,L,CU-08-015-2001-H-L,361.7,4,4,0.012566371,1.25664E-05,988,-4.85,0.3,86.5,10.9,1,4,13,4,4,-,,0.5,0.5,-,,,0.7,1.97
08,H,2,015,L,CB-08-015-2001-H-L,333.8,4,4,0.012566371,1.25664E-05,912,-4.85,0.3,86.5,20.8,1,4,12,4,4,-,,0.5,0.5,-,,,0.7,1.97
08,H,2,015,E,CU-08-015-2001-H-E,153.6,4,4,0.012566371,1.25664E-05,188,-4.85,0.3,86.5,10.9,1,4,9,6,6,-,,0.5,0.5,-,,4/8/8/12/16/20/28/40/52/,0.7,2.51
08,H,2,015,Q,CU-08-015-2001-H-Q,276,4,4,0.012566371,1.25664E-05,760,-4.85,0.3,86.5,10.9,1,4,13,4,4,-,,0.5,0.5,-,,8/16/32/44/60/68/76/76/76/76/76/76/76,0.7,1.97
08,H,3,015,L,CU-08-015-3001-H-L,295.3,4,4,0.012566371,1.25664E-05,988,-4.85,0.3,86.5,10.9,1,4,13,4,4,4,,0.334,0.332,0.334,,,0.7,2.51
08,H,3,015,L,CB-08-015-3001-H-L,272.5,4,4,0.012566371,1.25664E-05,912,-4.85,0.3,86.5,20.8,1,4,12,4,4,4,,0.334,0.332,0.334,,,0.7,2.17
08,H,3,015,E,CU-08-015-3001-H-E,134,4,4,0.012566371,1.25664E-05,432,-4.85,0.3,86.5,10.9,1,4,13,4,4,4,,0.334,0.332,0.334,,4/8/12/12/16/20/24/32/40/48/64/76/76,0.7,2.51
08,H,3,015,Q,CU-08-015-3001-H-Q,225.3,4,4,0.012566371,1.25664E-05,760,-4.85,0.3,86.5,10.9,1,4,13,4,4,4,,0.334,0.332,0.334,,8/16/32/44/60/68/76/76/76/76/76/76/76,0.7,2.51
08,H,4,015,L,CU-08-015-4001-H-L,255.7,4,4,0.012566371,1.25664E-05,988,-4.85,0.3,86.5,10.9,1,4,13,4,4,4,4,0.25,0.25,0.25,0.25,,0.7,1.97
08,H,4,015,L,CB-08-015-4001-H-L,236,4,4,0.012566371,1.25664E-05,912,-4.85,0.3,86.5,20.8,1,4,12,4,4,4,4,0.25,0.25,0.25,0.25,,0.7,2.17
08,H,4,015,E,CU-08-015-4001-H-E,103.7,4,4,0.012566371,1.25664E-05,375,-4.85,0.3,86.5,10.9,1,4,13,4,4,4,4,0.25,0.25,0.25,0.25,8/8/8/12/16/16/24/28/36/44/56/72/76,0.7,1.97
08,H,4,015,Q,CU-08-015-4001-H-Q,195.1,4,4,0.012566371,1.25664E-05,760,-4.85,0.3,86.5,10.9,1,4,13,4,4,4,4,0.25,0.25,0.25,0.25,8/16/32/44/60/68/76/76/76/76/76/76/76,0.7,1.97
08,S,1,030,L,CB-08-030-1001-S-L,1328,68,20,0.198831853,0.00134504,24,-4.85,0.3,86.5,20.5,3.4,27.05884352,-,-,-,-,,1,-,-,,,0.7011,4.35
08,S,1,030,L,CU-08-030-1001-S-L,1413,73,20,0.208831853,0.00144394,24,-4.85,0.3,86.5,10.5,3.65,27.65746659,-,-,-,-,,1,-,-,,,0.7011,4.35
08,H,1,030,L,CU-08-030-1001-H-L,1120,4,4,0.012566371,1.25664E-05,1680,-4.85,0.3,86.5,10.5,1,4,24,4,-,-,,1,-,-,,,0.901,
08,H,1,030,L,CB-08-030-1001-H-L,961.2,4,4,0.012566371,1.25664E-05,1428,-4.85,0.3,86.5,20.5,1,4,21,4,-,-,,1,-,-,,,0.901,-0.9
08,H,1,030,E,CU-08-030-1001-H-E,713.3,4,4,0.012566371,1.25664E-05,716,-4.85,0.3,86.5,10.5,1,4,24,4,-,-,,1,-,-,,8/8/8/8/8/12/12/12/16/16/16/20/24/24/28/32/36/44/48/56/64/72/72/72/,0.901,
08,H,1,030,Q,CU-08-030-1001-H-Q,855.4,4,4,0.012566371,1.25664E-05,1294,-4.85,0.3,86.5,10.5,1,4,24,4,-,-,,1,-,-,,8/8/16/20/28/36/44/48/56/60/64/68/70/70/70/70/70/70/70/70/68/70/70/70,0.901,
08,H,2,030,L,CU-08-030-2001-H-L,361.7,4,4,0.012566371,1.25664E-05,988,-4.85,0.3,86.5,10.9,1,4,13,4,4,-,,0.5,0.5,-,,,0.7,1.97
08,H,2,030,L,CB-08-030-2001-H-L,333.8,4,4,0.012566371,1.25664E-05,912,-4.85,0.3,86.5,20.8,1,4,12,4,4,,,0.5,0.5,,,,0.7,1.97
08,H,2,030,E,CU-08-030-2001-H-E,153.6,4,4,0.012566371,1.25664E-05,188,-4.85,0.3,86.5,10.9,1,4,9,6,6,-,,0.5,0.5,-,,4/8/8/12/16/20/28/40/52/,0.7,1.59
08,H,2,030,Q,CU-08-030-2001-H-Q,276,4,4,0.012566371,1.25664E-05,760,-4.85,0.3,86.5,10.9,1,4,13,4,4,-,,0.5,0.5,-,,8/16/32/44/60/68/76/76/76/76/76/76/76,0.7,1.97
08,H,3,030,L,CU-08-030-3001-H-L,295.3,4,4,0.012566371,1.25664E-05,988,-4.85,0.3,86.5,10.9,1,4,13,4,4,4,,0.334,0.332,0.334,,,0.7,2.51
08,H,3,030,L,CB-08-030-3001-H-L,272.5,4,4,0.012566371,1.25664E-05,912,-4.85,0.3,86.5,20.8,1,4,12,4,4,4,,0.334,0.332,0.334,,,0.7,2.17
08,H,3,030,E,CU-08-030-3001-H-E,107.9,4,4,0.012566371,1.25664E-05,432,-4.85,0.3,86.5,10.9,1,4,13,4,4,4,,0.334,0.332,0.334,,4/8/12/12/16/20/24/32/40/48/64/76/76,0.7,2.51
08,H,3,030,Q,CU-08-030-3001-H-Q,225.3,4,4,0.012566371,1.25664E-05,760,-4.85,0.3,86.5,10.9,1,4,13,4,4,4,,0.334,0.332,0.334,,8/16/32/44/60/68/76/76/76/76/76/76/76,0.7,1.97
08,H,4,030,L,CU-08-030-4001-H-L,255.7,4,4,0.012566371,1.25664E-05,988,-4.85,0.3,86.5,10.9,1,4,13,4,4,4,4,0.25,0.25,0.25,0.25,,0.7,1.97
08,H,4,030,L,CB-08-030-4001-H-L,236,4,4,0.012566371,1.25664E-05,912,-4.85,0.3,86.5,20.8,1,4,12,4,4,4,4,0.25,0.25,0.25,0.25,,0.7,2.17
08,H,4,030,E,CU-08-030-4001-H-E,103.7,4,4,0.012566371,1.25664E-05,375,-4.85,0.3,86.5,10.9,1,4,13,4,4,4,4,0.25,0.25,0.25,0.25,8/8/8/12/16/16/24/28/36/44/56/72/76,0.7,1.97
08,H,4,030,Q,CU-08-030-4001-H-Q,195.1,4,4,0.012566371,1.25664E-05,760,-4.85,0.3,86.5,10.9,1,4,13,4,4,4,4,0.25,0.25,0.25,0.25,8/16/32/44/60/68/76/76/76/76/76/76/76,0.7,1.97
08,S,1,060,L,CB-08-060-1001-S-L,1468,94,20,0.250831853,0.00185932,20,-4.85,0.3,114,27.9,4.7,29.65046069,-,-,-,-,,1,-,-,,,0.6756,9.53
08,S,1,060,L,CU-08-060-1001-S-L,1545,99,20,0.260831853,0.00195822,20,-4.85,0.3,114,13.1,4.95,30.03038129,-,-,-,-,,1,-,-,,,0.6756,9.53
08,H,1,060,L,CU-08-060-1001-H-L,1368.7,6,6,0.018849556,2.82743E-05,968,-4.85,0.3,114,13.1,1,6,22,6,-,-,,1,-,-,,,0.85,-1.48
08,H,1,060,L,CB-08-060-1001-H-L,1182.1,6,6,0.018849556,2.82743E-05,836,-4.85,0.3,114,27.9,1,6,19,6,-,-,,1,-,-,,,0.85,-1.55
08,H,1,060,E,CU-08-060-1001-H-E,606.1,6,6,0.018849556,2.82743E-05,432,-4.85,0.3,114,13.1,1,6,22,6,-,-,,1,-,-,,4/4/4/8/8/8/8/8/12/12/12/16/16/20/24/28/32/36/40/44/44/44/,0.85,-1.48
08,H,1,060,Q,CU-08-060-1001-H-Q,1072,6,6,0.018849556,2.82743E-05,764,-4.85,0.3,114,13.1,1,6,22,6,-,-,,1,-,-,,4/8/12/16/20/24/32/36/40/44/44/44/44/44/44/44/44/44/44/44/44/44,0.85,-1.48
08,H,2,060,L,CU-08-060-2001-H-L,473,4,4,0.012566371,1.25664E-05,1292,-4.85,0.3,114,13.1,1,4,17,4,4,-,,0.5,0.5,-,,,0.7,2.63
08,H,2,060,L,CB-08-060-2001-H-L,417.3,4,4,0.012566371,1.25664E-05,1140,-4.85,0.3,114,27.9,1,4,15,4,4,-,,0.5,0.5,-,,,0.7,2.32
08,H,2,060,E,CU-08-060-2001-H-E,225.5,6,6,0.018849556,2.82743E-05,276,-4.85,0.3,114,13.1,1,6,12,6,6,-,,0.5,0.5,-,,4/8/8/8/12/16/20/24/32/40/52/52/,0.7,2.06
08,H,2,060,Q,CU-08-060-2001-H-Q,361.7,4,4,0.012566371,1.25664E-05,996,-4.85,0.3,114,13.1,1,4,17,4,4,-,,0.5,0.5,-,,8/12/24/32/44/56/64/72/76/76/76/76/76/76/76/76/76,0.7,2.06
08,H,3,060,L,CU-08-060-3001-H-L,386.2,4,4,0.012566371,1.25664E-05,1292,-4.85,0.3,114,13.1,1,4,17,4,4,4,,0.334,0.332,0.334,,,0.7,2.06
08,H,3,060,L,CB-08-060-3001-H-L,340.7,4,4,0.012566371,1.25664E-05,1140,-4.85,0.3,114,27.9,1,4,15,4,4,4,,0.334,0.332,0.334,,,0.7,2.32
08,H,3,060,E,CU-08-060-3001-H-E,161.3,4,4,0.012566371,1.25664E-05,502,-4.85,0.3,114,13.1,1,4,17,4,4,4,,0.334,0.332,0.334,,8/8/8/12/12/12/16/20/24/28/32/40/48/56/68/76/76,0.7,2.06
08,H,3,060,Q,CU-08-060-3001-H-Q,295.3,4,4,0.012566371,1.25664E-05,996,-4.85,0.3,114,13.1,1,4,17,4,4,4,,0.334,0.332,0.334,,8/12/24/32/44/56/64/72/76/76/76/76/76/76/76/76/76,0.7,1.86
08,H,4,060,L,CU-08-060-4001-H-L,334.5,4,4,0.012566371,1.25664E-05,1292,-4.85,0.3,114,13.1,1,4,17,4,4,4,4,0.25,0.25,0.25,0.25,,0.7,2.06
08,H,4,060,L,CB-08-060-4001-H-L,295.1,4,4,0.012566371,1.25664E-05,1140,-4.85,0.3,114,27.9,1,4,15,4,4,4,4,0.25,0.25,0.25,0.25,,0.7,2.32
08,H,4,060,E,CU-08-060-4001-H-E,139.7,4,4,0.012566371,1.25664E-05,502,-4.85,0.3,114,13.1,1,4,17,4,4,4,4,0.25,0.25,0.25,0.25,8/8/8/12/12/12/16/20/24/28/32/40/48/56/68/76/76,0.7,2.06
08,H,4,060,Q,CU-08-060-4001-H-Q,255.7,4,4,0.012566371,1.25664E-05,966,-4.85,0.3,114,13.1,1,4,17,4,4,4,4,0.25,0.25,0.25,0.25,8/12/24/32/44/56/64/72/76/76/76/76/76/76/76/76/76,0.7,2.06
08,S,1,090,L,CB-08-090-1001-S-L,1538,92,20,0.246831853,0.00181976,20,-4.85,0.3,114,27.9,4.6,29.489873,-,-,-,-,,1,-,-,,,0.7185,9.53
08,S,1,090,L,CU-08-090-1001-S-L,1643,99,20,0.260831853,0.00195822,20,-4.85,0.3,114,13.1,4.95,30.03038129,-,-,-,-,,1,-,-,,,0.7185,9.53
08,H,1,090,L,CU-08-090-1001-H-L,1368,6,6,0.018849556,2.82743E-05,968,-4.85,0.3,114,13.1,1,6,22,6,-,-,,1,-,-,,,0.85,-1.48
08,H,1,090,L,CB-08-090-1001-H-L,1182.1,6,6,0.018849556,2.82743E-05,836,-4.85,0.3,114,27.9,1,6,19,6,-,-,,1,-,-,,,0.85,-1.48
08,H,1,090,E,CU-08-090-1001-H-E,606.1,6,6,0.018849556,2.82743E-05,432,-4.85,0.3,114,13.1,1,6,22,6,-,-,,1,-,-,,4/4/4/8/8/8/8/8/12/12/12/16/16/20/24/28/32/36/40/44/44/44/,0.85,-1.48
08,H,1,090,Q,CU-08-090-1001-H-Q,1072,6,6,0.018849556,2.82743E-05,764,-4.85,0.3,114,13.1,1,6,22,6,-,-,,1,-,-,,4/8/12/16/20/24/32/36/40/44/44/44/44/44/44/44/44/44/44/44/44/44,0.85,-1.48
08,H,2,090,L,CU-08-090-2001-H-L,473,4,4,0.012566371,1.25664E-05,1292,-4.85,0.3,114,13.1,1,4,17,4,4,-,,0.5,0.5,-,,,0.7,2.63
08,H,2,090,L,CB-08-090-2001-H-L,417.3,4,4,0.012566371,1.25664E-05,1140,-4.85,0.3,114,27.9,1,4,15,4,4,-,,0.5,0.5,-,,,0.7,2.32
08,H,2,090,E,CU-08-090-2001-H-E,225.5,6,6,0.018849556,2.82743E-05,276,-4.85,0.3,114,13.1,1,6,12,6,6,-,,0.5,0.5,-,,4/8/8/8/12/16/20/24/32/40/52/52/,0.7,1.86
08,H,2,090,Q,CU-08-090-2001-H-Q,361.7,4,4,0.012566371,1.25664E-05,996,-4.85,0.3,114,13.1,1,4,17,4,4,-,,0.5,0.5,-,,8/12/24/32/44/56/64/72/76/76/76/76/76/76/76/76/76,0.7,1.86
08,H,3,090,L,CU-08-090-3001-H-L,386.2,4,4,0.012566371,1.25664E-05,1292,-4.85,0.3,114,13.1,1,4,17,4,4,4,,0.334,0.332,0.334,,,0.7,2.06
08,H,3,090,L,CB-08-090-3001-H-L,340.7,4,4,0.012566371,1.25664E-05,1140,-4.85,0.3,114,27.9,1,4,15,4,4,4,,0.334,0.332,0.334,,,0.7,2.32
08,H,3,090,E,CU-08-090-3001-H-E,161.3,4,4,0.012566371,1.25664E-05,502,-4.85,0.3,114,13.1,1,4,17,4,4,4,,0.334,0.332,0.334,,8/8/8/12/12/12/16/20/24/28/32/40/48/56/68/76/76,0.7,2.06
08,H,3,090,Q,CU-08-090-3001-H-Q,295.3,4,4,0.012566371,1.25664E-05,996,-4.85,0.3,114,13.1,1,4,17,4,4,4,,0.334,0.332,0.334,,8/12/24/32/44/56/64/72/76/76/76/76/76/76/76/76/76,0.7,1.86
08,H,4,090,L,CU-08-090-4001-H-L,334.5,4,4,0.012566371,1.25664E-05,1292,-4.85,0.3,114,13.1,1,4,17,4,4,4,4,0.25,0.25,0.25,0.25,,0.7,2.06
08,H,4,090,L,CB-08-090-4001-H-L,295.1,4,4,0.012566371,1.25664E-05,1140,-4.85,0.3,114,27.9,1,4,15,4,4,4,4,0.25,0.25,0.25,0.25,,0.7,2.32
08,H,4,090,E,CU-08-090-4001-H-E,139.7,4,4,0.012566371,1.25664E-05,502,-4.85,0.3,114,13.1,1,4,17,4,4,4,4,0.25,0.25,0.25,0.25,8/8/8/12/12/12/16/20/24/28/32/40/48/56/68/76/76,0.7,2.06
08,H,4,090,Q,CU-08-090-4001-H-Q,255.7,4,4,0.012566371,1.25664E-05,966,-4.85,0.3,114,13.1,1,4,17,4,4,4,4,0.25,0.25,0.25,0.25,8/12/24/32/44/56/64/72/76/76/76/76/76/76/76/76/76,0.7,2.06
08,S,1,150,L,CB-08-150-1001-S-L,1267,85,20,0.232831853,0.0016813,20,-4.85,0.3,103.5,21.6,4.25,28.88436402,-,-,-,-,,1,-,-,,,0.6347,9.53
08,S,1,150,L,CU-08-150-1001-S-L,1318,89,20,0.240831853,0.00176042,20,-4.85,0.3,103.5,10.8,4.45,29.2389894,-,-,-,-,,1,-,-,,,0.6347,9.53
08,H,1,150,L,CU-08-150-1001-H-L,1171,6,6,0.018849556,2.82743E-05,836,-4.85,0.3,103.5,10.8,1,6,19,6,-,-,,1,-,-,,,0.8424,-1.18
08,H,1,150,L,CB-08-150-1001-H-L,1048.2,6,6,0.018849556,2.82743E-05,748,-4.85,0.3,103.5,21.6,1,6,17,6,-,-,,1,-,-,,,0.8424,-1.26
08,H,1,150,E,CU-08-150-1001-H-E,517,6,6,0.018849556,2.82743E-05,372,-4.85,0.3,103.5,10.8,1,6,19,6,-,-,,1,-,-,,4/4/4/8/8/8/8/12/12/16/16/20/24/28/32/36/44/44/44/,0.8424,-1.18
08,H,1,150,Q,CU-08-150-1001-H-Q,906.6,6,6,0.018849556,2.82743E-05,652,-4.85,0.3,103.5,10.8,1,6,19,6,-,-,,1,-,-,,4/8/12/16/24/28/36/40/44/44/44/44/44/44/44/44/44/44/44,0.8424,-1.18
08,H,2,150,L,CU-08-150-2001-H-L,398.5,4,4,0.012566371,1.25664E-05,1020,-4.85,0.3,103.5,10.9,1,4,15,4,4,-,,0.5,0.5,-,,,0.7,2.66
08,H,2,150,L,CB-08-150-2001-H-L,345.3,4,4,0.012566371,1.25664E-05,884,-4.85,0.3,103.5,21.7,1,4,13,4,4,-,,0.5,0.5,-,,,0.7,1.98
08,H,2,150,E,CU-08-150-2001-H-E,176.5,6,6,0.018849556,2.82743E-05,232,-4.85,0.3,103.5,10.9,1,6,11,6,6,-,,0.5,0.5,-,,4/4/8/8/12/16/20/24/32/44/44/,0.7,2.66
08,H,2,150,Q,CU-08-150-2001-H-Q,287.6,4,4,0.012566371,1.25664E-05,792,-4.85,0.3,103.5,10.9,1,4,15,4,4,-,,0.5,0.5,-,,8/12/24/36/48/56/64/68/68/68/68/68/68/68/68,0.7,2.33
08,H,3,150,L,CU-08-150-3001-H-L,325.2,4,4,0.012566371,1.25664E-05,1088,-4.85,0.3,103.5,10.9,1,4,16,4,4,4,,0.334,0.332,0.334,,,0.7,1.91
08,H,3,150,L,CB-08-150-3001-H-L,284.4,4,4,0.012566371,1.25664E-05,952,-4.85,0.3,103.5,21.7,1,4,14,4,4,4,,0.334,0.332,0.334,,,0.7,1.98
08,H,3,150,E,CU-08-150-3001-H-E,149.4,4,4,0.012566371,1.25664E-05,480,-4.85,0.3,103.5,10.9,1,4,16,4,4,4,,0.334,0.332,0.334,,4/8/8/12/12/16/16/20/24/28/36/44/52/64/68/68,0.7,1.91
08,H,3,150,Q,CU-08-150-3001-H-Q,249.1,4,4,0.012566371,1.25664E-05,840,-4.85,0.3,103.5,10.9,1,4,16,4,4,4,,0.334,0.332,0.334,,8/12/20/32/44/52/60/68/68/68/68/68/68/68/68/68,0.7,1.91
08,H,4,150,L,CU-08-150-4001-H-L,264,4,4,0.012566371,1.25664E-05,1020,-4.85,0.3,103.5,10.9,1,4,15,4,4,4,4,0.25,0.25,0.25,0.25,,0.7,2.33
08,H,4,150,L,CB-08-150-4001-H-L,246.4,4,4,0.012566371,1.25664E-05,952,-4.85,0.3,103.5,21.7,1,4,14,4,4,4,4,0.25,0.25,0.25,0.25,,0.7,1.98
08,H,4,150,E,CU-08-150-4001-H-E,103.7,4,4,0.012566371,1.25664E-05,377,-4.85,0.3,103.5,10.9,1,4,15,4,4,4,4,0.25,0.25,0.25,0.25,4/8/8/8/12/12/16/20/24/28/36/44/52/64/68,0.7,2.33
08,H,4,150,Q,CU-08-150-4001-H-Q,203.4,4,4,0.012566371,1.25664E-05,792,-4.85,0.3,103.5,10.9,1,4,15,4,4,4,4,0.25,0.25,0.25,0.25,8/12/24/36/48/56/64/68/68/68/68/68/68/68/68,0.7,2.33
08,S,1,250,L,CB-08-250-1001-S-L,811,75,20,0.212831853,0.0014835,16,-4.85,0.3,95,18.5,3.75,27.88116494,-,-,-,-,,1,-,-,,,0.5845,7.1
08,S,1,250,L,CU-08-250-1001-S-L,840,78,20,0.218831853,0.00154284,16,-4.85,0.3,95,9.5,3.9,28.20137888,-,-,-,-,,1,-,-,,,0.5845,7.1
08,H,1,250,L,CU-08-250-1001-H-L,744.8,6,6,0.018849556,2.82743E-05,612,-4.85,0.3,95,9.5,1,6,17,6,-,-,,1,-,-,,,0.7316,-1.03
08,H,1,250,L,CB-08-250-1001-H-L,657.2,6,6,0.018849556,2.82743E-05,540,-4.85,0.3,95,18.5,1,6,15,6,-,-,,1,-,-,,,0.7316,-0.96
08,H,1,250,E,CU-08-250-1001-H-E,338.1,6,6,0.018849556,2.82743E-05,280,-4.85,0.3,95,9.5,1,6,17,6,-,-,,1,-,-,,4/4/4/8/8/8/8/12/12/16/16/20/24/28/36/36/36/,0.7316,-1.03
08,H,1,250,Q,CU-08-250-1001-H-Q,584.5,6,6,0.018849556,2.82743E-05,484,-4.85,0.3,95,9.5,1,6,17,6,-,-,,1,-,-,,4/8/12/16/24/28/32/36/36/36/36/36/36/36/36/36/36,0.7316,-1.03
08,H,2,250,L,CU-08-250-2001-H-L,287,4,4,0.012566371,1.25664E-05,784,-4.85,0.3,95,9.1,1,4,14,4,4,-,,0.5,0.5,-,,,0.7,1.99
08,H,2,250,L,CB-08-250-2001-H-L,266,4,4,0.012566371,1.25664E-05,728,-4.85,0.3,95,18.1,1,4,13,4,4,-,,0.5,0.5,-,,,0.7,2.08
08,H,2,250,E,CU-08-250-2001-H-E,150.3,6,6,0.018849556,2.82743E-05,340,-4.85,0.3,95,9.1,1,6,11,6,6,-,,0.5,0.5,-,,4/4/8/8/12/12/16/20/28/36/36/,0.7,1.99
08,H,2,250,Q,CU-08-250-2001-H-Q,220.8,4,4,0.012566371,1.25664E-05,608,-4.85,0.3,95,9.1,1,4,14,4,4,-,,0.5,0.5,-,,8/12/20/32/40/48/56/56/56/56/56/56/56/56,0.7,2.3
08,H,3,250,L,CU-08-250-3001-H-L,234.3,4,4,0.012566371,1.25664E-05,784,-4.85,0.3,95,9.1,1,4,14,4,4,4,,0.334,0.332,0.334,,,0.7,2.3
08,H,3,250,L,CB-08-250-3001-H-L,217.5,4,4,0.012566371,1.25664E-05,728,-4.85,0.3,95,18.1,1,4,13,4,4,4,,0.334,0.332,0.334,,,0.7,2.08
08,H,3,250,E,CU-08-250-3001-H-E,98.4,4,4,0.012566371,1.25664E-05,306,-4.85,0.3,95,9.1,1,4,14,4,4,4,,0.334,0.332,0.334,,4/8/8/8/12/12/16/20/24/28/36/44/56/56,0.7,2.3
08,H,3,250,Q,CU-08-250-3001-H-Q,180.3,4,4,0.012566371,1.25664E-05,608,-4.85,0.3,95,9.1,1,4,14,4,4,4,,0.334,0.332,0.334,,8/12/20/32/40/48/56/56/56/56/56/56/56/56,0.7,2.3
08,H,4,250,L,CU-08-250-4001-H-L,202.9,4,4,0.012566371,1.25664E-05,784,-4.85,0.3,95,9.1,1,4,14,4,4,4,4,0.25,0.25,0.25,0.25,,0.7,2.3
08,H,4,250,L,CB-08-250-4001-H-L,188.4,4,4,0.012566371,1.25664E-05,728,-4.85,0.3,95,18.1,1,4,13,4,4,4,4,0.25,0.25,0.25,0.25,,0.7,2.08
08,H,4,250,E,CU-08-250-4001-H-E,85.2,4,4,0.012566371,1.25664E-05,306,-4.85,0.3,95,9.1,1,4,14,4,4,4,4,0.25,0.25,0.25,0.25,4/8/8/8/12/12/16/20/24/28/36/44/56/56,0.7,2.3
08,H,4,250,Q,CU-08-250-4001-H-Q,156.1,4,4,0.012566371,1.25664E-05,608,-4.85,0.3,95,9.1,1,4,14,4,4,4,4,0.25,0.25,0.25,0.25,8/12/20/32/40/48/56/56/56/56/56/56/56/56,0.7,2.3
10,S,1,015,L,CB-10-015-1001-S-L,2068,90,20,0.242831853,0.0017802,28,-4.85,0.3,112,26.7,4.5,29.32399481,-,-,-,-,,1,-,-,,,0.7057,6.25
10,S,1,015,L,CU-10-015-1001-S-L,2190,96,20,0.254831853,0.00189888,28,-4.85,0.3,112,12.7,4.8,29.80600701,-,-,-,-,,1,-,-,,,0.7057,6.25
10,H,1,015,L,CU-10-015-1001-H-L,1854,6,6,0.018849556,2.82743E-05,1176,-4.85,0.3,112,12.7,1,6,21,6,-,-,,1,-,-,,,0.9477,-1.34
10,H,1,015,L,CB-10-015-1001-H-L,1589,6,6,0.018849556,2.82743E-05,1008,-4.85,0.3,112,26.7,1,6,18,6,-,-,,1,-,-,,,0.9477,-1.34
10,H,1,015,E,CU-10-015-1001-H-E,788,6,6,0.018849556,2.82743E-05,504,-4.85,0.3,112,12.7,1,6,21,6,-,-,,1,-,-,,4/4/8/8/8/8/12/12/12/16/16/20/24/28/32/36/40/48/56/56/56/,0.9477,-1.34
10,H,1,015,Q,CU-10-015-1001-H-Q,1433,6,6,0.018849556,2.82743E-05,916,-4.85,0.3,112,12.7,1,6,21,6,-,-,,1,-,-,,8/8/12/20/28/32/40/44/52/56/56/56/56/56/56/56/56/56/56/56/56,0.9477,-1.34
10,H,2,015,L,CU-10-015-2001-H-L,632.3,6,6,0.018849556,2.82743E-05,768,-4.85,0.3,112,12.8,1,6,12,6,6,-,,0.5,0.5,-,,,0.7,2.35
10,H,2,015,L,CB-10-015-2001-H-L,579.6,6,6,0.018849556,2.82743E-05,704,-4.85,0.3,112,26.7,1,6,11,6,6,-,,0.5,0.5,-,,,0.7,2.25
10,H,2,015,E,CU-10-015-2001-H-E,235.3,6,6,0.018849556,2.82743E-05,288,-4.85,0.3,112,12.8,1,6,12,6,6,-,,0.5,0.5,-,,4/8/8/8/12/16/20/24/32/40/52/64/,0.7,2.35
10,H,2,015,Q,CU-10-015-2001-H-Q,490.2,6,6,0.018849556,2.82743E-05,600,-4.85,0.3,112,12.8,1,6,12,6,6,-,,0.5,0.5,-,,8/16/28/44/56/64/64/64/64/64/64/64,0.7,2.35
10,H,3,015,L,CU-10-015-3001-H-L,516.3,6,6,0.018849556,2.82743E-05,768,-4.85,0.3,112,12.8,1,6,12,6,6,6,,0.334,0.332,0.334,,,0.7,2.8
10,H,3,015,L,CB-10-015-3001-H-L,473.2,6,6,0.018849556,2.82743E-05,704,-4.85,0.3,112,26.7,1,6,11,6,6,6,,0.334,0.332,0.334,,,0.7,2.25
10,H,3,015,E,CU-10-015-3001-H-E,183.8,4,4,0.012566371,1.25664E-05,592,-4.85,0.3,112,12.8,1,4,15,4,4,4,,0.334,0.332,0.334,,4/8/12/12/16/20/24/28/36/44/52/64/80/96/96,0.7,2.8
10,H,3,015,Q,CU-10-015-3001-H-Q,327.3,4,4,0.012566371,1.25664E-05,1104,-4.85,0.3,112,12.8,1,4,15,4,4,4,,0.334,0.332,0.334,,8/20/32/48/64/76/88/96/96/96/96/96/96/96/96,0.7,2.8
10,H,4,015,L,CU-10-015-4001-H-L,454.1,6,6,0.018849556,2.82743E-05,768,-4.85,0.3,112,12.8,1,6,12,6,6,6,6,0.25,0.25,0.25,0.25,,0.7,2.47
10,H,4,015,L,CB-10-015-4001-H-L,416.2,6,4,0.018849556,2.82743E-05,704,-4.85,0.3,112,26.7,1.5,6,11,6,6,6,6,0.25,0.25,0.25,0.25,,0.7,2.25
10,H,4,015,E,CU-10-015-4001-H-E,205.7,6,6,0.018849556,2.82743E-05,323,-4.85,0.3,112,12.8,1,6,12,6,6,6,6,0.25,0.25,0.25,0.25,8/8/8/12/16/20/24/32/40/52/68/68,0.7,2.47
10,H,4,015,Q,CU-10-015-4001-H-Q,346.6,6,4,0.018849556,2.82743E-05,600,-4.85,0.3,112,12.8,1.5,6,12,6,6,6,6,0.25,0.25,0.25,0.25,8/16/28/44/56/64/64/64/64/64/64/64,0.7,2.35
10,S,1,030,L,CB-10-030-1001-S-L,2068,89,20,0.240831853,0.00176042,28,-4.85,0.3,112,26.7,4.45,29.2389894,-,-,-,-,,1,-,-,,,0.7179,6.25
10,S,1,030,L,CU-10-030-1001-S-L,2228,96,20,0.254831853,0.00189888,28,-4.85,0.3,112,12.7,4.8,29.80600701,-,-,-,-,,1,-,-,,,0.7179,6.25
10,H,1,030,L,CU-10-030-1001-H-L,1854,6,6,0.018849556,2.82743E-05,1176,-4.85,0.3,112,12.7,1,6,21,6,-,-,,1,-,-,,,0.9477,
10,H,1,030,L,CB-10-030-1001-H-L,1589,6,6,0.018849556,2.82743E-05,1008,-4.85,0.3,112,26.7,1,6,18,6,-,-,,1,-,-,,,0.9477,
10,H,1,030,E,CU-10-030-1001-H-E,788,6,6,0.018849556,2.82743E-05,504,-4.85,0.3,112,12.7,1,6,21,6,-,-,,1,-,-,,4/4/8/8/8/8/12/12/12/16/16/20/24/28/32/36/40/48/56/56/56/,0.9477,
10,H,1,030,Q,CU-10-030-1001-H-Q,1433,6,6,0.018849556,2.82743E-05,916,-4.85,0.3,112,12.7,1,6,21,6,-,-,,1,-,-,,8/8/12/20/28/32/40/44/52/56/56/56/56/56/56/56/56/56/56/56/56,0.9477,
10,H,2,030,L,CU-10-030-2001-H-L,632.3,6,6,0.018849556,2.82743E-05,768,-4.85,0.3,112,12.8,1,6,12,6,6,-,,0.5,0.5,-,,,0.7,2.35
10,H,2,030,L,CB-10-030-2001-H-L,579.6,6,6,0.018849556,2.82743E-05,704,-4.85,0.3,112,26.7,1,6,11,6,6,-,,0.5,0.5,-,,,0.7,2.25
10,H,2,030,E,CU-10-030-2001-H-E,235.3,6,6,0.018849556,2.82743E-05,288,-4.85,0.3,112,12.8,1,6,12,6,6,-,,0.5,0.5,-,,4/8/8/8/12/16/20/24/32/40/52/64/,0.7,2.35
10,H,2,030,Q,CU-10-030-2001-H-Q,490.2,6,6,0.018849556,2.82743E-05,600,-4.85,0.3,112,12.8,1,6,12,6,6,-,,0.5,0.5,-,,8/16/28/44/56/64/64/64/64/64/64/64,0.7,2.35
10,H,3,030,L,CU-10-030-3001-H-L,430.4,4,4,0.012566371,1.25664E-05,1440,-4.85,0.3,112,12.8,1,4,15,4,4,4,,0.334,0.332,0.334,,,0.7,2.8
10,H,3,030,L,CB-10-030-3001-H-L,401.7,4,4,0.012566371,1.25664E-05,1344,-4.85,0.3,112,26.7,1,4,14,4,4,4,,0.334,0.332,0.334,,,0.7,2.25
10,H,3,030,E,CU-10-030-3001-H-E,183.8,4,4,0.012566371,1.25664E-05,592,-4.85,0.3,112,12.8,1,4,15,4,4,4,,0.334,0.332,0.334,,4/8/12/12/16/20/24/28/36/44/52/64/80/96/96,0.7,2.8
10,H,3,030,Q,CU-10-030-3001-H-Q,327.3,4,4,0.012566371,1.25664E-05,1104,-4.85,0.3,112,12.8,1,4,15,4,4,4,,0.334,0.332,0.334,,8/20/32/48/64/76/88/96/96/96/96/96/96/96/96,0.7,2.8
10,H,4,030,L,CU-10-030-4001-H-L,454.1,6,6,0.018849556,2.82743E-05,768,-4.85,0.3,112,12.8,1,6,12,6,6,6,6,0.25,0.25,0.25,0.25,,0.7,2.47
10,H,4,030,L,CB-10-030-4001-H-L,416.2,6,4,0.018849556,2.82743E-05,704,-4.85,0.3,112,26.7,1.5,6,11,6,6,6,6,0.25,0.25,0.25,0.25,,0.7,2.25
10,H,4,030,E,CU-10-030-4001-H-E,205.7,6,6,0.018849556,2.82743E-05,323,-4.85,0.3,112,12.8,1,6,12,6,6,6,6,0.25,0.25,0.25,0.25,8/8/8/12/16/20/24/32/40/52/68/68,0.7,2.47
10,H,4,030,Q,CU-10-030-4001-H-Q,154.1,6,4,0.018849556,2.82743E-05,600,-4.85,0.3,112,12.8,1.5,6,12,6,6,6,6,0.25,0.25,0.25,0.25,8/16/28/44/56/64/64/64/64/64/64/64,0.7,2.35
10,S,1,060,L,CB-10-060-1001-S-L,2205,100,20,0.262831853,0.001978,24,-4.85,0.3,123.4,27.9,5,30.10289623,-,-,-,-,,1,-,-,,,0.7883,5.81
10,S,1,060,L,CU-10-060-1001-S-L,2340,107,20,0.276831853,0.00211646,24,-4.85,0.3,123.4,13.1,5.35,30.58116292,-,-,-,-,,1,-,-,,,0.7883,5.81
10,H,1,060,L,CU-10-060-1001-H-L,1858,6,6,0.018849556,2.82743E-05,1248,-4.85,0.3,123.4,13.1,1,6,24,6,-,-,,1,-,-,,,0.895,-1.47
10,H,1,060,L,CB-10-060-1001-H-L,1625.8,6,6,0.018849556,2.82743E-05,1092,-4.85,0.3,123.4,27.9,1,6,21,6,-,-,,1,-,-,,,0.895,-1.52
10,H,1,060,E,CU-10-060-1001-H-E,768.2,6,6,0.018849556,2.82743E-05,520,-4.85,0.3,123.4,13.1,1,6,24,6,-,-,,1,-,-,,4/4/4/8/8/8/8/8/12/12/12/16/16/20/20/24/28/32/36/40/44/52/52/52/,0.895,-1.47
10,H,1,060,Q,CU-10-060-1001-H-Q,1441.9,6,6,0.018849556,2.82743E-05,976,-4.85,0.3,123.4,13.1,1,6,24,6,-,-,,1,-,-,,4/8/12/16/20/28/32/36/44/48/52/52/52/52/52/52/52/52/52/52/52/52/52/52,0.895,-1.47
10,H,2,060,L,CU-10-060-2001-H-L,737.7,6,6,0.018849556,2.82743E-05,896,-4.85,0.3,123.4,13.2,1,6,14,6,6,-,,0.5,0.5,-,,,0.7,2.02
10,H,2,060,L,CB-10-060-2001-H-L,685,6,6,0.018849556,2.82743E-05,832,-4.85,0.3,123.4,28,1,6,13,6,6,-,,0.5,0.5,-,,,0.7,2.97
10,H,2,060,E,CU-10-060-2001-H-E,323.6,6,6,0.018849556,2.82743E-05,396,-4.85,0.3,123.4,13.2,1,6,14,6,6,-,,0.5,0.5,-,,8/8/8/12/12/16/20/24/28/36/44/52/64/64/,0.7,2.02
10,H,2,060,Q,CU-10-060-2001-H-Q,568.7,6,6,0.018849556,2.82743E-05,696,-4.85,0.3,123.4,13.2,1,4,14,6,6,-,,0.5,0.5,-,,8/12/24/36/48/56/64/64/64/64/64/64/64/64,0.7,2.97
10,H,3,060,L,CU-10-060-3001-H-L,495,4,4,0.012566371,1.25664E-05,1656,-4.85,0.3,123.4,13.2,1,4,18,4,4,4,,0.334,0.332,0.334,,,0.7,2.25
10,H,3,060,L,CB-10-060-3001-H-L,440,4,4,0.012566371,1.25664E-05,1472,-4.85,0.3,123.4,28,1,4,16,4,4,4,,0.334,0.332,0.334,,,0.7,2.09
10,H,3,060,E,CU-10-060-3001-H-E,190.9,4,4,0.012566371,1.25664E-05,604,-4.85,0.3,123.4,13.2,1,4,18,4,4,4,,0.334,0.332,0.334,,8/8/8/12/12/16/16/20/24/28/32/40/44/52/64/76/92/92,0.7,2.25
10,H,3,060,Q,CU-10-060-3001-H-Q,374.8,4,4,0.012566371,1.25664E-05,1264,-4.85,0.3,123.4,13.2,1,4,18,4,4,4,,0.334,0.332,0.334,,8/16/24/36/48/60/72/84/88/92/92/92/92/92/92/92/92/92,0.7,2.25
10,H,4,060,L,CU-10-060-4001-H-L,521.6,6,6,0.018849556,2.82743E-05,896,-4.85,0.3,123.4,13.2,1,6,14,6,6,6,6,0.25,0.25,0.25,0.25,,0.7,2.02
10,H,4,060,L,CB-10-060-4001-H-L,484.3,6,6,0.018849556,2.82743E-05,832,-4.85,0.3,123.4,28,1,6,13,6,6,6,6,0.25,0.25,0.25,0.25,,0.7,2.09
10,H,4,060,E,CU-10-060-4001-H-E,228.8,6,6,0.018849556,2.82743E-05,362,-4.85,0.3,123.4,13.2,1,6,14,6,6,6,6,0.25,0.25,0.25,0.25,8/8/8/12/12/16/20/24/28/36/44/52/64/64,0.7,2.02
10,H,4,060,Q,CU-10-060-4001-H-Q,402.1,6,6,0.018849556,2.82743E-05,696,-4.85,0.3,123.4,13.2,1,6,14,6,6,6,6,0.25,0.25,0.25,0.25,8/12/24/36/48/56/64/64/64/64/64/64/64/64,0.7,2.25
10,S,1,090,L,CB-10-090-1001-S-L,2205,100,20,0.262831853,0.001978,24,-4.85,0.3,123.4,27.9,5,30.10289623,-,-,-,-,,1,-,-,,,0.7883,5.81
10,S,1,090,L,CU-10-090-1001-S-L,2340,107,20,0.276831853,0.00211646,24,-4.85,0.3,123.4,13.1,5.35,30.58116292,-,-,-,-,,1,-,-,,,0.7883,5.81
10,H,1,090,L,CU-10-090-1001-H-L,1858,6,6,0.018849556,2.82743E-05,1248,-4.85,0.3,123.4,13.1,1,6,24,6,-,-,,1,-,-,,,0.895,-1.47
10,H,1,090,L,CB-10-090-1001-H-L,1625.8,6,6,0.018849556,2.82743E-05,1092,-4.85,0.3,123.4,27.9,1,6,21,6,-,-,,1,-,-,,,0.895,1.52
10,H,1,090,E,CU-10-090-1001-H-E,768.2,6,6,0.018849556,2.82743E-05,520,-4.85,0.3,123.4,13.1,1,6,24,6,-,-,,1,-,-,,4/4/4/8/8/8/8/8/12/12/12/16/16/20/20/24/28/32/36/40/44/52/52/52/,0.895,-2.11
10,H,1,090,Q,CU-10-090-1001-H-Q,1441.9,6,6,0.018849556,2.82743E-05,976,-4.85,0.3,123.4,13.1,1,6,24,6,-,-,,1,-,-,,4/8/12/16/20/28/32/36/44/48/52/52/52/52/52/52/52/52/52/52/52/52/52/52,0.895,-2.11
10,H,2,090,L,CU-10-090-2001-H-L,737.7,6,6,0.018849556,2.82743E-05,896,-4.85,0.3,123.4,13.2,1,6,14,6,6,-,,0.5,0.5,-,,,0.7,2.02
10,H,2,090,L,CB-10-090-2001-H-L,685,6,6,0.018849556,2.82743E-05,832,-4.85,0.3,123.4,28,1,6,13,6,6,-,,0.5,0.5,-,,,0.7,2.97
10,H,2,090,E,CU-10-090-2001-H-E,323.6,6,6,0.018849556,2.82743E-05,396,-4.85,0.3,123.4,13.2,1,6,14,6,6,-,,0.5,0.5,-,,8/8/8/12/12/16/20/24/28/36/44/52/64/64/,0.7,2.02
10,H,2,090,Q,CU-10-090-2001-H-Q,568.7,6,6,0.018849556,2.82743E-05,696,-4.85,0.3,123.4,13.2,1,6,14,6,6,-,,0.5,0.5,-,,8/12/24/36/48/56/64/64/64/64/64/64/64/64,0.7,2.97
10,H,3,090,L,CU-10-090-3001-H-L,495,4,4,0.012566371,1.25664E-05,1656,-4.85,0.3,123.4,13.2,1,4,18,4,4,4,,0.334,0.332,0.334,,,0.7,2.25
10,H,3,090,L,CB-10-090-3001-H-L,440,4,4,0.012566371,1.25664E-05,1472,-4.85,0.3,123.4,28,1,4,16,4,4,4,,0.334,0.332,0.334,,,0.7,
10,H,3,090,E,CU-10-090-3001-H-E,190.9,4,4,0.012566371,1.25664E-05,604,-4.85,0.3,123.4,13.2,1,4,18,4,4,4,,0.334,0.332,0.334,,8/8/8/12/12/16/16/20/24/28/32/40/44/52/64/76/92/92,0.7,2.25
10,H,3,090,Q,CU-10-090-3001-H-Q,374.8,4,4,0.012566371,1.25664E-05,1264,-4.85,0.3,123.4,13.2,1,4,18,4,4,4,,0.334,0.332,0.334,,8/16/24/36/48/60/72/84/88/92/92/92/92/92/92/92/92/92,0.7,2.25
10,H,4,090,L,CU-10-090-4001-H-L,521.6,6,6,0.018849556,2.82743E-05,896,-4.85,0.3,123.4,13.2,1,6,14,6,6,6,6,0.25,0.25,0.25,0.25,,0.7,2.02
10,H,4,090,L,CB-10-090-4001-H-L,484.3,6,6,0.018849556,2.82743E-05,832,-4.85,0.3,123.4,28,1,6,13,6,6,6,6,0.25,0.25,0.25,0.25,,0.7,2.09
10,H,4,090,E,CU-10-090-4001-H-E,228.8,6,6,0.018849556,2.82743E-05,362,-4.85,0.3,123.4,13.2,1,6,14,6,6,6,6,0.25,0.25,0.25,0.25,8/8/8/12/12/16/20/24/28/36/44/52/64/64,0.7,2.02
10,H,4,090,Q,CU-10-090-4001-H-Q,402.1,6,6,0.018849556,2.82743E-05,696,-4.85,0.3,123.4,13.2,1,6,14,6,6,6,6,0.25,0.25,0.25,0.25,8/12/24/36/48/56/64/64/64/64/64/64/64/64,0.7,2.25
10,S,1,150,L,CB-10-150-1001-S-L,1755,111,20,0.284831853,0.00219558,20,-4.85,0.3,134,29,5.55,30.83334924,-,-,-,-,,1,-,-,,,0.6797,12.99
10,S,1,150,L,CU-10-150-1001-S-L,1840,117,20,0.296831853,0.00231426,20,-4.85,0.3,134,13.3,5.85,31.18614092,-,-,-,-,,1,-,-,,,0.6797,12.99
10,H,1,150,L,CU-10-150-1001-H-L,1656,6,6,0.018849556,2.82743E-05,1248,-4.85,0.3,134,13.3,1,6,26,6,-,-,,1,-,-,,,0.7977,-1.41
10,H,1,150,L,CB-10-150-1001-H-L,1465,6,6,0.018849556,2.82743E-05,1104,-4.85,0.3,134,29,1,6,23,6,-,-,,1,-,-,,,0.7977,-1.5
10,H,1,150,E,CU-10-150-1001-H-E,684.7,6,6,0.018849556,2.82743E-05,520,-4.85,0.3,134,13.3,1,6,26,6,-,-,,1,-,-,,4/4/4/8/8/8/8/8/8/12/12/12/16/16/20/20/24/24/28/32/36/40/44/48/48/48/,0.7977,-1.41
10,H,1,150,Q,CU-10-150-1001-H-Q,1279.9,6,6,0.018849556,2.82743E-05,972,-4.85,0.3,134,13.3,1,6,26,6,-,-,,1,-,-,,4/8/8/12/16/24/28/32/36/40/44/48/48/48/48/48/48/48/48/48/48/48/48/48/48/48,0.7977,-1.41
10,H,2,150,L,CU-10-150-2001-H-L,691.6,6,6,0.018849556,2.82743E-05,840,-4.85,0.3,134,13.4,1,6,15,6,6,-,,0.5,0.5,-,,,0.7,2.19
10,H,2,150,L,CB-10-150-2001-H-L,645.5,6,6,0.018849556,2.82743E-05,784,-4.85,0.3,134,29,1,6,14,6,6,-,,0.5,0.5,-,,,0.7,2.31
10,H,2,150,E,CU-10-150-2001-H-E,297.4,6,6,0.018849556,2.82743E-05,364,-4.85,0.3,134,13.4,1,6,15,6,6,-,,0.5,0.5,-,,4/8/8/8/12/12/16/16/20/28/32/40/48/56/56/,0.7,2.87
10,H,2,150,Q,CU-10-150-2001-H-Q,536,6,6,0.018849556,2.82743E-05,656,-4.85,0.3,134,13.4,1,6,15,6,6,-,,0.5,0.5,-,,8/12/20/28/40/48/52/56/56/56/56/56/56/56/56,0.7,2.87
10,H,3,150,L,CU-10-150-3001-H-L,502.2,4,4,0.012566371,1.25664E-05,1680,-4.85,0.3,134,13.4,1,4,20,4,4,4,,0.334,0.332,0.334,,,0.7,2.14
10,H,3,150,L,CB-10-150-3001-H-L,452,4,4,0.012566371,1.25664E-05,1512,-4.85,0.3,134,29,1,4,18,4,4,4,,0.334,0.332,0.334,,,0.7,2.31
10,H,3,150,E,CU-10-150-3001-H-E,193.3,4,4,0.012566371,1.25664E-05,612,-4.85,0.3,134,13.4,1,4,18,4,4,4,,0.334,0.332,0.334,,8/8/8/12/12/16/16/20/24/28/32/40/44/56/64/76/92/96,0.7,2.14
10,H,3,150,Q,CU-10-150-3001-H-Q,381.9,4,4,0.012566371,1.25664E-05,1288,-4.85,0.3,134,13.4,1,4,20,4,4,4,,0.334,0.332,0.334,,8/12/20/28/40/52/60/68/76/84/84/84/84/84/84/84/84/84/84/84,0.7,2.86
10,H,4,150,L,CU-10-150-4001-H-L,489,6,6,0.018849556,2.82743E-05,840,-4.85,0.3,134,13.4,1,6,15,6,6,6,6,0.25,0.25,0.25,0.25,,0.7,2.19
10,H,4,150,L,CB-10-150-4001-H-L,456.4,6,6,0.018849556,2.82743E-05,784,-4.85,0.3,134,29,1,6,14,6,6,6,6,0.25,0.25,0.25,0.25,,0.7,2.31
10,H,4,150,E,CU-10-150-4001-H-E,210.3,6,6,0.018849556,2.82743E-05,334,-4.85,0.3,134,13.4,1,6,15,6,6,6,6,0.25,0.25,0.25,0.25,4/8/8/8/12/12/16/16/20/28/32/40/48/56/56,0.7,2.19
10,H,4,150,Q,CU-10-150-4001-H-Q,379,6,6,0.018849556,2.82743E-05,656,-4.85,0.3,134,13.4,1,6,15,6,6,6,6,0.25,0.25,0.25,0.25,8/12/20/28/40/48/52/56/56/56/56/56/56/56/56,0.7,2.14
10,S,1,250,L,CB-10-250-1001-S-L,1200,97,20,0.256831853,0.00191866,16,-4.85,0.3,120,29.6,4.85,29.88196327,-,-,-,-,,1,-,-,,,0.667,14.36
10,S,1,250,L,CU-10-250-1001-S-L,1270,103,20,0.268831853,0.00203734,16,-4.85,0.3,120,13.9,5.15,30.31396729,-,-,-,-,,1,-,-,,,0.667,14.36
10,H,1,250,L,CU-10-250-1001-H-L,1056,6,6,0.018849556,2.82743E-05,1056,-4.85,0.3,120,13.9,1,6,22,6,-,-,,1,-,-,,,0.6012,-1.23
10,H,1,250,L,CB-10-250-1001-H-L,912.1,6,6,0.018849556,2.82743E-05,912,-4.85,0.3,120,29.6,1,6,19,6,-,-,,1,-,-,,,0.6012,-1.31
10,H,1,250,E,CU-10-250-1001-H-E,456.5,6,6,0.018849556,2.82743E-05,460,-4.85,0.3,120,13.9,1,6,22,6,-,-,,1,-,-,,4/4/4/8/8/8/8/12/12/12/16/16/20/20/24/28/32/36/44/48/48/48/,0.6012,-1.23
10,H,1,250,Q,CU-10-250-1001-H-Q,809.8,6,6,0.018849556,2.82743E-05,816,-4.85,0.3,120,13.9,1,6,22,6,-,-,,1,-,-,,4/8/12/16/20/28/32/36/40/44/48/48/48/48/48/48/48/48/48/48/48/48,0.6012,-1.23
10,H,2,250,L,CU-10-250-2001-H-L,513.8,6,6,0.018849556,2.82743E-05,624,-4.85,0.3,120,14,1,6,13,6,6,-,,0.5,0.5,-,,,0.7,2.33
10,H,2,250,L,CB-10-250-2001-H-L,474.2,6,6,0.018849556,2.82743E-05,576,-4.85,0.3,120,29.6,1,6,12,6,6,-,,0.5,0.5,,,,0.7,2.33
10,H,2,250,E,CU-10-250-2001-H-E,215.7,6,6,0.018849556,2.82743E-05,264,-4.85,0.3,120,14,1,6,13,6,6,-,,0.5,0.5,-,,4/4/8/8/8/12/16/20/24/28/36/48/48/,0.7,2.99
10,H,2,250,Q,CU-10-250-2001-H-Q,398.7,6,6,0.018849556,2.82743E-05,488,-4.85,0.3,120,14,1,6,13,6,6,-,,0.5,0.5,-,,8/12/20/28/40/44/48/48/48/48/48/48/48,0.7,2.33
10,H,3,250,L,CU-10-250-3001-H-L,387.4,4,4,0.012566371,1.25664E-05,1296,-4.85,0.3,120,14,1,4,18,4,4,4,,0.334,0.332,0.334,,,0.7,2
10,H,3,250,L,CB-10-250-3001-H-L,344.3,4,4,0.012566371,1.25664E-05,1152,-4.85,0.3,120,29.6,1,4,16,4,4,4,,0.334,0.332,0.334,,,0.7,2.17
10,H,3,250,E,CU-10-250-3001-H-E,157.7,4,4,0.012566371,1.25664E-05,494,-4.85,0.3,120,14,1,4,18,4,4,4,,0.334,0.332,0.334,,8/8/8/8/12/12/16/16/20/24/28/32/36/44/52/64/72/72,0.7,2
10,H,3,250,Q,CU-10-250-3001-H-Q,296.5,4,4,0.012566371,1.25664E-05,1000,-4.85,0.3,120,14,1,4,18,4,4,4,,0.334,0.332,0.334,,8/12/20/28/40/48/60/64/72/72/72/72/72/72/72/72/72/72,0.7,2
10,H,4,250,L,CU-10-250-4001-H-L,363.3,6,6,0.018849556,2.82743E-05,624,-4.85,0.3,120,14,1,6,13,6,6,6,6,0.25,0.25,0.25,0.25,,0.7,2.33
10,H,4,250,L,CB-10-250-4001-H-L,335.3,6,6,0.018849556,2.82743E-05,576,-4.85,0.3,120,29.6,1,6,12,6,6,6,6,0.25,0.25,0.25,0.25,,0.7,2.17
10,H,4,250,E,CU-10-250-4001-H-E,161.8,6,6,0.018849556,2.82743E-05,255,-4.85,0.3,120,14,1,6,13,6,6,6,6,0.25,0.25,0.25,0.25,4/8/8/8/12/12/16/20/24/32/40/48/48,0.7,2.33
10,H,4,250,Q,CU-10-250-4001-H-Q,281.9,6,6,0.018849556,2.82743E-05,488,-4.85,0.3,120,14,1,6,13,6,6,6,6,0.25,0.25,0.25,0.25,8/12/20/28/40/44/48/48/48/48/48/48/48,0.7,2
12,S,1,015,L,CB-12-015-1001-S-L,3081,95,20,0.252831853,0.0018791,28,-4.85,0.3,118,28,4.75,29.72884907,-,-,-,-,,1,-,-,,,0.7804,4.43
12,S,1,015,L,CU-12-015-1001-S-L,3278,101,20,0.264831853,0.00199778,28,-4.85,0.3,118,13.2,5.05,30.17431592,-,-,-,-,,1,-,-,,,0.7804,4.43
12,H,1,015,L,CU-12-015-1001-H-L,2463,6,6,0.018849556,2.82743E-05,1564,-4.85,0.3,118,13.2,1,6,23,6,-,-,,1,-,-,,,0.9467,-1.51
12,H,1,015,L,CB-12-015-1001-H-L,2141.8,6,6,0.018849556,2.82743E-05,1360,-4.85,0.3,118,28,1,6,20,6,-,-,,1,-,-,,,0.9467,-1.58
12,H,1,015,E,CU-12-015-1001-H-E,962.6,6,6,0.018849556,2.82743E-05,616,-4.85,0.3,118,13.2,1,6,23,6,-,-,,1,-,-,,4/8/8/8/8/8/12/12/12/16/16/20/20/24/28/32/36/40/48/56/64/68/68/,0.9467,-1.52
12,H,1,015,Q,CU-12-015-1001-H-Q,1894,6,6,0.018849556,2.82743E-05,1212,-4.85,0.3,118,13.2,1,6,23,6,-,-,,1,-,-,,8/8/16/20/28/36/44/52/56/60/68/68/68/68/68/68/68/68/68/68/68/68/68,0.9467,-1.52
12,H,2,015,L,CU-12-015-2001-H-L,813.5,6,6,0.018849556,2.82743E-05,988,-4.85,0.3,118,13.4,1,6,13,6,6,-,,0.5,0.5,-,,,0.7,2.22
12,H,2,015,L,CB-12-015-2001-H-L,750.9,6,6,0.018849556,2.82743E-05,912,-4.85,0.3,118,28.1,1,6,12,6,6,-,,0.5,0.5,,,,0.7,2.14
12,H,2,015,E,CU-12-015-2001-H-E,303.9,6,6,0.018849556,2.82743E-05,372,-4.85,0.3,118,13.4,1,6,13,6,6,-,,0.5,0.5,-,,8/8/8/12/12/16/20/24/32/40/52/64/76/,0.7,2.29
12,H,2,015,Q,CU-12-015-2001-H-Q,621,6,6,0.018849556,2.82743E-05,760,-4.85,0.3,118,13.4,1,6,16,6,6,-,,0.5,0.5,-,,8/16/32/44/60/68/76/76/76/76/76/76/76,0.7,2.29
12,H,3,015,L,CU-12-015-3001-H-L,664.2,6,6,0.018849556,2.82743E-05,988,-4.85,0.3,118,13.4,1,6,13,6,6,6,,0.334,0.332,0.334,,,0.7,2.22
12,H,3,015,L,CB-12-015-3001-H-L,594.6,6,6,0.018849556,2.82743E-05,912,-4.85,0.3,118,28.1,1,6,12,6,6,6,,0.334,0.332,0.334,,,0.7,2.14
12,H,3,015,E,CU-12-015-3001-H-E,301.5,6,6,0.018849556,2.82743E-05,432,-4.85,0.3,118,13.4,1,6,13,6,6,6,,0.334,0.332,0.334,,4/8/12/12/16/20/24/32/40/48/64/76/76,0.7,2.22
12,H,3,015,Q,CU-12-015-3001-H-Q,507,6,6,0.018849556,2.82743E-05,760,-4.85,0.3,118,13.4,1,6,13,6,6,6,,0.334,0.332,0.334,,12/24/40/56/76/92/108/120/124/124/124/124/124/124/124/124/124/,0.7,2.29
12,H,4,015,L,CU-12-015-4001-H-L,575.2,6,6,0.018849556,2.82743E-05,988,-4.85,0.3,118,13.4,1,6,13,6,6,6,6,0.25,0.25,0.25,0.25,,0.7,2.22
12,H,4,015,L,CB-12-015-4001-H-L,530.9,6,6,0.018849556,2.82743E-05,912,-4.85,0.3,118,28.1,1,6,12,6,6,6,6,0.25,0.25,0.25,0.25,,0.7,2.14
12,H,4,015,E,CU-12-015-4001-H-E,233.4,6,6,0.018849556,2.82743E-05,375,-4.85,0.3,118,13.4,1,6,13,6,6,6,6,0.25,0.25,0.25,0.25,8/8/8/12/16/16/24/28/36/44/56/72/76,0.7,2.22
12,H,4,015,Q,CU-12-015-4001-H-Q,439.1,6,6,0.018849556,2.82743E-05,760,-4.85,0.3,118,13.4,1,6,13,6,6,6,6,0.25,0.25,0.25,0.25,8/16/32/44/60/68/76/76/76/76/76/76/76,0.7,2.29
12,S,1,030,L,CB-12-030-1001-S-L,3064,95,20,0.252831853,0.0018791,32,-4.85,0.3,118,28,4.75,29.72884907,-,-,-,-,,1,-,-,,,0.779,4.43
12,S,1,030,L,CU-12-030-1001-S-L,3272,101,20,0.264831853,0.00199778,32,-4.85,0.3,118,13.2,5.05,30.17431592,-,-,-,-,,1,-,-,,,0.779,4.43
12,H,1,030,L,CU-12-030-1001-H-L,2463,6,6,0.018849556,2.82743E-05,1564,-4.85,0.3,118,13.2,1,6,23,6,-,-,,1,-,-,,,0.9467,-1.52
12,H,1,030,L,CB-12-030-1001-H-L,2141.8,6,6,0.018849556,2.82743E-05,1360,-4.85,0.3,118,28,1,6,20,6,-,-,,1,-,-,,,0.9467,-1.58
12,H,1,030,E,CU-12-030-1001-H-E,962.6,6,6,0.018849556,2.82743E-05,616,-4.85,0.3,118,13.2,1,6,23,6,-,-,,1,-,-,,4/8/8/8/8/8/12/12/12/16/16/20/20/24/28/32/36/40/48/56/64/68/68/,0.9467,-1.52
12,H,1,030,Q,CU-12-030-1001-H-Q,1894,6,6,0.018849556,2.82743E-05,1212,-4.85,0.3,118,13.2,1,6,23,6,-,-,,1,-,-,,8/8/16/20/28/36/44/52/56/60/68/68/68/68/68/68/68/68/68/68/68/68/68,0.9467,-1.52
12,H,2,030,L,CU-12-030-2001-H-L,813.5,6,6,0.018849556,2.82743E-05,988,-4.85,0.3,118,13.4,1,6,13,6,6,-,,0.5,0.5,-,,,0.7,2.22
12,H,2,030,L,CB-12-030-2001-H-L,750.9,6,6,0.018849556,2.82743E-05,912,-4.85,0.3,118,28.1,1,6,12,6,6,-,,0.5,0.5,,,,0.7,2.14
12,H,2,030,E,CU-12-030-2001-H-E,303.9,6,6,0.018849556,2.82743E-05,372,-4.85,0.3,118,13.4,1,6,13,6,6,-,,0.5,0.5,-,,8/8/8/12/12/16/20/24/32/40/52/64/76/,0.7,2.29
12,H,2,030,Q,CU-12-030-2001-H-Q,621,6,6,0.018849556,2.82743E-05,760,-4.85,0.3,118,13.4,1,6,16,6,6,-,,0.5,0.5,-,,8/16/32/44/60/68/76/76/76/76/76/76/76,0.7,2.29
12,H,3,030,L,CU-12-030-3001-H-L,664.2,6,6,0.018849556,2.82743E-05,988,-4.85,0.3,118,13.4,1,6,13,6,6,6,,0.334,0.332,0.334,,,0.7,2.22
12,H,3,030,L,CB-12-030-3001-H-L,594.6,6,6,0.018849556,2.82743E-05,912,-4.85,0.3,118,28.1,1,6,12,6,6,6,,0.334,0.332,0.334,,,0.7,2.14
12,H,3,030,E,CU-12-030-3001-H-E,301.5,6,6,0.018849556,2.82743E-05,432,-4.85,0.3,118,13.4,1,6,13,6,6,6,,0.334,0.332,0.334,,4/8/12/12/16/20/24/32/40/48/64/76/76,0.7,2.22
12,H,3,030,Q,CU-12-030-3001-H-Q,507,6,6,0.018849556,2.82743E-05,760,-4.85,0.3,118,13.4,1,6,13,6,6,6,,0.334,0.332,0.334,,12/24/40/56/76/92/108/120/124/124/124/124/124/124/124/124/124/,0.7,2.29
12,H,4,030,L,CU-12-030-4001-H-L,575.2,6,6,0.018849556,2.82743E-05,988,-4.85,0.3,118,13.4,1,6,13,6,6,6,6,0.25,0.25,0.25,0.25,,0.7,2.22
12,H,4,030,L,CB-12-030-4001-H-L,530.9,6,6,0.018849556,2.82743E-05,912,-4.85,0.3,118,28.1,1,6,12,6,6,6,6,0.25,0.25,0.25,0.25,,0.7,2.14
12,H,4,030,E,CU-12-030-4001-H-E,233.4,6,6,0.018849556,2.82743E-05,375,-4.85,0.3,118,13.4,1,6,13,6,6,6,6,0.25,0.25,0.25,0.25,8/8/8/12/16/16/24/28/36/44/56/72/76,0.7,2.22
12,H,4,030,Q,CU-12-030-4001-H-Q,439.1,6,6,0.018849556,2.82743E-05,760,-4.85,0.3,118,13.4,1,6,13,6,6,6,6,0.25,0.25,0.25,0.25,8/16/32/44/60/68/76/76/76/76/76/76/76,0.7,2.29
12,S,1,060,L,CB-12-060-1001-S-L,3057,115,20,0.292831853,0.0022747,38,-4.85,0.3,145,27.7,5.75,31.07175638,-,-,-,-,,1,-,-,,,0.5286,3.15
12,S,1,060,L,CU-12-060-1001-S-L,3397,128,20,0.318831853,0.00253184,38,-4.85,0.3,145,13.6,6.4,31.76395301,-,-,-,-,,1,-,-,,,0.5286,3.15
12,H,1,060,L,CU-12-060-1001-H-L,2491.3,6,6,0.018849556,2.82743E-05,1740,-4.85,0.3,145,13.6,1,6,29,6,-,-,,1,-,-,,,0.8607,-2.2
12,H,1,060,L,CB-12-060-1001-H-L,2233.6,6,6,0.018849556,2.82743E-05,1560,-4.85,0.3,145,27.7,1,6,30,6,-,-,,1,,,,,0.8607,-2.16
12,H,1,060,E,CU-12-060-1001-H-E,1000.2,6,6,0.018849556,2.82743E-05,704,-4.85,0.3,145,13.6,1,6,34,6,-,-,,1,-,-,,8/8/8/8/8/8/12/12/12/12/16/16/20/20/24/24/28/32/36/40/44/48/52/60/64/64/64/,0.8607,-2.2
12,H,1,060,Q,CU-12-060-1001-H-Q,1920.9,6,6,0.018849556,2.82743E-05,1352,-4.85,0.3,145,13.6,1,6,29,6,-,-,,1,-,-,,8/8/12/16/20/24/28/36/40/44/48/52/56/60/60/60/60/60/60/60/60/60/60/60/60/60/60/60/60,0.8607,-2.2
12,H,2,060,L,CU-12-060-2001-H-L,1001.2,6,6,0.018849556,2.82743E-05,1216,-4.85,0.3,145,13.9,1,6,16,6,6,-,,0.5,0.5,-,,,0.7,2.34
12,H,2,060,L,CB-12-060-2001-H-L,876,6,6,0.018849556,2.82743E-05,1064,-4.85,0.3,145,28.4,1,6,14,6,6,-,,0.5,0.5,-,,,0.7,2.26
12,H,2,060,E,CU-12-060-2001-H-E,408.5,6,6,0.018849556,2.82743E-05,500,-4.85,0.3,145,13.9,1,6,16,6,6,-,,0.5,0.5,-,,8/8/8/12/12/16/16/20/24/28/36/44/52/64/76/76/,0.7,2.35
12,H,2,060,Q,CU-12-060-2001-H-Q,768,6,6,0.018849556,2.82743E-05,940,-4.85,0.3,145,13.9,1,6,16,6,6,-,,0.5,0.5,-,,8/12/24/36/48/60/68/76/76/76/76/76/76/76/76/76,0.7,2.35
12,H,3,060,L,CU-12-060-3001-H-L,817.5,6,6,0.018849556,2.82743E-05,1216,-4.85,0.3,145,13.9,1,6,16,6,6,6,,0.334,0.332,0.334,,,0.7,2.34
12,H,3,060,L,CB-12-060-3001-H-L,715.3,6,6,0.018849556,2.82743E-05,1064,-4.85,0.3,145,28.4,1,6,14,6,6,6,,0.334,0.332,0.334,,,0.7,2.26
12,H,3,060,E,CU-12-060-3001-H-E,333.6,6,6,0.018849556,2.82743E-05,464,-4.85,0.3,145,13.9,1,6,16,6,6,6,,0.334,0.332,0.334,,8/8/8/12/12/16/16/20/24/28/36/44/52/64/76/76,0.7,2.34
12,H,3,060,Q,CU-12-060-3001-H-Q,627.1,6,6,0.018849556,2.82743E-05,940,-4.85,0.3,145,13.9,1,6,16,6,6,6,,0.334,0.332,0.334,,8/12/24/36/48/60/68/76/76/76/76/76/76/76/76/76,0.7,2.05
12,H,4,060,L,CU-12-060-4001-H-L,708,6,6,0.018849556,2.82743E-05,1216,-4.85,0.3,145,13.9,1,6,16,6,6,6,6,0.25,0.25,0.25,0.25,,0.7,2.34
12,H,4,060,L,CB-12-060-4001-H-L,619.5,6,6,0.018849556,2.82743E-05,1064,-4.85,0.3,145,28.4,1,6,14,6,6,6,6,0.25,0.25,0.25,0.25,,0.7,2.26
12,H,4,060,E,CU-12-060-4001-H-E,288.9,6,6,0.018849556,2.82743E-05,464,-4.85,0.3,145,13.9,1,6,16,6,6,6,6,0.25,0.25,0.25,0.25,8/8/8/12/12/16/16/20/24/28/36/44/52/64/76/76,0.7,2.34
12,H,4,060,Q,CU-12-060-4001-H-Q,543.1,6,6,0.018849556,2.82743E-05,940,-4.85,0.3,145,13.9,1,6,16,6,6,6,6,0.25,0.25,0.25,0.25,8/12/24/36/48/60/68/76/76/76/76/76/76/76/76/76,0.7,2.05
12,S,1,090,L,CB-12-090-1001-S-L,4718,120,20,0.302831853,0.0023736,24,-4.85,0.3,145,27.7,6,31.35205198,-,-,-,-,,1,-,-,,,0.7832,3.15
12,S,1,090,L,CU-12-090-1001-S-L,5033,128,20,0.318831853,0.00253184,24,-4.85,0.3,145,13.6,6.4,31.76395301,-,-,-,-,,1,-,-,,,0.7832,3.15
12,H,1,090,L,CU-12-090-1001-H-L,2491.3,6,6,0.018849556,2.82743E-05,1740,-4.85,0.3,145,13.6,1,6,29,6,-,-,,1,-,-,,,0.8607,-2.2
12,H,1,090,L,CB-12-090-1001-H-L,2233.6,6,6,0.018849556,2.82743E-05,1560,-4.85,0.3,145,27.7,1,6,30,6,-,-,,1,-,-,,,0.8607,-2.16
12,H,1,090,E,CU-12-090-1001-H-E,1000.2,6,6,0.018849556,2.82743E-05,704,-4.85,0.3,145,13.6,1,6,34,6,-,-,,1,-,-,,4/8/8/8/8/8/8/12/12/12/12/16/16/20/20/24/28/28/32/36/40/44/52/56/64/64/64/,0.8607,-2.2
12,H,1,090,Q,CU-12-090-1001-H-Q,1920.9,6,6,0.018849556,2.82743E-05,1352,-4.85,0.3,145,13.6,1,6,29,6,-,-,,1,-,-,,8/8/12/16/20/24/28/36/40/44/48/52/56/60/60/60/60/60/60/60/60/60/60/60/60/60/60/60/60,0.8607,-2.2
12,H,2,090,L,CU-12-090-2001-H-L,1001.2,6,6,0.018849556,2.82743E-05,1216,-4.85,0.3,145,13.9,1,6,16,6,6,-,,0.5,0.5,-,,,0.7,2.34
12,H,2,090,L,CB-12-090-2001-H-L,876,6,6,0.018849556,2.82743E-05,1064,-4.85,0.3,145,28.4,1,6,14,6,6,-,,0.5,0.5,-,,,0.7,2.26
12,H,2,090,E,CU-12-090-2001-H-E,408.5,6,6,0.018849556,2.82743E-05,500,-4.85,0.3,145,13.9,1,6,16,6,6,-,,0.5,0.5,-,,8/8/8/12/12/16/16/20/24/28/36/44/52/64/76/76/,0.7,2.35
12,H,2,090,Q,CU-12-090-2001-H-Q,768,6,6,0.018849556,2.82743E-05,940,-4.85,0.3,145,13.9,1,6,16,6,6,-,,0.5,0.5,-,,8/12/24/36/48/60/68/76/76/76/76/76/76/76/76/76,0.7,2.35
12,H,3,090,L,CU-12-090-3001-H-L,817.5,6,6,0.018849556,2.82743E-05,1216,-4.85,0.3,145,13.9,1,6,16,6,6,6,,0.334,0.332,0.334,,,0.7,2.34
12,H,3,090,L,CB-12-090-3001-H-L,715.3,6,6,0.018849556,2.82743E-05,1064,-4.85,0.3,145,28.4,1,6,14,6,6,6,,0.334,0.332,0.334,,,0.7,2.26
12,H,3,090,E,CU-12-090-3001-H-E,333.6,6,6,0.018849556,2.82743E-05,464,-4.85,0.3,145,13.9,1,6,16,6,6,6,,0.334,0.332,0.334,,8/8/8/12/12/16/16/20/24/28/36/44/52/64/76/76,0.7,2.34
12,H,3,090,Q,CU-12-090-3001-H-Q,627.1,6,6,0.018849556,2.82743E-05,940,-4.85,0.3,145,13.9,1,6,16,6,6,6,,0.334,0.332,0.334,,8/12/24/36/48/60/68/76/76/76/76/76/76/76/76/76,0.7,2.05
12,H,4,090,L,CU-12-090-4001-H-L,708,6,6,0.018849556,2.82743E-05,1216,-4.85,0.3,145,13.9,1,6,16,6,6,6,6,0.25,0.25,0.25,0.25,,0.7,2.34
12,H,4,090,L,CB-12-090-4001-H-L,619.5,6,6,0.018849556,2.82743E-05,1064,-4.85,0.3,145,28.4,1,6,14,6,6,6,6,0.25,0.25,0.25,0.25,,0.7,2.26
12,H,4,090,E,CU-12-090-4001-H-E,288.9,6,6,0.018849556,2.82743E-05,464,-4.85,0.3,145,13.9,1,6,16,6,6,6,6,0.25,0.25,0.25,0.25,8/8/8/12/12/16/16/20/24/28/36/44/52/64/76/76,0.7,2.34
12,H,4,090,Q,CU-12-090-4001-H-Q,543.1,6,6,0.018849556,2.82743E-05,940,-4.85,0.3,145,13.9,1,6,16,6,6,6,6,0.25,0.25,0.25,0.25,8/12/24/36/48/60/68/76/76/76/76/76/76/76/76/76,0.7,2.05
12,S,1,150,L,CB-12-150-1001-S-L,2839,130,20,0.322831853,0.0025714,24,-4.85,0.3,162,28.6,6.5,31.86054877,-,-,-,-,,1,-,-,,,0.6705,10.63
12,S,1,150,L,CU-12-150-1001-S-L,3177,146,20,0.354831853,0.00288788,24,-4.85,0.3,162,12.8,7.3,32.5549127,-,-,-,-,,1,-,-,,,0.6705,10.63
12,H,1,150,L,CU-12-150-1001-H-L,2488,7,7,0.021991149,3.84845E-05,1488,-4.85,0.3,162,12.8,1,7,24,7,-,-,,1,-,-,,,0.7385,-0.82
12,H,1,150,L,CB-12-150-1001-H-L,2247,7,7,0.021991149,3.84845E-05,1344,-4.85,0.3,162,28.6,1,7,21,7,-,-,,1,-,-,,,0.7385,-0.68
12,H,1,150,E,CU-12-150-1001-H-E,1088,7,7,0.021991149,3.84845E-05,656,-4.85,0.3,162,12.8,1,7,24,7,-,-,,1,-,-,,4/8/8/8/8/8/12/12/12/16/16/20/20/24/28/32/36/40/44/52/56/64/64/64/,0.7385,-0.85
12,H,1,150,Q,CU-12-150-1001-H-Q,1914.8,7,7,0.021991149,3.84845E-05,1154,-4.85,0.3,162,12.8,1,7,24,7,-,-,,1,-,-,,8/8/12/20/24/32/36/44/48/56/60/62/62/62/62/62/62/62/62/62/62/62/62/62,0.7385,-0.85
12,H,2,150,L,CU-12-150-2001-H-L,948.5,6,6,0.018849556,2.82743E-05,1152,-4.85,0.3,162,13.5,1,6,18,6,6,-,,0.5,0.5,-,,,0.7,2.38
12,H,2,150,L,CB-12-150-2001-H-L,843.1,6,6,0.018849556,2.82743E-05,1024,-4.85,0.3,162,29.3,1,6,16,6,6,-,,0.5,0.5,-,,,0.7,2.13
12,H,2,150,E,CU-12-150-2001-H-E,382.4,6,6,0.018849556,2.82743E-05,468,-4.85,0.3,162,13.5,1,6,18,6,6,-,,0.5,0.5,-,,4/8/8/8/8/12/12/16/16/20/24/28/32/40/48/56/64/64/,0.7,2.38
12,H,2,150,Q,CU-12-150-2001-H-Q,735.3,6,6,0.018849556,2.82743E-05,900,-4.85,0.3,162,13.5,1,6,18,6,6,-,,0.5,0.5,-,,8/12/20/28/40/48/60/68/80/88/92/100/104/104/104/104/104/104/104/104/104/104/104/104/104/104/,0.7,2.02
12,H,3,150,L,CU-12-150-3001-H-L,774.5,6,6,0.018849556,2.82743E-05,1152,-4.85,0.3,162,13.5,1,6,18,6,6,6,,0.334,0.332,0.334,,,0.7,2.38
12,H,3,150,L,CB-12-150-3001-H-L,688.4,6,6,0.018849556,2.82743E-05,1024,-4.85,0.3,162,29.3,1,6,16,6,6,6,,0.334,0.332,0.334,,,0.7,2.13
12,H,3,150,E,CU-12-150-3001-H-E,312.2,6,6,0.018849556,2.82743E-05,436,-4.85,0.3,162,13.5,1,6,18,6,6,6,,0.334,0.332,0.334,,4/8/8/8/8/12/12/16/16/20/24/28/32/40/48/56/64/64,0.7,2.28
12,H,3,150,Q,CU-12-150-3001-H-Q,600.4,6,6,0.018849556,2.82743E-05,900,-4.85,0.3,162,13.5,1,6,18,6,6,6,,0.334,0.332,0.334,,8/12/20/28/36/44/52/60/64/64/64/64/64/64/64/64/64/64,0.7,2.28
12,H,4,150,L,CU-12-150-4001-H-L,670.7,6,6,0.018849556,2.82743E-05,1152,-4.85,0.3,162,13.5,1,6,18,6,6,6,6,0.25,0.25,0.25,0.25,,0.7,2.38
12,H,4,150,L,CB-12-150-4001-H-L,596.1,6,6,0.018849556,2.82743E-05,1024,-4.85,0.3,162,29.3,1,6,16,6,6,6,6,0.25,0.25,0.25,0.25,,0.7,2.13
12,H,4,150,E,CU-12-150-4001-H-E,270.4,6,6,0.018849556,2.82743E-05,436,-4.85,0.3,162,13.5,1,6,18,6,6,6,6,0.25,0.25,0.25,0.25,4/8/8/8/8/12/12/16/16/20/24/28/32/40/48/56/64/64,0.7,2.38
12,H,4,150,Q,CU-12-150-4001-H-Q,520,6,6,0.018849556,2.82743E-05,900,-4.85,0.3,162,13.5,1,6,18,6,6,6,6,0.25,0.25,0.25,0.25,8/12/20/28/36/44/52/60/64/64/64/64/64/64/64/64/64/64,0.7,2.02
12,S,1,250,L,CB-12-250-1001-S-L,1681,113,20,0.288831853,0.00223514,20,-4.85,0.3,149,29.2,5.65,30.95420365,-,-,-,-,,1,-,-,,,0.6417,12.67
12,S,1,250,L,CU-12-250-1001-S-L,1962,132,20,0.326831853,0.00261096,20,-4.85,0.3,149,13.4,6.6,31.95478012,-,-,-,-,,1,-,-,,,0.6417,12.67
12,H,1,250,L,CU-12-250-1001-H-L,1334,7,7,0.021991149,3.84845E-05,1288,-4.85,0.3,149,13.4,1,7,23,7,-,-,,1,-,-,,,0.4574,-1.15
12,H,1,250,L,CB-12-250-1001-H-L,1218,7,7,0.021991149,3.84845E-05,1176,-4.85,0.3,149,29.2,1,7,21,7,-,-,,1,-,-,,,0.4574,-1.36
12,H,1,250,E,CU-12-250-1001-H-E,650,7,7,0.021991149,3.84845E-05,632,-4.85,0.3,149,13.4,1,7,23,7,-,-,,1,-,-,,4/8/8/8/8/8/12/12/12/16/16/20/24/24/28/32/36/44/48/56/64/72/72/,0.4574,-1.15
12,H,1,250,Q,CU-12-250-1001-H-Q,1064.7,7,7,0.021991149,3.84845E-05,1036,-4.85,0.3,149,13.4,1,7,23,7,-,-,,1,-,-,,8/8/12/20/24/32/36/44/48/52/56/58/58/58/58/58/58/58/58/58/58/58/58,0.4574,-1.15
12,H,2,250,L,CU-12-250-2001-H-L,783.8,6,6,0.018849556,2.82743E-05,952,-4.85,0.3,149,14.3,1,6,17,6,6,-,,0.5,0.5,-,,,0.7,2.04
12,H,2,250,L,CB-12-250-2001-H-L,691.5,6,6,0.018849556,2.82743E-05,840,-4.85,0.3,149,29.9,1,6,15,6,6,-,,0.5,0.5,-,,,0.7,2.06
12,H,2,250,E,CU-12-250-2001-H-E,323.6,6,6,0.018849556,2.82743E-05,396,-4.85,0.3,149,14.3,1,6,17,6,6,-,,0.5,0.5,-,,4/4/8/8/8/12/12/16/16/20/24/28/36/40/48/56/56/,0.7,2.04
12,H,2,250,Q,CU-12-250-2001-H-Q,601.4,6,6,0.018849556,2.82743E-05,736,-4.85,0.3,149,14.3,1,6,17,6,6,-,,0.5,0.5,-,,8/12/16/24/32/40/48/52/56/56/56/56/56/56/56/56/56,0.7,2.22
12,H,3,250,L,CU-12-250-3001-H-L,640,6,6,0.018849556,2.82743E-05,952,-4.85,0.3,149,14.3,1,6,17,6,6,6,,0.334,0.332,0.334,,,0.7,2.04
12,H,3,250,L,CB-12-250-3001-H-L,564.7,6,6,0.018849556,2.82743E-05,840,-4.85,0.3,149,29.9,1,6,15,6,6,6,,0.334,0.332,0.334,,,0.7,2.06
12,H,3,250,E,CU-12-250-3001-H-E,309.5,6,6,0.018849556,2.82743E-05,444,-4.85,0.3,149,14.3,1,6,17,6,6,6,,0.334,0.332,0.334,,4/8/8/8/12/12/16/16/20/24/28/32/40/48/56/56/56,0.7,2.04
12,H,3,250,Q,CU-12-250-3001-H-Q,491,6,6,0.018849556,2.82743E-05,736,-4.85,0.3,149,14.3,1,6,17,6,6,6,,0.334,0.332,0.334,,8/12/16/24/32/40/48/52/56/56/56/56/56/56/56/56/56,0.7,2.22
12,H,4,250,L,CU-12-250-4001-H-L,554.2,6,6,0.018849556,2.82743E-05,952,-4.85,0.3,149,14.3,1,6,17,6,6,6,6,0.25,0.25,0.25,0.25,,0.7,2.04
12,H,4,250,L,CB-12-250-4001-H-L,489,6,6,0.018849556,2.82743E-05,840,-4.85,0.3,149,29.9,1,6,15,6,6,6,6,0.25,0.25,0.25,0.25,,0.7,2.06
12,H,4,250,E,CU-12-250-4001-H-E,231.1,6,6,0.018849556,2.82743E-05,369,-4.85,0.3,149,14.3,1,6,17,6,6,6,6,0.25,0.25,0.25,0.25,4/8/8/8/8/12/12/16/16/20/24/28/36/40/48/56/56,0.7,2.04
12,H,4,250,Q,CU-12-250-4001-H-Q,425.2,6,6,0.018849556,2.82743E-05,736,-4.85,0.3,149,14.3,1,6,17,6,6,6,6,0.25,0.25,0.25,0.25,8/12/16/24/32/40/48/52/56/56/56/56/56/56/56/56/56,0.7,2.22
14,S,1,015,L,CB-14-015-1001-S-L,3715,115,20,0.292831853,0.0022747,36,-4.85,0.3,137.5,27.9,5.75,31.07175638,-,-,-,-,,1,-,-,,,0.7763,6.18
14,S,1,015,L,CU-14-015-1001-S-L,3913,121,20,0.304831853,0.00239338,36,-4.85,0.3,137.5,13.4,6.05,31.40590428,-,-,-,-,,1,-,-,,,0.7763,6.18
14,H,1,015,L,CU-14-015-1001-H-L,3737,8,8,0.025132741,5.02655E-05,1344,-4.85,0.3,137.5,13.4,1,8,24,8,-,-,,1,-,-,,,0.94,-2.95
14,H,1,015,L,CB-14-015-1001-H-L,3270,8,8,0.025132741,5.02655E-05,1176,-4.85,0.3,137.5,27.9,1,8,21,8,-,-,,1,-,-,,,0.94,-2.92
14,H,1,015,E,CU-14-015-1001-H-E,1600,8,8,0.025132741,5.02655E-05,580,-4.85,0.3,137.5,13.4,1,8,24,8,-,-,,1,-,-,,4/4/8/8/8/8/8/12/12/12/16/16/20/20/24/28/32/36/40/44/52/56/56/56/,0.94,-2.95
14,H,1,015,Q,CU-14-015-1001-H-Q,2879.9,8,8,0.025132741,5.02655E-05,1044,-4.85,0.3,137.5,13.4,1,8,24,8,-,-,,1,-,-,,8/8/12/16/24/28/36/40/44/48/52/56/56/56/56/56/56/56/56/56/56/56/56/56,0.94,-2.95
14,H,2,015,L,CU-14-015-2001-H-L,1054.2,8,8,0.025132741,5.02655E-05,720,-4.85,0.3,137.5,13.3,1,8,12,8,8,-,,0.5,0.5,-,,,0.7,2.56
14,H,2,015,L,CB-14-015-2001-H-L,966.3,8,8,0.025132741,5.02655E-05,660,-4.85,0.3,137.5,27.6,1,8,11,8,8,-,,0.5,0.5,-,,,0.7,2.19
14,H,2,015,E,CU-14-015-2001-H-E,412.5,8,8,0.025132741,5.02655E-05,284,-4.85,0.3,137.5,13.3,1,8,12,8,8,-,,0.5,0.5,-,,4/8/8/8/12/16/20/24/32/40/52/60/,0.7,2.56
14,H,2,015,Q,CU-14-015-2001-H-Q,819.2,8,8,0.025132741,5.02655E-05,564,-4.85,0.3,137.5,13.3,1,8,12,8,8,-,,0.5,0.5,-,,8/16/28/40/52/60/60/60/60/60/60/60,0.7,2.56
14,H,3,015,L,CU-14-015-3001-H-L,975.5,8,8,0.025132741,5.02655E-05,816,-4.85,0.3,137.5,13.3,1,8,12,8,8,8,,0.334,0.332,0.334,,,0.7,2.56
14,H,3,015,L,CB-14-015-3001-H-L,894.2,8,8,0.025132741,5.02655E-05,748,-4.85,0.3,137.5,27.6,1,8,11,8,8,8,,0.334,0.332,0.334,,,0.7,2.19
14,H,3,015,E,CU-14-015-3001-H-E,422.2,8,8,0.025132741,5.02655E-05,326,-4.85,0.3,137.5,13.3,1,8,12,8,8,8,,0.334,0.332,0.334,,8/8/8/12/16/20/24/32/40/52/68/68,0.7,2.56
14,H,3,015,Q,CU-14-015-3001-H-Q,749.5,8,8,0.025132741,5.02655E-05,632,-4.85,0.3,137.5,13.3,1,8,12,8,8,8,,0.334,0.332,0.334,,8/16/32/44/56/68/68/68/68/68/68/68,0.7,2.56
14,H,4,015,L,CU-14-015-4001-H-L,745,8,8,0.025132741,5.02655E-05,720,-4.85,0.3,137.5,13.3,1,8,12,8,8,8,8,0.25,0.25,0.25,0.25,,0.7,2.56
14,H,4,015,L,CB-14-015-4001-H-L,682.9,8,8,0.025132741,5.02655E-05,660,-4.85,0.3,137.5,27.6,1,8,11,8,8,8,8,0.25,0.25,0.25,0.25,,0.7,2.19
14,H,4,015,E,CU-14-015-4001-H-E,308.1,8,8,0.025132741,5.02655E-05,277,-4.85,0.3,137.5,13.3,1,8,12,8,8,8,8,0.25,0.25,0.25,0.25,4/8/8/12/12/16/20/28/32/44/56/60,0.7,2.56
14,H,4,015,Q,CU-14-015-4001-H-Q,579.3,8,8,0.025132741,5.02655E-05,564,-4.85,0.3,137.5,13.3,1,8,12,8,8,8,8,0.25,0.25,0.25,0.25,8/16/28/40/52/60/60/60/60/60/60/60,0.7,2.56
14,S,1,030,L,CB-14-030-1001-S-L,3715,115,20,0.292831853,0.0022747,36,-4.85,0.3,137.5,27.9,5.75,31.07175638,-,-,-,-,,1,0.25,0.25,0.25,,0.7786,6.18
14,S,1,030,L,CU-14-030-1001-S-L,3925,121,20,0.304831853,0.00239338,36,-4.85,0.3,137.5,13.4,6.05,31.40590428,-,-,-,-,,1,0.25,0.25,0.25,,0.7786,6.18
14,H,1,030,L,CU-14-030-1001-H-L,3737,8,8,0.025132741,5.02655E-05,1344,-4.85,0.3,137.5,13.4,1,8,24,8,-,-,,1,-,-,,,0.94,-2.95
14,H,1,030,L,CB-14-030-1001-H-L,3270,8,8,0.025132741,5.02655E-05,1176,-4.85,0.3,137.5,27.9,1,8,21,8,-,-,,1,,,,,0.94,-2.92
14,H,1,030,E,CU-14-030-1001-H-E,1600,8,8,0.025132741,5.02655E-05,580,-4.85,0.3,137.5,13.4,1,8,24,8,-,-,,1,-,-,,4/4/8/8/8/8/8/12/12/12/16/16/20/20/24/28/32/36/40/44/52/56/56/56/,0.94,-2.95
14,H,1,030,Q,CU-14-030-1001-H-Q,2879.9,8,8,0.025132741,5.02655E-05,1044,-4.85,0.3,137.5,13.4,1,8,24,8,-,-,,1,-,-,,8/8/12/16/24/28/36/40/44/48/52/56/56/56/56/56/56/56/56/56/56/56/56/56,0.94,-2.95
14,H,2,030,L,CU-14-030-2001-H-L,1054.2,8,8,0.025132741,5.02655E-05,720,-4.85,0.3,137.5,13.3,1,8,12,8,8,-,,0.5,0.5,-,,,0.7,2.56
14,H,2,030,L,CB-14-030-2001-H-L,966.3,8,8,0.025132741,5.02655E-05,660,-4.85,0.3,137.5,27.6,1,8,11,8,8,,,0.5,0.5,-,,,0.7,2.19
14,H,2,030,E,CU-14-030-2001-H-E,412.5,8,8,0.025132741,5.02655E-05,284,-4.85,0.3,137.5,13.3,1,8,12,8,8,-,,0.5,0.5,-,,4/8/8/8/12/16/20/24/32/40/52/60/,0.7,2.56
14,H,2,030,Q,CU-14-030-2001-H-Q,819.2,8,8,0.025132741,5.02655E-05,564,-4.85,0.3,137.5,13.3,1,8,12,8,8,-,,0.5,0.5,-,,8/16/28/40/52/60/60/60/60/60/60/60,0.7,2.56
14,H,3,030,L,CU-14-030-3001-H-L,975.5,8,8,0.025132741,5.02655E-05,816,-4.85,0.3,137.5,13.3,1,8,12,8,8,8,,0.334,0.332,0.334,,,0.7,2.56
14,H,3,030,L,CB-14-030-3001-H-L,894.2,8,8,0.025132741,5.02655E-05,748,-4.85,0.3,137.5,27.6,1,8,11,8,8,8,,0.334,0.332,0.334,,,0.7,2.19
14,H,3,030,E,CU-14-030-3001-H-E,422.2,8,8,0.025132741,5.02655E-05,326,-4.85,0.3,137.5,13.3,1,8,12,8,8,8,,0.334,0.332,0.334,,8/8/8/12/16/20/24/32/40/52/68/68,0.7,2.56
14,H,3,030,Q,CU-14-030-3001-H-Q,749.5,8,8,0.025132741,5.02655E-05,632,-4.85,0.3,137.5,13.3,1,8,12,8,8,8,,0.334,0.332,0.334,,8/16/32/44/56/68/68/68/68/68/68/68,0.7,2.56
14,H,4,030,L,CU-14-030-4001-H-L,745,8,8,0.025132741,5.02655E-05,720,-4.85,0.3,137.5,13.3,1,8,12,8,8,8,8,0.25,0.25,0.25,0.25,,0.7,2.56
14,H,4,030,L,CB-14-030-4001-H-L,682.9,8,8,0.025132741,5.02655E-05,660,-4.85,0.3,137.5,27.6,1,8,11,8,8,8,8,0.25,0.25,0.25,0.25,,0.7,2.19
14,H,4,030,E,CU-14-030-4001-H-E,308.1,8,8,0.025132741,5.02655E-05,277,-4.85,0.3,137.5,13.3,1,8,12,8,8,8,8,0.25,0.25,0.25,0.25,4/8/8/12/12/16/20/28/32/44/56/60,0.7,2.56
14,H,4,030,Q,CU-14-030-4001-H-Q,579.3,8,8,0.025132741,5.02655E-05,564,-4.85,0.3,137.5,13.3,1,8,12,8,8,8,8,0.25,0.25,0.25,0.25,8/16/28/40/52/60/60/60/60/60/60/60,0.7,2.56
14,S,1,060,L,CB-14-060-1001-S-L,3803,134,20,0.330831853,0.00265052,32,-4.85,0.3,159.9,28.3,6.7,32.04673281,-,-,-,-,,1,-,-,,,0.7649,6.51
14,S,1,060,L,CU-14-060-1001-S-L,4056,143,20,0.348831853,0.00282854,32,-4.85,0.3,159.9,13.6,7.15,32.43442335,-,-,-,-,,1,-,-,,,0.7649,6.51
14,H,1,060,L,CU-14-060-1001-H-L,3439,8,8,0.025132741,5.02655E-05,1352,-4.85,0.3,159.9,13.6,1,8,26,8,-,-,,1,-,-,,,0.86,-2.47
14,H,1,060,L,CB-14-060-1001-H-L,3042.5,8,8,0.025132741,5.02655E-05,1196,-4.85,0.3,159.9,28.3,1,8,23,8,-,-,,1,-,-,,,0.86,-2.38
14,H,1,060,E,CU-14-060-1001-H-E,1473.9,8,8,0.025132741,5.02655E-05,584,-4.85,0.3,159.9,13.6,1,8,26,8,-,-,,1,-,-,,4/4/4/8/8/8/8/8/12/12/12/16/16/16/20/20/24/28/32/36/40/44/48/52/52/52/,0.86,-2.47
14,H,1,060,Q,CU-14-060-1001-H-Q,2675.2,8,8,0.025132741,5.02655E-05,1060,-4.85,0.3,159.9,13.6,1,8,26,8,-,-,,1,-,-,,4/8/12/16/20/24/28/36/40/44/48/52/52/52/52/52/52/52/52/52/52/52/52/52/52/52,0.86,-2.47
14,H,2,060,L,CU-14-060-2001-H-L,1065.9,8,8,0.025132741,5.02655E-05,728,-4.85,0.3,159.9,13.8,1,8,14,8,8,-,,0.5,0.5,-,,,0.7,2.62
14,H,2,060,L,CB-14-060-2001-H-L,989.7,8,8,0.025132741,5.02655E-05,676,-4.85,0.3,159.9,28.7,1,8,13,8,8,-,,0.5,0.5,-,,,0.7,2.27
14,H,2,060,E,CU-14-060-2001-H-E,470.6,8,8,0.025132741,5.02655E-05,324,-4.85,0.3,159.9,13.8,1,8,14,8,8,-,,0.5,0.5,-,,4/8/8/8/12/12/16/20/24/28/36/44/52/52/,0.7,2.62
14,H,2,060,Q,CU-14-060-2001-H-Q,830.9,8,8,0.025132741,5.02655E-05,572,-4.85,0.3,159.9,13.8,1,8,14,8,8,-,,0.5,0.5,-,,8/12/20/28/40/48/52/52/52/52/52/52/52/52,0.7,2.62
14,H,3,060,L,CU-14-060-3001-H-L,870,8,8,0.025132741,5.02655E-05,728,-4.85,0.3,159.9,13.8,1,8,14,8,8,8,,0.334,0.332,0.334,,,0.7,2.62
14,H,3,060,L,CB-14-060-3001-H-L,807.8,8,8,0.025132741,5.02655E-05,676,-4.85,0.3,159.9,28.7,1,8,13,8,8,8,,0.334,0.332,0.334,,,0.7,
14,H,3,060,E,CU-14-060-3001-H-E,417.5,8,8,0.025132741,5.02655E-05,336,-4.85,0.3,159.9,13.8,1,8,14,8,8,8,,0.334,0.332,0.334,,4/8/8/8/12/12/16/20/24/32/40/48/52/52,0.7,2.62
14,H,3,060,Q,CU-14-060-3001-H-Q,678.4,8,8,0.025132741,5.02655E-05,572,-4.85,0.3,159.9,13.8,1,8,14,8,8,8,,0.334,0.332,0.334,,8/12/20/28/40/48/52/52/52/52/52/52/52/52,0.7,2.62
14,H,4,060,L,CU-14-060-4001-H-L,811.7,8,8,0.025132741,5.02655E-05,784,-4.85,0.3,159.9,13.8,1,8,14,8,8,8,8,0.25,0.25,0.25,0.25,,0.7,2.62
14,H,4,060,L,CB-14-060-4001-H-L,753.7,8,8,0.025132741,5.02655E-05,728,-4.85,0.3,159.9,28.7,1,8,13,8,8,8,8,0.25,0.25,0.25,0.25,,0.7,2.27
14,H,4,060,E,CU-14-060-4001-H-E,341,8,8,0.025132741,5.02655E-05,306,-4.85,0.3,159.9,13.8,1,8,14,8,8,8,8,0.25,0.25,0.25,0.25,4/8/8/8/12/12/16/20/24/28/36/44/56/56,0.7,2.62
14,H,4,060,Q,CU-14-060-4001-H-Q,624.5,8,8,0.025132741,5.02655E-05,608,-4.85,0.3,159.9,13.8,1,8,14,8,8,8,8,0.25,0.25,0.25,0.25,8/12/20/32/40/48/56/56/56/56/56/56/56/56,0.7,2.62
14,S,1,090,L,CB-14-090-1001-S-L,3767,134,20,0.330831853,0.00265052,32,-4.85,0.3,159.9,28.3,6.7,32.04673281,-,-,-,-,,1,-,-,,,0.7579,6.51
14,S,1,090,L,CU-14-090-1001-S-L,4019,143,20,0.348831853,0.00282854,32,-4.85,0.3,159.9,13.6,7.15,32.43442335,-,-,-,-,,1,-,-,,,0.7579,6.51
14,H,1,090,L,CU-14-090-1001-H-L,3663.3,8,8,0.025132741,5.02655E-05,1440,-4.85,0.3,159.9,13.6,1,8,24,8,-,-,,1,-,-,,,0.86,-1.99
14,H,1,090,L,CB-14-090-1001-H-L,3358,8,8,0.025132741,5.02655E-05,1320,-4.85,0.3,159.9,28.3,1,8,22,8,-,-,,1,-,-,,,0.86,-2.11
14,H,1,090,E,CU-14-090-1001-H-E,1494.1,8,8,0.025132741,5.02655E-05,592,-4.85,0.3,159.9,13.6,1,8,24,8,-,-,,1,-,-,,4/4/8/8/8/8/8/12/12/12/16/16/20/20/24/28/32/36/40/44/52/60/60/60/,0.86,-1.99
14,H,1,090,Q,CU-14-090-1001-H-Q,2816.5,8,8,0.025132741,5.02655E-05,1116,-4.85,0.3,159.9,13.6,1,8,24,8,-,-,,1,-,-,,8/8/12/16/24/32/36/44/48/52/56/60/60/60/60/60/60/60/60/60/60/60/60/60,0.86,-1.99
14,H,2,090,L,CU-14-090-2001-H-L,1065.9,8,8,0.025132741,5.02655E-05,728,-4.85,0.3,159.9,13.8,1,8,14,8,8,-,,0.5,0.5,-,,,0.7,2.62
14,H,2,090,L,CB-14-090-2001-H-L,989.7,8,8,0.025132741,5.02655E-05,676,-4.85,0.3,159.9,28.7,1,8,13,8,8,-,,0.5,0.5,-,,,0.7,2.27
14,H,2,090,E,CU-14-090-2001-H-E,470.6,8,8,0.025132741,5.02655E-05,324,-4.85,0.3,159.9,13.8,1,8,14,8,8,-,,0.5,0.5,-,,4/8/8/8/12/12/16/20/24/28/36/44/52/52/,0.7,2.62
14,H,2,090,Q,CU-14-090-2001-H-Q,830.9,8,8,0.025132741,5.02655E-05,572,-4.85,0.3,159.9,13.8,1,8,14,8,8,-,,0.5,0.5,-,,8/12/20/28/40/48/52/52/52/52/52/52/52/52,0.7,2.62
14,H,3,090,L,CU-14-090-3001-H-L,870,8,8,0.025132741,5.02655E-05,728,-4.85,0.3,159.9,13.8,1,8,14,8,8,8,,0.334,0.332,0.334,,,0.7,2.62
14,H,3,090,L,CB-14-090-3001-H-L,807.8,8,8,0.025132741,5.02655E-05,676,-4.85,0.3,159.9,28.7,1,8,13,8,8,8,,0.334,0.332,0.334,,,0.7,
14,H,3,090,E,CU-14-090-3001-H-E,417.5,8,8,0.025132741,5.02655E-05,336,-4.85,0.3,159.9,13.8,1,8,14,8,8,8,,0.334,0.332,0.334,,4/8/8/8/12/12/16/20/24/32/40/48/52/52,0.7,2.62
14,H,3,090,Q,CU-14-090-3001-H-Q,678.4,8,8,0.025132741,5.02655E-05,572,-4.85,0.3,159.9,13.8,1,8,14,8,8,8,,0.334,0.332,0.334,,8/12/20/28/40/48/52/52/52/52/52/52/52/52,0.7,2.62
14,H,4,090,L,CU-14-090-4001-H-L,811.7,8,8,0.025132741,5.02655E-05,784,-4.85,0.3,159.9,13.8,1,8,14,8,8,8,8,0.25,0.25,0.25,0.25,,0.7,2.62
14,H,4,090,L,CB-14-090-4001-H-L,753.7,8,8,0.025132741,5.02655E-05,728,-4.85,0.3,159.9,28.7,1,8,13,8,8,8,8,0.25,0.25,0.25,0.25,,0.7,2.27
14,H,4,090,E,CU-14-090-4001-H-E,341,8,8,0.025132741,5.02655E-05,306,-4.85,0.3,159.9,13.8,1,8,14,8,8,8,8,0.25,0.25,0.25,0.25,4/8/8/8/12/12/16/20/24/28/36/44/56/56,0.7,2.62
14,H,4,090,Q,CU-14-090-4001-H-Q,624.5,8,8,0.025132741,5.02655E-05,608,-4.85,0.3,159.9,13.8,1,8,14,8,8,8,8,0.25,0.25,0.25,0.25,8/12/20/32/40/48/56/56/56/56/56/56/56/56,0.7,2.62
14,S,1,150,L,CB-14-150-1001-S-L,3306,157,20,0.376831853,0.00310546,28,-4.85,0.3,190,30.4,7.85,32.96388004,-,-,-,-,,1,-,-,,,0.6485,9.17
14,S,1,150,L,CU-14-150-1001-S-L,3624,172,20,0.406831853,0.00340216,28,-4.85,0.3,190,14.9,8.6,33.45028148,-,-,-,-,,1,-,-,,,0.6485,9.17
14,H,1,150,L,CU-14-150-1001-H-L,2319.1,8,8,0.025132741,5.02655E-05,1568,-4.85,0.3,190,14.9,1,8,28,8,-,-,,1,-,-,,,0.5,-1.81
14,H,1,150,L,CB-14-150-1001-H-L,2070,8,8,0.025132741,5.02655E-05,1400,-4.85,0.3,190,30.4,1,8,25,8,-,-,,1,-,-,,,0.5,-1.68
14,H,1,150,E,CU-14-150-1001-H-E,986,8,8,0.025132741,5.02655E-05,672,-4.85,0.3,190,14.9,1,8,28,8,-,-,,1,-,-,,4/4/8/8/8/8/8/8/12/12/12/12/16/16/20/20/24/24/28/32/36/40/44/48/52/56/56/56/,0.5,-1.81
14,H,1,150,Q,CU-14-150-1001-H-Q,1807.7,8,8,0.025132741,5.02655E-05,1232,-4.85,0.3,190,14.9,1,8,28,8,-,-,,1,-,-,,8/8/12/16/20/24/28/36/40/44/48/52/56/56/56/56/56/56/56/56/56/56/56/56/56/56/56/56,0.5,-1.81
14,H,2,150,L,CU-14-150-2001-H-L,1294.3,8,8,0.025132741,5.02655E-05,884,-4.85,0.3,190,16.1,1,8,17,8,8,-,,0.5,0.5,-,,,0.7,2.37
14,H,2,150,L,CB-14-150-2001-H-L,1142,8,8,0.025132741,5.02655E-05,780,-4.85,0.3,190,31.5,1,8,15,8,8,-,,0.5,0.5,-,,,0.7,2.03
14,H,2,150,E,CU-14-150-2001-H-E,557.8,8,8,0.025132741,5.02655E-05,384,-4.85,0.3,190,16.1,1,8,17,8,8,-,,0.5,0.5,-,,4/4/8/8/8/12/12/16/16/20/24/28/32/40/48/52/52/,0.7,2.37
14,H,2,150,Q,CU-14-150-2001-H-Q,1005.2,8,8,0.025132741,5.02655E-05,692,-4.85,0.3,190,16.1,1,8,17,8,8,-,,0.5,0.5,-,,8/8/16/24/32/40/44/52/52/52/52/52/52/52/52/52/52,0.7,2.37
14,H,3,150,L,CU-14-150-3001-H-L,1056.8,8,8,0.025132741,5.02655E-05,884,-4.85,0.3,190,16.1,1,8,17,8,8,8,,0.334,0.332,0.334,,,0.7,2.37
14,H,3,150,L,CB-14-150-3001-H-L,932.4,8,8,0.025132741,5.02655E-05,780,-4.85,0.3,190,31.5,1,8,15,8,8,8,,0.334,0.332,0.334,,,0.7,2.03
14,H,3,150,E,CU-14-150-3001-H-E,507.6,8,8,0.025132741,5.02655E-05,408,-4.85,0.3,190,16.1,1,8,17,8,8,8,,0.334,0.332,0.334,,4/8/8/8/8/12/12/16/20/20/24/32/36/44/52/52/52,0.7,2.37
14,H,3,150,Q,CU-14-150-3001-H-Q,820.7,8,8,0.025132741,5.02655E-05,692,-4.85,0.3,190,16.1,1,8,17,8,8,8,,0.334,0.332,0.334,,8/12/20/28/36/48/52/60/60/60/60/60/60/60/60/60/60/,0.7,2.37
14,H,4,150,L,CU-14-150-4001-H-L,915.2,8,8,0.025132741,5.02655E-05,884,-4.85,0.3,190,16.1,1,8,17,8,8,8,8,0.25,0.25,0.25,0.25,,0.7,2.37
14,H,4,150,L,CB-14-150-4001-H-L,807.5,8,8,0.025132741,5.02655E-05,780,-4.85,0.3,190,31.5,1,8,15,8,8,8,8,0.25,0.25,0.25,0.25,,0.7,2.03
14,H,4,150,E,CU-14-150-4001-H-E,394.4,8,8,0.025132741,5.02655E-05,351,-4.85,0.3,190,16.1,1,8,17,8,8,8,8,0.25,0.25,0.25,0.25,4/4/8/8/8/12/12/16/16/20/24/28/32/40/48/52/52,0.7,2.37
14,H,4,150,Q,CU-14-150-4001-H-Q,710.8,8,8,0.025132741,5.02655E-05,692,-4.85,0.3,190,16.1,1,8,17,8,8,8,8,0.25,0.25,0.25,0.25,8/8/16/24/32/40/44/52/52/52/52/52/52/52/52/52/52,0.7,2.37
16,S,1,015,L,CB-16-015-1001-S-L,4375,105,20,0.272831853,0.0020769,44,-4.85,0.3,153.5,33.96,5.25,30.44952379,-,-,-,-,,1,-,-,,,0.7,6.13
16,S,1,015,L,CU-16-015-1001-S-L,5100,125,20,0.312831853,0.0024725,44,-4.85,0.3,153.5,15.2,6.25,31.6144277,-,-,-,-,,1,-,-,,,0.7,6.13
16,H,1,015,L,CU-16-015-1001-H-L,3925.7,8,8,0.025132741,5.02655E-05,1520,-4.85,0.3,153.5,15.2,1,8,20,8,-,-,,1,-,-,,,0.8731,-1.14
16,H,1,015,L,CB-16-015-1001-H-L,3533.1,8,8,0.025132741,5.02655E-05,1368,-4.85,0.3,153.5,33.96,1,8,18,8,-,-,,1,-,-,,,0.8731,-1.44
16,H,1,015,E,CU-16-015-1001-H-E,1455.3,8,8,0.025132741,5.02655E-05,568,-4.85,0.3,153.5,15.2,1,8,20,8,-,-,,1,-,-,,8/8/8/8/12/12/12/16/16/20/24/28/32/36/44/52/60/68/76/76/,0.8731,-1.14
16,H,1,015,Q,CU-16-015-1001-H-Q,3023.4,8,8,0.025132741,5.02655E-05,1180,-4.85,0.3,153.5,15.2,1,8,20,8,-,-,,1,-,-,,8/12/20/28/36/48/56/64/72/76/76/76/76/76/76/76/76/76/76/76,0.8731,-1.14
16,H,2,015,L,CU-16-015-2001-H-L,1393.9,8,8,0.025132741,5.02655E-05,952,-4.85,0.3,153.5,15.3,1,8,14,8,8,-,,0.5,0.5,-,,,0.7,2.02
16,H,2,015,L,CB-16-015-2001-H-L,1294.3,8,8,0.025132741,5.02655E-05,884,-4.85,0.3,153.5,33.96,1,8,13,8,8,-,,0.5,0.5,-,,,0.7,2.14
16,H,2,015,E,CU-16-015-2001-H-E,522.9,8,8,0.025132741,5.02655E-05,360,-4.85,0.3,153.5,15.3,1,8,14,8,8,-,,0.5,0.5,-,,4/8/8/8/12/12/16/20/24/32/40/48/60/68/,0.7,2.02
16,H,2,015,Q,CU-16-015-2001-H-Q,1069.1,8,8,0.025132741,5.02655E-05,736,-4.85,0.3,153.5,15.3,1,8,14,8,8,-,,0.5,0.5,-,,8/16/24/36/48/60/68/68/68/68/68/68/68/68,0.7,2.02
16,H,3,015,L,CU-16-015-3001-H-L,1138.1,8,8,0.025132741,5.02655E-05,952,-4.85,0.3,153.5,15.3,1,8,14,8,8,8,,0.334,0.332,0.334,,,0.7,2.02
16,H,3,015,L,CB-16-015-3001-H-L,1056.8,8,8,0.025132741,5.02655E-05,884,-4.85,0.3,153.5,33.96,1,8,13,8,8,8,,0.334,0.332,0.334,,,0.7,2.14
16,H,3,015,E,CU-16-015-3001-H-E,521.8,8,8,0.025132741,5.02655E-05,420,-4.85,0.3,153.5,15.3,1,8,14,8,8,8,,0.334,0.332,0.334,,4/8/8/12/12/16/20/24/32/40/48/60/68/68,0.7,2.02
16,H,3,015,Q,CU-16-015-3001-H-Q,872.9,8,8,0.025132741,5.02655E-05,736,-4.85,0.3,153.5,15.3,1,8,14,8,8,8,,0.334,0.332,0.334,,8/16/24/36/48/60/68/68/68/68/68/68/68/68,0.7,2.02
16,H,4,015,L,CU-16-015-4001-H-L,985.6,8,8,0.025132741,5.02655E-05,952,-4.85,0.3,153.5,15.3,1,8,14,8,8,8,8,0.25,0.25,0.25,0.25,,0.7,2.02
16,H,4,015,L,CB-16-015-4001-H-L,915.2,8,8,0.025132741,5.02655E-05,884,-4.85,0.3,153.5,33.96,1,8,13,8,8,8,8,0.25,0.25,0.25,0.25,,0.7,2.14
16,H,4,015,E,CU-16-015-4001-H-E,419.1,8,8,0.025132741,5.02655E-05,375,-4.85,0.3,153.5,15.3,1,8,14,8,8,8,8,0.25,0.25,0.25,0.25,8/8/8/12/12/16/20/24/28/36/44/56/68/68,0.7,2.02
16,H,4,015,Q,CU-16-015-4001-H-Q,755.9,8,8,0.025132741,5.02655E-05,736,-4.85,0.3,153.5,15.3,1,8,14,8,8,8,8,0.25,0.25,0.25,0.25,8/16/24/36/48/60/68/68/68/68/68/68/68/68,0.7,2.02
16,S,1,030,L,CB-16-030-1001-S-L,4375,105,20,0.272831853,0.0020769,44,-4.85,0.3,153.5,33.96,5.25,30.44952379,-,-,-,-,,1,-,-,,,0.7,6.13
16,S,1,030,L,CU-16-030-1001-S-L,5100,125,20,0.312831853,0.0024725,44,-4.85,0.3,153.5,15.2,6.25,31.6144277,-,-,-,-,,1,-,-,,,0.7,6.13
16,H,1,030,L,CU-16-030-1001-H-L,3925.7,8,8,0.025132741,5.02655E-05,1520,-4.85,0.3,153.5,15.2,1,8,20,8,-,-,,1,-,-,,,0.8731,-1.14
16,H,1,030,L,CB-16-030-1001-H-L,3533.1,8,8,0.025132741,5.02655E-05,1368,-4.85,0.3,153.5,33.96,1,8,18,8,-,-,,1,-,-,,,0.8731,-1.44
16,H,1,030,E,CU-16-030-1001-H-E,1455.3,8,8,0.025132741,5.02655E-05,568,-4.85,0.3,153.5,15.2,1,8,20,8,-,-,,1,-,-,,8/8/8/8/12/12/12/16/16/20/24/28/32/36/44/52/60/68/76/76/,0.8731,-1.14
16,H,1,030,Q,CU-16-030-1001-H-Q,3023.4,8,8,0.025132741,5.02655E-05,1180,-4.85,0.3,153.5,15.2,1,8,20,8,-,-,,1,-,-,,8/12/20/28/36/48/56/64/72/76/76/76/76/76/76/76/76/76/76/76,0.8731,-1.14
16,H,2,030,L,CU-16-030-2001-H-L,1393.9,8,8,0.025132741,5.02655E-05,952,-4.85,0.3,153.5,15.3,1,8,14,8,8,-,,0.5,0.5,-,,,0.7,2.02
16,H,2,030,L,CB-16-030-2001-H-L,1294.3,8,8,0.025132741,5.02655E-05,884,-4.85,0.3,153.5,33.96,1,8,13,8,8,-,,0.5,0.5,-,,,0.7,2.14
16,H,2,030,E,CU-16-030-2001-H-E,522.9,8,8,0.025132741,5.02655E-05,360,-4.85,0.3,153.5,15.3,1,8,14,8,8,-,,0.5,0.5,-,,4/8/8/8/12/12/16/20/24/32/40/48/60/68/,0.7,2.02
16,H,2,030,Q,CU-16-030-2001-H-Q,1069.1,8,8,0.025132741,5.02655E-05,736,-4.85,0.3,153.5,15.3,1,8,14,8,8,-,,0.5,0.5,-,,8/16/24/36/48/60/68/68/68/68/68/68/68/68,0.7,2.02
16,H,3,030,L,CU-16-030-3001-H-L,1138.1,8,8,0.025132741,5.02655E-05,952,-4.85,0.3,153.5,15.3,1,8,14,8,8,8,,0.334,0.332,0.334,,,0.7,2.02
16,H,3,030,L,CB-16-030-3001-H-L,1056.8,8,8,0.025132741,5.02655E-05,884,-4.85,0.3,153.5,33.96,1,8,13,8,8,8,,0.334,0.332,0.334,,,0.7,2.14
16,H,3,030,E,CU-16-030-3001-H-E,483.9,8,8,0.025132741,5.02655E-05,424,-4.85,0.3,153.5,15.3,1,8,14,8,8,8,,0.334,0.332,0.334,,8/8/8/12/12/16/20/24/28/36/44/56/68/68,0.7,2.02
16,H,3,030,Q,CU-16-030-3001-H-Q,872.9,8,8,0.025132741,5.02655E-05,736,-4.85,0.3,153.5,15.3,1,8,14,8,8,8,,0.334,0.332,0.334,,8/16/24/36/48/60/68/68/68/68/68/68/68/68,0.7,2.02
16,H,4,030,L,CU-16-030-4001-H-L,985.6,8,8,0.025132741,5.02655E-05,952,-4.85,0.3,153.5,15.3,1,8,14,8,8,8,8,0.25,0.25,0.25,0.25,,0.7,2.02
16,H,4,030,L,CB-16-030-4001-H-L,915.2,8,8,0.025132741,5.02655E-05,884,-4.85,0.3,153.5,33.96,1,8,13,8,8,8,8,0.25,0.25,0.25,0.25,,0.7,2.14
16,H,4,030,E,CU-16-030-4001-H-E,419.1,8,8,0.025132741,5.02655E-05,375,-4.85,0.3,153.5,15.3,1,8,14,8,8,8,8,0.25,0.25,0.25,0.25,8/8/8/12/12/16/20/24/28/36/44/56/68/68,0.7,2.02
16,H,4,030,Q,CU-16-030-4001-H-Q,755.9,8,8,0.025132741,5.02655E-05,736,-4.85,0.3,153.5,15.3,1,8,14,8,8,8,8,0.25,0.25,0.25,0.25,8/16/24/36/48/60/68/68/68/68/68/68/68/68,0.7,2.02
16,S,1,060,L,CB-16-060-1001-S-L,4593.2,125.5,20,0.313831853,0.00248239,40,-4.85,0.3,178.4,34,6.275,31.63974562,-,-,-,-,,1,-,-,,,0.7,7.49
16,S,1,060,L,CU-16-060-1001-S-L,5196,142,20,0.346831853,0.00280876,40,-4.85,0.3,178.4,15.2,7.1,32.39333383,-,-,-,-,,1,-,-,,,0.7,7.49
16,H,1,060,L,CU-16-060-1001-H-L,4147,8,8,0.025132741,5.02655E-05,1632,-4.85,0.3,178.4,15.2,1,8,24,8,-,-,,1,-,-,,,0.859,-1.25
16,H,1,060,L,CB-16-060-1001-H-L,3628.5,8,8,0.025132741,5.02655E-05,1428,-4.85,0.3,178.4,34,1,8,21,8,-,-,,1,-,-,,,0.859,-1.18
16,H,1,060,E,CU-16-060-1001-H-E,1694,8,8,0.025132741,5.02655E-05,672,-4.85,0.3,178.4,15.2,1,8,24,8,-,-,,1,-,-,,4/8/8/8/8/8/12/12/12/16/16/20/20/24/28/32/36/40/44/52/60/68/68/68/,0.859,-1.25
16,H,1,060,Q,CU-16-060-1001-H-Q,3186.3,8,8,0.025132741,5.02655E-05,1264,-4.85,0.3,178.4,15.2,1,8,24,8,-,-,,1,-,-,,8/8/12/20/28/36/40/48/56/60/64/68/68/68/68/68/68/68/68/68/68/68/68/68,0.859,-1.25
16,H,2,060,L,CU-16-060-2001-H-L,1499.3,8,8,0.025132741,5.02655E-05,1024,-4.85,0.3,178.4,15.3,1,8,16,8,8,-,,0.5,0.5,-,,,0.7,2.34
16,H,2,060,L,CB-16-060-2001-H-L,1311.8,8,8,0.025132741,5.02655E-05,896,-4.85,0.3,178.4,34,1,8,14,8,8,-,,0.5,0.5,-,,,0.7,2.49
16,H,2,060,E,CU-16-060-2001-H-E,604.3,8,8,0.025132741,5.02655E-05,416,-4.85,0.3,178.4,15.3,1,8,16,8,8,-,,0.5,0.5,-,,4/8/8/8/12/12/16/16/20/24/28/36/44/52/64/64/,0.7,2.34
16,H,2,060,Q,CU-16-060-2001-H-Q,1150.4,8,8,0.025132741,5.02655E-05,792,-4.85,0.3,178.4,15.3,1,8,16,8,8,-,,0.5,0.5,-,,8/12/20/32/40/48/56/64/64/64/64/64/64/64/64/64,0.7,2.34
16,H,3,060,L,CU-16-060-3001-H-L,1224.1,8,8,0.025132741,5.02655E-05,1024,-4.85,0.3,178.4,15.3,1,8,16,8,8,8,,0.334,0.332,0.334,,,0.7,2.34
16,H,3,060,L,CB-16-060-3001-H-L,1071,8,8,0.025132741,5.02655E-05,896,-4.85,0.3,178.4,34,1,8,14,8,8,8,,0.334,0.332,0.334,,,0.7,2.49
16,H,3,060,E,CU-16-060-3001-H-E,588.3,8,8,0.025132741,5.02655E-05,472,-4.85,0.3,178.4,15.3,1,8,16,8,8,8,,0.334,0.332,0.334,,4/8/8/12/12/16/16/20/24/28/36/44/52/64/64/64,0.7,2.34
16,H,3,060,Q,CU-16-060-3001-H-Q,939.3,8,8,0.025132741,5.02655E-05,792,-4.85,0.3,178.4,15.3,1,8,16,8,8,8,,0.334,0.332,0.334,,8/12/20/32/40/48/56/64/64/64/64/64/64/64/64/64,0.7,2.34
16,H,4,060,L,CU-16-060-4001-H-L,1060,8,8,0.025132741,5.02655E-05,1024,-4.85,0.3,178.4,15.3,1,8,16,8,8,8,8,0.25,0.25,0.25,0.25,,0.7,2.34
16,H,4,060,L,CB-16-060-4001-H-L,514.5,8,8,0.025132741,5.02655E-05,1008,-4.85,0.3,178.4,34,1,8,14,8,8,8,8,0.25,0.25,0.25,0.25,,0.7,2.49
16,H,4,060,E,CU-16-060-4001-H-E,427.3,8,8,0.025132741,5.02655E-05,387,-4.85,0.3,178.4,15.3,1,8,16,8,8,8,8,0.25,0.25,0.25,0.25,4/8/8/8/12/12/16/16/20/24/28/36/44/52/64/64,0.7,2.34
16,H,4,060,Q,CU-16-060-4001-H-Q,813.5,8,8,0.025132741,5.02655E-05,792,-4.85,0.3,178.4,15.3,1,8,16,8,8,8,8,0.25,0.25,0.25,0.25,8/16/24/36/48/60/68/72/72/72/72/72/72/72/72/72/,0.7,2.34
16,S,1,090,L,CB-16-090-1001-S-L,4593.2,125.5,20,0.313831853,0.00248239,40,-4.85,0.3,178.4,34,6.275,31.63974562,-,-,-,-,,1,-,-,,,0.7,7.49
16,S,1,090,L,CU-16-090-1001-S-L,5196,142,20,0.346831853,0.00280876,40,-4.85,0.3,178.4,15.2,7.1,32.39333383,-,-,-,-,,1,-,-,,,0.7,7.49
16,H,1,090,L,CU-16-090-1001-H-L,4147,8,8,0.025132741,5.02655E-05,1632,-4.85,0.3,178.4,15.2,1,8,24,8,-,-,,1,-,-,,,0.859,-1.25
16,H,1,090,L,CB-16-090-1001-H-L,3628.5,8,8,0.025132741,5.02655E-05,1428,-4.85,0.3,178.4,34,1,8,21,8,-,-,,1,-,-,,,0.859,-1.18
16,H,1,090,E,CU-16-090-1001-H-E,1694,8,8,0.025132741,5.02655E-05,672,-4.85,0.3,178.4,15.2,1,8,24,8,-,-,,1,-,-,,4/8/8/8/8/8/12/12/12/16/16/20/20/24/28/32/36/40/44/52/60/68/68/68/,0.859,-1.25
16,H,1,090,Q,CU-16-090-1001-H-Q,3186.3,8,8,0.025132741,5.02655E-05,1264,-4.85,0.3,178.4,15.2,1,8,24,8,-,-,,1,-,-,,8/8/12/20/28/36/40/48/56/60/64/68/68/68/68/68/68/68/68/68/68/68/68/68,0.859,-1.25
16,H,2,090,L,CU-16-090-2001-H-L,1499.3,8,8,0.025132741,5.02655E-05,1024,-4.85,0.3,178.4,15.3,1,8,16,8,8,-,,0.5,0.5,-,,,0.7,2.34
16,H,2,090,L,CB-16-090-2001-H-L,1311.8,8,8,0.025132741,5.02655E-05,896,-4.85,0.3,178.4,34,1,8,14,8,8,-,,0.5,0.5,-,,,0.7,2.49
16,H,2,090,E,CU-16-090-2001-H-E,604.3,8,8,0.025132741,5.02655E-05,416,-4.85,0.3,178.4,15.3,1,8,16,8,8,-,,0.5,0.5,-,,4/8/8/8/12/12/16/16/20/24/28/36/44/52/64/64/,0.7,2.34
16,H,2,090,Q,CU-16-090-2001-H-Q,1150.4,8,8,0.025132741,5.02655E-05,792,-4.85,0.3,178.4,15.3,1,8,16,8,8,-,,0.5,0.5,-,,8/12/20/32/40/48/56/64/64/64/64/64/64/64/64/64,0.7,2.34
16,H,3,090,L,CU-16-090-3001-H-L,1224.1,8,8,0.025132741,5.02655E-05,1024,-4.85,0.3,178.4,15.3,1,8,16,8,8,8,,0.334,0.332,0.334,,,0.7,2.34
16,H,3,090,L,CB-16-090-3001-H-L,1071,8,8,0.025132741,5.02655E-05,896,-4.85,0.3,178.4,34,1,8,14,8,8,8,,0.334,0.332,0.334,,,0.7,2.49
16,H,3,090,E,CU-16-090-3001-H-E,588.3,8,8,0.025132741,5.02655E-05,472,-4.85,0.3,178.4,15.3,1,8,16,8,8,8,,0.334,0.332,0.334,,4/8/8/12/12/16/16/20/24/28/36/44/52/64/64/64,0.7,2.34
16,H,3,090,Q,CU-16-090-3001-H-Q,939.3,8,8,0.025132741,5.02655E-05,792,-4.85,0.3,178.4,15.3,1,8,16,8,8,8,,0.334,0.332,0.334,,8/12/20/32/40/48/56/64/64/64/64/64/64/64/64/64,0.7,2.34
16,H,4,090,L,CU-16-090-4001-H-L,1060,8,8,0.025132741,5.02655E-05,1024,-4.85,0.3,178.4,15.3,1,8,16,8,8,8,8,0.25,0.25,0.25,0.25,,0.7,2.34
16,H,4,090,L,CB-16-090-4001-H-L,514.5,8,8,0.025132741,5.02655E-05,1008,-4.85,0.3,178.4,34,1,8,14,8,8,8,8,0.25,0.25,0.25,0.25,,0.7,2.49
16,H,4,090,E,CU-16-090-4001-H-E,427.3,8,8,0.025132741,5.02655E-05,387,-4.85,0.3,178.4,15.3,1,8,16,8,8,8,8,0.25,0.25,0.25,0.25,4/8/8/8/12/12/16/16/20/24/28/36/44/52/64/64,0.7,2.34
16,H,4,090,Q,CU-16-090-4001-H-Q,813.5,8,8,0.025132741,5.02655E-05,792,-4.85,0.3,178.4,15.3,1,8,16,8,8,8,8,0.25,0.25,0.25,0.25,8/16/24/36/48/60/68/72/72/72/72/72/72/72/72/72/,0.7,2.34
16,S,1,150,L,CB-16-150-1001-S-L,3960,154,20,0.370831853,0.00304612,32,-4.85,0.3,195,34.1,7.7,32.85715588,-,-,-,-,,1,-,-,,,0.7,11.42
16,S,1,150,L,CU-16-150-1001-S-L,4500,175,20,0.412831853,0.0034615,32,-4.85,0.3,195,15.3,8.75,33.53907868,-,-,-,-,,1,,-,,,0.7,11.42
16,H,1,150,L,CU-16-150-1001-H-L,3693.6,8,8,0.025132741,5.02655E-05,1792,-4.85,0.3,195,15.3,1,8,28,8,-,-,,1,-,-,,,0.6968,-1.64
16,H,1,150,L,CB-16-150-1001-H-L,3297.9,8,8,0.025132741,5.02655E-05,1600,-4.85,0.3,195,34.1,1,8,25,8,-,-,,1,-,-,,,0.6968,-1.64
16,H,1,150,E,CU-16-150-1001-H-E,1521.3,8,8,0.025132741,5.02655E-05,744,-4.85,0.3,195,15.3,1,8,25,8,-,-,,1,-,-,,8/8/8/8/8/8/12/12/12/16/16/20/20/24/28/32/36/40/44/48/56/64/72/72/72/,0.6968,-1.13
16,H,1,150,Q,CU-16-150-1001-H-Q,2830,8,8,0.025132741,5.02655E-05,1384,-4.85,0.3,195,15.3,1,8,28,8,-,-,,1,-,-,,8/8/12/16/20/28/32/40/44/48/52/56/60/64/64/64/64/64/64/64/64/64/64/64/64/64/64/64,0.6968,-1.64
16,H,2,150,L,CU-16-150-2001-H-L,1581,8,8,0.025132741,5.02655E-05,1080,-4.85,0.3,195,15,1,8,18,8,8,-,,0.5,0.5,-,,,0.7,2.12
16,H,2,150,L,CB-16-150-2001-H-L,1405.3,8,8,0.025132741,5.02655E-05,960,-4.85,0.3,195,33.5,1,8,16,8,8,-,,0.5,0.5,-,,,0.7,2.23
16,H,2,150,E,CU-16-150-2001-H-E,668.2,8,8,0.025132741,5.02655E-05,460,-4.85,0.3,195,15,1,8,18,8,8,-,,0.5,0.5,-,,4/8/8/8/8/12/12/16/16/20/24/28/32/40/48/56/60/60/,0.7,2.12
16,H,2,150,Q,CU-16-150-2001-H-Q,1214.3,8,8,0.025132741,5.02655E-05,836,-4.85,0.3,195,15,1,8,18,8,8,-,,0.5,0.5,-,,8/12/16/24/32/40/48/56/60/60/60/60/60/60/60/60/60/60,0.7,2.12
16,H,3,150,L,CU-16-150-3001-H-L,1291.1,8,8,0.025132741,5.02655E-05,1080,-4.85,0.3,195,15,1,8,18,8,8,8,,0.334,0.332,0.334,,,0.7,2.12
16,H,3,150,L,CB-16-150-3001-H-L,1147.6,8,8,0.025132741,5.02655E-05,960,-4.85,0.3,195,33.5,1,8,16,8,8,8,,0.334,0.332,0.334,,,0.7,2.23
16,H,3,150,E,CU-16-150-3001-H-E,621.5,8,8,0.025132741,5.02655E-05,500,-4.85,0.3,195,15,1,8,18,8,8,8,,0.334,0.332,0.334,,4/8/8/8/12/12/16/16/20/24/28/32/36/44/52/60/60/60,0.7,2.12
16,H,3,150,Q,CU-16-150-3001-H-Q,991.5,8,8,0.025132741,5.02655E-05,836,-4.85,0.3,195,15,1,8,18,8,8,8,,0.334,0.332,0.334,,8/12/16/24/32/40/48/56/60/60/60/60/60/60/60/60/60/60,0.7,2.12
16,H,4,150,L,CU-16-150-4001-H-L,1118.1,8,8,0.025132741,5.02655E-05,1080,-4.85,0.3,195,15,1,8,18,8,8,8,8,0.25,0.25,0.25,0.25,,0.7,2.12
16,H,4,150,L,CB-16-150-4001-H-L,993.6,8,8,0.025132741,5.02655E-05,960,-4.85,0.3,195,33.5,1,8,16,8,8,8,8,0.25,0.25,0.25,0.25,,0.7,2.23
16,H,4,150,E,CU-16-150-4001-H-E,472.5,8,8,0.025132741,5.02655E-05,423,-4.85,0.3,195,15,1,8,18,8,8,8,8,0.25,0.25,0.25,0.25,4/8/8/8/8/12/12/16/16/20/24/28/32/40/48/56/60/60,0.7,2.12
16,H,4,150,Q,CU-16-150-4001-H-Q,858.7,8,8,0.025132741,5.02655E-05,836,-4.85,0.3,195,15,1,8,18,8,8,8,8,0.25,0.25,0.25,0.25,8/12/16/24/32/40/48/56/60/60/60/60/60/60/60/60/60/60,0.7,2.12
18,S,1,015,L,CB-18-015-1001-S-L,5353,121,20,0.304831853,0.00239338,48,-4.85,0.3,173,34.2,6.05,31.40590428,-,-,-,-,,1,-,-,,,0.7,6.83
18,S,1,015,L,CU-18-015-1001-S-L,6078,138,20,0.338831853,0.00272964,48,-4.85,0.3,173,15.4,6.9,32.22412504,-,-,-,-,,1,-,-,,,0.7,6.83
18,H,1,015,L,CU-18-015-1001-H-L,4668,8,8,0.025132741,5.02655E-05,2024,-4.85,0.3,173,15.4,1,8,23,8,-,-,,1,-,-,,,0.7797,-1.2
18,H,1,015,L,CB-18-015-1001-H-L,4243.8,8,8,0.025132741,5.02655E-05,1840,-4.85,0.3,173,34.2,1,8,20,8,-,-,,1,-,-,,,0.7797,-1.12
18,H,1,015,E,CU-18-015-1001-H-E,1793.9,8,8,0.025132741,5.02655E-05,784,-4.85,0.3,173,15.4,1,8,23,8,-,-,,1,-,-,,8/8/8/8/12/12/12/16/16/20/20/24/28/32/36/40/48/52/60/68/80/88/88/,0.7797,-1.2
18,H,1,015,Q,CU-18-015-1001-H-Q,3569.4,8,8,0.025132741,5.02655E-05,1560,-4.85,0.3,173,15.4,1,8,23,8,-,-,,1,-,-,,8/12/20/28/36/44/56/64/72/80/84/88/88/88/88/88/88/88/88/88/88/88/88,0.7797,-1.2
18,H,2,015,L,CU-18-015-2001-H-L,1780.4,8,8,0.025132741,5.02655E-05,1216,-4.85,0.3,173,15.4,1,8,16,8,8,-,,0.5,0.5,-,,,0.7,1.97
18,H,2,015,L,CB-18-015-2001-H-L,1557.8,8,8,0.025132741,5.02655E-05,1064,-4.85,0.3,173,34.2,1,8,14,8,8,-,,0.5,0.5,-,,,0.7,2.06
18,H,2,015,E,CU-18-015-2001-H-E,685.6,8,8,0.025132741,5.02655E-05,472,-4.85,0.3,173,15.4,1,8,16,8,8,-,,0.5,0.5,-,,8/8/8/8/12/12/16/20/24/28/32/40/48/60/72/76/,0.7,1.97
18,H,2,015,Q,CU-18-015-2001-H-Q,1365.4,8,8,0.025132741,5.02655E-05,940,-4.85,0.3,173,15.4,1,8,16,8,8,-,,0.5,0.5,-,,8/12/24/36/48/60/68/76/76/76/76/76/76/76/76/76,0.7,1.97
18,H,3,015,L,CU-18-015-3001-H-L,1434.5,8,8,0.025132741,5.02655E-05,1200,-4.85,0.3,173,15.4,1,8,15,8,8,8,,0.334,0.332,0.334,,,0.7,2.69
18,H,3,015,L,CB-18-015-3001-H-L,1338.8,8,8,0.025132741,5.02655E-05,1120,-4.85,0.3,173,34.2,1,8,14,8,8,8,,0.334,0.332,0.334,,,0.7,2.06
18,H,3,015,E,CU-18-015-3001-H-E,616.7,8,8,0.025132741,5.02655E-05,496,-4.85,0.3,173,15.4,1,8,15,8,8,8,,0.334,0.332,0.334,,4/8/8/12/12/16/20/24/28/36/44/56/68/80/80,0.7,2.69
18,H,3,015,Q,CU-18-015-3001-H-Q,1095.9,8,8,0.025132741,5.02655E-05,924,-4.85,0.3,173,15.4,1,8,15,8,8,8,,0.334,0.332,0.334,,8/16/28/40/52/64/76/80/80/80/80/80/80/80/80,0.7,2.69
18,H,4,015,L,CU-18-015-4001-H-L,1242.4,8,8,0.025132741,5.02655E-05,1200,-4.85,0.3,173,15.4,1,8,15,8,8,8,8,0.25,0.25,0.25,0.25,,0.7,2.69
18,H,4,015,L,CB-18-015-4001-H-L,1159.5,8,8,0.025132741,5.02655E-05,1120,-4.85,0.3,173,34.2,1,8,14,8,8,8,8,0.25,0.25,0.25,0.25,,0.7,2.06
18,H,4,015,E,CU-18-015-4001-H-E,505.3,8,8,0.025132741,5.02655E-05,457,-4.85,0.3,173,15.4,1,8,15,8,8,8,8,0.25,0.25,0.25,0.25,8/8/8/12/12/16/20/24/28/36/44/52/64/80/80,0.7,2.69
18,H,4,015,Q,CU-18-015-4001-H-Q,949,8,8,0.025132741,5.02655E-05,924,-4.85,0.3,173,15.4,1,8,15,8,8,8,8,0.25,0.25,0.25,0.25,8/16/28/40/52/64/76/80/80/80/80/80/80/80/80,0.7,2.69
18,S,1,030,L,CB-18-030-1001-S-L,5353,121,20,0.304831853,0.00239338,48,-4.85,0.3,173,34.2,6.05,31.40590428,-,-,-,-,,1,-,-,,,0.7,6.83
18,S,1,030,L,CU-18-030-1001-S-L,6078,138,20,0.338831853,0.00272964,48,-4.85,0.3,173,15.4,6.9,32.22412504,-,-,-,-,,1,-,-,,,0.7,6.83
18,H,1,030,L,CU-18-030-1001-H-L,4668,8,8,0.025132741,5.02655E-05,2024,-4.85,0.3,173,15.4,1,8,23,8,-,-,,1,-,-,,,0.7797,-1.2
18,H,1,030,L,CB-18-030-1001-H-L,4243.8,8,8,0.025132741,5.02655E-05,1840,-4.85,0.3,173,34.2,1,8,20,8,-,-,,1,-,-,,,0.7797,-1.12
18,H,1,030,E,CU-18-030-1001-H-E,1793.9,8,8,0.025132741,5.02655E-05,784,-4.85,0.3,173,15.4,1,8,23,8,-,-,,1,-,-,,8/8/8/8/12/12/12/16/16/20/20/24/28/32/36/40/48/52/60/68/80/88/88/,0.7797,-1.2
18,H,1,030,Q,CU-18-030-1001-H-Q,3569.4,8,8,0.025132741,5.02655E-05,1560,-4.85,0.3,173,15.4,1,8,23,8,-,-,,1,-,-,,8/12/20/28/36/44/56/64/72/80/84/88/88/88/88/88/88/88/88/88/88/88/88,0.7797,-1.2
18,H,2,030,L,CU-18-030-2001-H-L,1780.4,8,8,0.025132741,5.02655E-05,1216,-4.85,0.3,173,15.4,1,8,16,8,8,-,,0.5,0.5,-,,,0.7,1.97
18,H,2,030,L,CB-18-030-2001-H-L,1557.8,8,8,0.025132741,5.02655E-05,1064,-4.85,0.3,173,34.2,1,8,14,8,8,-,,0.5,0.5,-,,,0.7,2.06
18,H,2,030,E,CU-18-030-2001-H-E,685.6,8,8,0.025132741,5.02655E-05,472,-4.85,0.3,173,15.4,1,8,16,8,8,-,,0.5,0.5,-,,8/8/8/8/12/12/16/20/24/28/32/40/48/60/72/76/,0.7,1.97
18,H,2,030,Q,CU-18-030-2001-H-Q,1365.4,8,8,0.025132741,5.02655E-05,940,-4.85,0.3,173,15.4,1,8,16,8,8,-,,0.5,0.5,-,,8/12/24/36/48/60/68/76/76/76/76/76/76/76/76/76,0.7,1.97
18,H,3,030,L,CU-18-030-3001-H-L,1434.5,8,8,0.025132741,5.02655E-05,1200,-4.85,0.3,173,15.4,1,8,15,8,8,8,,0.334,0.332,0.334,,,0.7,2.69
18,H,3,030,L,CB-18-030-3001-H-L,1338.8,8,8,0.025132741,5.02655E-05,1120,-4.85,0.3,173,34.2,1,8,14,8,8,8,,0.334,0.332,0.334,,,0.7,2.06
18,H,3,030,E,CU-18-030-3001-H-E,616.7,8,8,0.025132741,5.02655E-05,496,-4.85,0.3,173,15.4,1,8,15,8,8,8,,0.334,0.332,0.334,,4/8/8/12/12/16/20/24/28/36/44/56/68/80/80,0.7,2.69
18,H,3,030,Q,CU-18-030-3001-H-Q,1095.9,8,8,0.025132741,5.02655E-05,924,-4.85,0.3,173,15.4,1,8,15,8,8,8,,0.334,0.332,0.334,,8/16/28/40/52/64/76/80/80/80/80/80/80/80/80,0.7,2.69
18,H,4,030,L,CU-18-030-4001-H-L,1242.4,8,8,0.025132741,5.02655E-05,1200,-4.85,0.3,173,15.4,1,8,15,8,8,8,8,0.25,0.25,0.25,0.25,,0.7,2.69
18,H,4,030,L,CB-18-030-4001-H-L,1159.5,8,8,0.025132741,5.02655E-05,1120,-4.85,0.3,173,34.2,1,8,14,8,8,8,8,0.25,0.25,0.25,0.25,,0.7,2.06
18,H,4,030,E,CU-18-030-4001-H-E,505.3,8,8,0.025132741,5.02655E-05,457,-4.85,0.3,173,15.4,1,8,15,8,8,8,8,0.25,0.25,0.25,0.25,8/8/8/12/12/16/20/24/28/36/44/52/64/80/80,0.7,2.69
18,H,4,030,Q,CU-18-030-4001-H-Q,949,8,8,0.025132741,5.02655E-05,924,-4.85,0.3,173,15.4,1,8,15,8,8,8,8,0.25,0.25,0.25,0.25,8/16/28/40/52/64/76/80/80/80/80/80/80/80/80,0.7,2.69
18,S,1,060,L,CB-18-060-1001-S-L,6240,137,30,0.36824778,0.00406479,32,-4.85,0.3,198,34,4.566666667,44.15277131,-,-,-,-,,1,-,-,,,0.7,8.48
18,S,1,060,L,CU-18-060-1001-S-L,7060,155,30,0.40424778,0.00459885,32,-4.85,0.3,198,15.2,5.166666667,45.50525922,-,-,-,-,,1,-,-,,,0.7,8.48
18,H,1,060,L,CU-18-060-1001-H-L,5239,8,8,0.025132741,5.02655E-05,2484,-4.85,0.3,198,15.2,1,8,27,8,-,-,,1,-,-,,,0.713,-1.28
18,H,1,060,L,CB-18-060-1001-H-L,4252,8,8,0.025132741,5.02655E-05,2016,-4.85,0.3,198,34,1,8,21,8,-,-,,1,-,-,,,0.713,-1.46
18,H,1,060,E,CU-18-060-1001-H-E,2178.3,8,8,0.025132741,5.02655E-05,952,-4.85,0.3,198,15.2,1,8,27,8,-,-,,1,-,-,,8/8/8/8/8/12/12/12/16/16/16/20/24/24/28/32/36/40/44/48/56/60/68/76/88/92/92/,0.713,-1.28
18,H,1,060,Q,CU-18-060-1001-H-Q,4000.6,8,8,0.025132741,5.02655E-05,1912,-4.85,0.3,198,15.2,1,8,27,8,-,-,,1,-,-,,8/12/16/24/32/40/48/56/64/72/80/84/88/92/92/92/92/92/92/92/92/92/92/92/92/92/92,0.713,-1.28
18,H,2,060,L,CU-18-060-2001-H-L,2003,8,8,0.025132741,5.02655E-05,1368,-4.85,0.3,198,15.4,1,8,18,8,8,-,,0.5,0.5,-,,,0.7,2.27
18,H,2,060,L,CB-18-060-2001-H-L,1780.4,8,8,0.025132741,5.02655E-05,1216,-4.85,0.3,198,34,1,8,16,8,8,-,,0.5,0.5,-,,,0.7,2.4
18,H,2,060,E,CU-18-060-2001-H-E,801.8,8,8,0.025132741,5.02655E-05,552,-4.85,0.3,198,15.4,1,8,18,8,8,-,,0.5,0.5,-,,8/8/8/8/12/12/16/16/20/24/28/32/40/48/56/64/76/76/,0.7,2.27
18,H,2,060,Q,CU-18-060-2001-H-Q,1528.1,8,8,0.025132741,5.02655E-05,1052,-4.85,0.3,198,15.4,1,8,18,8,8,-,,0.5,0.5,-,,8/12/20/32/40/52/60/68/76/76/76/76/76/76/76/76/76/76,0.7,2.27
18,H,3,060,L,CU-18-060-3001-H-L,1635.4,8,8,0.025132741,5.02655E-05,1368,-4.85,0.3,198,15.4,1,8,18,8,8,8,,0.334,0.332,0.334,,,0.7,2.27
18,H,3,060,L,CB-18-060-3001-H-L,1453.6,8,8,0.025132741,5.02655E-05,1216,-4.85,0.3,198,34,1,8,16,8,8,8,,0.334,0.332,0.334,,,0.7,2.4
18,H,3,060,E,CU-18-060-3001-H-E,749.5,8,8,0.025132741,5.02655E-05,604,-4.85,0.3,198,15.4,1,8,18,8,8,8,,0.334,0.332,0.334,,4/8/8/12/12/16/16/20/24/28/32/36/44/52/64/76/76/76,0.7,2.27
18,H,3,060,Q,CU-18-060-3001-H-Q,1247.7,8,8,0.025132741,5.02655E-05,1052,-4.85,0.3,198,15.4,1,8,18,8,8,8,,0.334,0.332,0.334,,8/12/20/32/40/52/60/68/76/76/76/76/76/76/76/76/76/76,0.7,2.27
18,H,4,060,L,CU-18-060-4001-H-L,1416.3,8,8,0.025132741,5.02655E-05,1368,-4.85,0.3,198,15.4,1,8,18,8,8,8,8,0.25,0.25,0.25,0.25,,0.7,2.27
18,H,4,060,L,CB-18-060-4001-H-L,1258.9,8,8,0.025132741,5.02655E-05,1216,-4.85,0.3,198,34,1,8,16,8,8,8,8,0.25,0.25,0.25,0.25,,0.7,2.4
18,H,4,060,E,CU-18-060-4001-H-E,567,8,8,0.025132741,5.02655E-05,515,-4.85,0.3,198,15.4,1,8,18,8,8,8,8,0.25,0.25,0.25,0.25,8/8/8/8/12/12/16/16/20/24/28/32/40/48/56/64/76/76,0.7,2.27
18,H,4,060,Q,CU-18-060-4001-H-Q,1080.5,8,8,0.025132741,5.02655E-05,1052,-4.85,0.3,198,15.4,1,8,18,8,8,8,8,0.25,0.25,0.25,0.25,8/12/20/32/40/52/60/68/76/76/76/76/76/76/76/76/76/76,0.7,2.27
18,S,1,090,L,CB-18-090-1001-S-L,6240,137,30,0.36824778,0.00406479,32,-4.85,0.3,198,34,4.566666667,44.15277131,-,-,-,-,,1,-,-,,,0.7,8.48
18,S,1,090,L,CU-18-090-1001-S-L,7060,155,30,0.40424778,0.00459885,32,-4.85,0.3,198,15.2,5.166666667,45.50525922,-,-,-,-,,1,-,-,,,0.7,8.48
18,H,1,090,L,CU-18-090-1001-H-L,5239,8,8,0.025132741,5.02655E-05,2484,-4.85,0.3,198,15.2,1,8,27,8,-,-,,1,-,-,,,0.713,-1.28
18,H,1,090,L,CB-18-090-1001-H-L,4252,8,8,0.025132741,5.02655E-05,2016,-4.85,0.3,198,34,1,8,21,8,-,-,,1,-,-,,,0.713,-1.46
18,H,1,090,E,CU-18-090-1001-H-E,2178.3,8,8,0.025132741,5.02655E-05,952,-4.85,0.3,198,15.2,1,8,27,8,-,-,,1,-,-,,8/8/8/8/8/12/12/12/16/16/16/20/24/24/28/32/36/40/44/48/56/60/68/76/88/92/92/,0.713,-1.28
18,H,1,090,Q,CU-18-090-1001-H-Q,4000.6,8,8,0.025132741,5.02655E-05,1912,-4.85,0.3,198,15.2,1,8,27,8,-,-,,1,-,-,,8/12/16/24/32/40/48/56/64/72/80/84/88/92/92/92/92/92/92/92/92/92/92/92/92/92/92,0.713,-1.28
18,H,2,090,L,CU-18-090-2001-H-L,2003,8,8,0.025132741,5.02655E-05,1368,-4.85,0.3,198,15.4,1,8,18,8,8,-,,0.5,0.5,-,,,0.7,2.27
18,H,2,090,L,CB-18-090-2001-H-L,1780.4,8,8,0.025132741,5.02655E-05,1216,-4.85,0.3,198,34,1,8,16,8,8,-,,0.5,0.5,-,,,0.7,2.4
18,H,2,090,E,CU-18-090-2001-H-E,801.8,8,8,0.025132741,5.02655E-05,552,-4.85,0.3,198,15.4,1,8,18,8,8,-,,0.5,0.5,-,,8/8/8/8/12/12/16/16/20/24/28/32/40/48/56/64/76/76/,0.7,2.27
18,H,2,090,Q,CU-18-090-2001-H-Q,1528.1,8,8,0.025132741,5.02655E-05,1052,-4.85,0.3,198,15.4,1,8,18,8,8,-,,0.5,0.5,-,,8/12/20/32/40/52/60/68/76/76/76/76/76/76/76/76/76/76,0.7,2.27
18,H,3,090,L,CU-18-090-3001-H-L,1635.4,8,8,0.025132741,5.02655E-05,1368,-4.85,0.3,198,15.4,1,8,18,8,8,8,,0.334,0.332,0.334,,,0.7,2.27
18,H,3,090,L,CB-18-090-3001-H-L,1453.6,8,8,0.025132741,5.02655E-05,1216,-4.85,0.3,198,34,1,8,16,8,8,8,,0.334,0.332,0.334,,,0.7,2.4
18,H,3,090,E,CU-18-090-3001-H-E,749.5,8,8,0.025132741,5.02655E-05,604,-4.85,0.3,198,15.4,1,8,18,8,8,8,,0.334,0.332,0.334,,4/8/8/12/12/16/16/20/24/28/32/36/44/52/64/76/76/76,0.7,2.27
18,H,3,090,Q,CU-18-090-3001-H-Q,1247.7,8,8,0.025132741,5.02655E-05,1052,-4.85,0.3,198,15.4,1,8,18,8,8,8,,0.334,0.332,0.334,,8/12/20/32/40/52/60/68/76/76/76/76/76/76/76/76/76/76,0.7,2.27
18,H,4,090,L,CU-18-090-4001-H-L,1416.3,8,8,0.025132741,5.02655E-05,1368,-4.85,0.3,198,15.4,1,8,18,8,8,8,8,0.25,0.25,0.25,0.25,,0.7,2.27
18,H,4,090,L,CB-18-090-4001-H-L,1258.9,8,8,0.025132741,5.02655E-05,1216,-4.85,0.3,198,34,1,8,16,8,8,8,8,0.25,0.25,0.25,0.25,,0.7,2.4
18,H,4,090,E,CU-18-090-4001-H-E,567,8,8,0.025132741,5.02655E-05,515,-4.85,0.3,198,15.4,1,8,18,8,8,8,8,0.25,0.25,0.25,0.25,8/8/8/8/12/12/16/16/20/24/28/32/40/48/56/64/76/76,0.7,2.27
18,H,4,090,Q,CU-18-090-4001-H-Q,1080.5,8,8,0.025132741,5.02655E-05,1052,-4.85,0.3,198,15.4,1,8,18,8,8,8,8,0.25,0.25,0.25,0.25,8/12/20/32/40/52/60/68/76/76/76/76/76/76/76/76/76/76,0.7,2.27
18,S,1,150,L,CB-18-150-1001-S-L,4377,152,20,0.366831853,0.00300656,32,-4.85,0.3,212,34.1,7.6,32.78406687,-,-,-,-,,1,-,-,,,0.7,14.36
18,S,1,150,L,CU-18-150-1001-S-L,4974,173,20,0.408831853,0.00342194,32,-4.85,0.3,212,15.3,8.65,33.48017014,-,-,-,-,,1,-,-,,,0.7,14.36
18,H,1,150,L,CU-18-150-1001-H-L,4115,8,8,0.025132741,5.02655E-05,2436,-4.85,0.3,212,15.3,1,8,29,8,-,-,,1,-,-,,,0.571,-1.26
18,H,1,150,L,CB-18-150-1001-H-L,3688.9,8,8,0.025132741,5.02655E-05,2184,-4.85,0.3,212,34.1,1,8,26,8,-,-,,1,-,-,,,0.571,-1.2
18,H,1,150,E,CU-18-150-1001-H-E,1595,8,8,0.025132741,5.02655E-05,952,-4.85,0.3,212,15.3,1,8,29,8,-,-,,1,-,-,,8/8/8/8/8/8/12/12/12/16/16/16/20/20/24/24/28/32/36/40/44/48/52/60/68/72/84/84/84/,0.571,-1.26
18,H,1,150,Q,CU-18-150-1001-H-Q,3123.4,8,8,0.025132741,5.02655E-05,1864,-4.85,0.3,212,15.3,1,8,29,8,-,-,,1,-,-,,8/8/12/20/24/32/40/48/56/60/68/72/76/80/84/84/84/84/84/84/84/84/84/84/84/84/84/84/84,0.571,-1.26
18,H,2,150,L,CU-18-150-2001-H-L,1991.2,8,8,0.025132741,5.02655E-05,1360,-4.85,0.3,212,15.3,1,8,20,8,8,-,,0.5,0.5,-,,,0.7,1.93
18,H,2,150,L,CB-18-150-2001-H-L,1792,8,8,0.025132741,5.02655E-05,1224,-4.85,0.3,212,34.1,1,8,18,8,8,-,,0.5,0.5,-,,,0.7,1.99
18,H,2,150,E,CU-18-150-2001-H-E,790.2,8,8,0.025132741,5.02655E-05,544,-4.85,0.3,212,15.3,1,8,20,8,8,-,,0.5,0.5,-,,4/8/8/8/8/12/12/12/16/20/20/24/28/32/40/44/52/60/68/68/,0.7,1.93
18,H,2,150,Q,CU-18-150-2001-H-Q,1521.6,8,8,0.025132741,5.02655E-05,1047,-4.85,0.3,212,15.3,1,8,20,8,8,-,,0.5,0.5,-,,8/12/20/32/40/52/60/68/76/76/76/76/76/76/76/76/76/76,0.7,1.93
18,H,3,150,L,CU-18-150-3001-H-L,1544.5,8,8,0.025132741,5.02655E-05,1292,-4.85,0.3,212,15.3,1,8,19,8,8,8,,0.334,0.332,0.334,,,0.7,2.48
18,H,3,150,L,CB-18-150-3001-H-L,1381.9,8,8,0.025132741,5.02655E-05,1156,-4.85,0.3,212,34.1,1,8,17,8,8,8,,0.334,0.332,0.334,,,0.7,2.62
18,H,3,150,E,CU-18-150-3001-H-E,621.5,8,8,0.025132741,5.02655E-05,488,-4.85,0.3,212,15.3,1,8,19,8,8,8,,0.334,0.332,0.334,,4/8/8/8/8/12/12/16/16/20/24/28/32/36/44/52/60/68/68,0.7,2.48
18,H,3,150,Q,CU-18-150-3001-H-Q,1186,8,8,0.025132741,5.02655E-05,1000,-4.85,0.3,212,15.3,1,8,19,8,8,8,,0.334,0.332,0.334,,8/12/16/28/36/44/52/60/64/68/68/68/68/68/68/68/68/68/68,0.7,2.48
18,H,4,150,L,CU-18-150-4001-H-L,1337.6,8,8,0.025132741,5.02655E-05,1292,-4.85,0.3,212,15.3,1,8,19,8,8,8,8,0.25,0.25,0.25,0.25,,0.7,2.48
18,H,4,150,L,CB-18-150-4001-H-L,1196.8,8,8,0.025132741,5.02655E-05,1156,-4.85,0.3,212,34.1,1,8,17,8,8,8,8,0.25,0.25,0.25,0.25,,0.7,2.62
18,H,4,150,E,CU-18-150-4001-H-E,538.2,8,8,0.025132741,5.02655E-05,524,-4.85,0.3,212,15.3,1,8,19,8,8,8,8,0.25,0.25,0.25,0.25,4/8/8/8/8/12/12/16/16/20/24/28/32/36/44/52/60/68/68,0.7,2.48
18,H,4,150,Q,CU-18-150-4001-H-Q,1027.1,8,8,0.025132741,5.02655E-05,1000,-4.85,0.3,212,15.3,1,8,19,8,8,8,8,0.25,0.25,0.25,0.25,8/12/16/28/36/44/52/60/64/68/68/68/68/68/68/68/68/68/68,0.7,2.48
20,S,1,015,L,CB-20-015-1001-S-L,7783,162,30,0.41824778,0.00480654,36,-4.85,0.3,199,33.2,5.4,45.96834924,-,-,-,-,,1,-,-,,,0.66,10.14
20,S,1,015,L,CU-20-015-1001-S-L,8538,180,30,0.45424778,0.0053406,36,-4.85,0.3,199,14.4,6,47.02807798,-,-,-,-,,1,-,-,,,0.66,10.14
20,H,1,015,L,CU-20-015-1001-H-L,6585,10,10,0.031415927,7.85398E-05,1824,-4.85,0.3,199,14.4,1,10,24,10,-,-,,1,-,-,,,0.781,-2.41
20,H,1,015,L,CB-20-015-1001-H-L,5760,10,10,0.031415927,7.85398E-05,1596,-4.85,0.3,199,33.2,1,10,21,10,-,-,,1,-,-,,,0.781,-2.21
20,H,1,015,E,CU-20-015-1001-H-E,2693,10,10,0.031415927,7.85398E-05,752,-4.85,0.3,199,14.4,1,10,24,10,-,-,,1,-,-,,8/8/8/8/8/12/12/12/16/16/20/20/24/28/32/36/40/44/52/56/64/76/76/76/,0.781,-2.41
20,H,1,015,Q,CU-20-015-1001-H-Q,5027.9,10,10,0.031415927,7.85398E-05,1404,-4.85,0.3,199,14.4,1,10,24,10,-,-,,1,-,-,,8/8/16/24/28/36/44/52/60/68/72/76/76/76/76/76/76/76/76/76/76/76/76/76,0.781,-2.41
20,H,2,015,L,CU-20-015-2001-H-L,1932.7,8,8,0.025132741,5.02655E-05,1320,-4.85,0.3,199,15.2,1,8,15,8,8,-,,0.5,0.5,-,,,0.7,4.56
20,H,2,015,L,CB-20-015-2001-H-L,1803.8,8,8,0.025132741,5.02655E-05,1232,-4.85,0.3,199,34,1,8,14,8,8,-,,0.5,0.5,-,,,0.7,4.08
20,H,2,015,E,CU-20-015-2001-H-E,726.3,8,8,0.025132741,5.02655E-05,500,-4.85,0.3,199,15.2,1,8,15,8,8,-,,0.5,0.5,-,,8/8/8/12/12/16/20/24/28/36/44/52/64/80/88/,0.7,4.56
20,H,2,015,Q,CU-20-015-2001-H-Q,1470,8,8,0.025132741,5.02655E-05,1012,-4.85,0.3,199,15.2,1,8,15,8,8,-,,0.5,0.5,-,,8/16/28/44/60/72/80/88/88/88/88/88/88/88/88,0.7,4.56
20,H,3,015,L,CU-20-015-3001-H-L,1578,8,8,0.025132741,5.02655E-05,1320,-4.85,0.3,199,15.2,1,8,15,8,8,8,,0.334,0.332,0.334,,,0.7,4.56
20,H,3,015,L,CB-20-015-3001-H-L,1472.8,8,8,0.025132741,5.02655E-05,1232,-4.85,0.3,199,34,1,8,14,8,8,8,,0.334,0.332,0.334,,,0.7,4.08
20,H,3,015,E,CU-20-015-3001-H-E,702.1,8,8,0.025132741,5.02655E-05,564,-4.85,0.3,199,15.2,1,8,15,8,8,8,,0.334,0.332,0.334,,4/8/12/12/16/20/24/28/32/40/52/64/76/88/88,0.7,4.56
20,H,3,015,Q,CU-20-015-3001-H-Q,1200.2,8,8,0.025132741,5.02655E-05,1012,-4.85,0.3,199,15.2,1,8,15,8,8,8,,0.334,0.332,0.334,,8/16/28/44/60/72/80/88/88/88/88/88/88/88/88,0.7,4.18
20,H,4,015,L,CU-20-015-4001-H-L,1366,8,8,0.025132741,5.02655E-05,1320,-4.85,0.3,199,15.2,1,8,15,8,8,8,8,0.25,0.25,0.25,0.25,,0.7,4.56
20,H,4,015,L,CB-20-015-4001-H-L,1274.9,8,8,0.025132741,5.02655E-05,1232,-4.85,0.3,199,34,1,8,14,8,8,8,8,0.25,0.25,0.25,0.25,,0.7,4.08
20,H,4,015,E,CU-20-015-4001-H-E,513.6,8,8,0.025132741,5.02655E-05,500,-4.85,0.3,199,15.2,1,8,15,8,8,8,8,0.25,0.25,0.25,0.25,8/8/8/12/12/16/20/24/28/36/44/52/64/80/88,0.7,4.56
20,H,4,015,Q,CU-20-015-4001-H-Q,1039.4,8,8,0.025132741,5.02655E-05,1012,-4.85,0.3,199,15.2,1,8,15,8,8,8,8,0.25,0.25,0.25,0.25,8/16/28/44/60/72/80/88/88/88/88/88/88/88/88,0.7,4.56
20,S,1,030,L,CB-20-030-1001-S-L,7783,162,30,0.41824778,0.00480654,36,-4.85,0.3,199,33.2,5.4,45.96834924,-,-,-,-,,1,-,-,,,0.66,10.14
20,S,1,030,L,CU-20-030-1001-S-L,8538,180,30,0.45424778,0.0053406,36,-4.85,0.3,199,14.4,6,47.02807798,-,-,-,-,,1,-,-,,,0.66,10.14
20,H,1,030,L,CU-20-030-1001-H-L,6585,10,10,0.031415927,7.85398E-05,1824,-4.85,0.3,199,14.4,1,10,24,10,-,-,,1,-,-,,,0.781,-2.41
20,H,1,030,L,CB-20-030-1001-H-L,5760,10,10,0.031415927,7.85398E-05,1596,-4.85,0.3,199,33.2,1,10,21,10,-,-,,1,-,-,,,0.781,-2.21
20,H,1,030,E,CU-20-030-1001-H-E,2693,10,10,0.031415927,7.85398E-05,752,-4.85,0.3,199,14.4,1,10,24,10,-,-,,1,-,-,,8/8/8/8/8/12/12/12/16/16/20/20/24/28/32/36/40/44/52/56/64/76/76/76/,0.781,-2.41
20,H,1,030,Q,CU-20-030-1001-H-Q,5027.9,10,10,0.031415927,7.85398E-05,1404,-4.85,0.3,199,14.4,1,10,24,10,-,-,,1,-,-,,8/8/16/24/28/36/44/52/60/68/72/76/76/76/76/76/76/76/76/76/76/76/76/76,0.781,-2.41
20,H,2,030,L,CU-20-030-2001-H-L,1932.7,8,8,0.025132741,5.02655E-05,1320,-4.85,0.3,199,15.2,1,8,15,8,8,-,,0.5,0.5,-,,,0.7,4.56
20,H,2,030,L,CB-20-030-2001-H-L,1803.8,8,8,0.025132741,5.02655E-05,1232,-4.85,0.3,199,34,1,8,14,8,8,-,,0.5,0.5,-,,,0.7,4.08
20,H,2,030,E,CU-20-030-2001-H-E,726.3,8,8,0.025132741,5.02655E-05,500,-4.85,0.3,199,15.2,1,8,15,8,8,-,,0.5,0.5,-,,8/8/8/12/12/16/20/24/28/36/44/52/64/80/88/,0.7,4.56
20,H,2,030,Q,CU-20-030-2001-H-Q,1470,8,8,0.025132741,5.02655E-05,1012,-4.85,0.3,199,15.2,1,8,15,8,8,-,,0.5,0.5,-,,8/16/28/44/60/72/80/88/88/88/88/88/88/88/88,0.7,4.56
20,H,3,030,L,CU-20-030-3001-H-L,1578,8,8,0.025132741,5.02655E-05,1320,-4.85,0.3,199,15.2,1,8,15,8,8,8,,0.334,0.332,0.334,,,0.7,4.56
20,H,3,030,L,CB-20-030-3001-H-L,1472.8,8,8,0.025132741,5.02655E-05,1232,-4.85,0.3,199,34,1,8,14,8,8,8,,0.334,0.332,0.334,,,0.7,4.08
20,H,3,030,E,CU-20-030-3001-H-E,702.1,8,8,0.025132741,5.02655E-05,564,-4.85,0.3,199,15.2,1,8,15,8,8,8,,0.334,0.332,0.334,,4/8/12/12/16/20/24/28/32/40/52/64/76/88/88,0.7,4.56
20,H,3,030,Q,CU-20-030-3001-H-Q,1200.2,8,8,0.025132741,5.02655E-05,1012,-4.85,0.3,199,15.2,1,8,15,8,8,8,,0.334,0.332,0.334,,8/16/28/44/60/72/80/88/88/88/88/88/88/88/88,0.7,4.56
20,H,4,030,L,CU-20-030-4001-H-L,1366,8,8,0.025132741,5.02655E-05,1320,-4.85,0.3,199,15.2,1,8,15,8,8,8,8,0.25,0.25,0.25,0.25,,0.7,4.56
20,H,4,030,L,CB-20-030-4001-H-L,1274.9,8,8,0.025132741,5.02655E-05,1232,-4.85,0.3,199,34,1,8,14,8,8,8,8,0.25,0.25,0.25,0.25,,0.7,4.08
20,H,4,030,E,CU-20-030-4001-H-E,513.6,8,8,0.025132741,5.02655E-05,500,-4.85,0.3,199,15.2,1,8,15,8,8,8,8,0.25,0.25,0.25,0.25,8/8/8/12/12/16/20/24/28/36/44/52/64/80/88,0.7,4.56
20,H,4,030,Q,CU-20-030-4001-H-Q,1039.4,8,8,0.025132741,5.02655E-05,1012,-4.85,0.3,199,15.2,1,8,15,8,8,8,8,0.25,0.25,0.25,0.25,8/16/28/44/60/72/80/88/88/88/88/88/88/88/88,0.7,4.56
20,S,1,060,L,CB-20-060-1001-S-L,7097,194,30,0.48224778,0.00575598,28,-4.85,0.3,233,33.6,6.466666667,47.74292588,-,-,-,-,,1,-,-,,,0.66,18.92
20,S,1,060,L,CU-20-060-1001-S-L,7620,213,30,0.52024778,0.00631971,28,-4.85,0.3,233,14.8,7.1,48.59000075,-,-,-,-,,1,-,-,,,0.66,18.92
20,H,1,060,L,CU-20-060-1001-H-L,6646,10,10,0.031415927,7.85398E-05,2128,-4.85,0.3,233,14.8,1,10,28,10,-,-,,1,-,-,,,0.6758,-2.29
20,H,1,060,L,CB-20-060-1001-H-L,5934,10,10,0.031415927,7.85398E-05,1900,-4.85,0.3,233,33.6,1,10,25,10,-,-,,1,-,-,,,0.6758,-2.13
20,H,1,060,E,CU-20-060-1001-H-E,2652.5,10,10,0.031415927,7.85398E-05,856,-4.85,0.3,233,14.8,1,10,28,10,-,-,,1,-,-,,8/8/8/8/8/8/12/12/12/12/16/16/20/20/24/24/28/32/36/40/44/48/56/60/68/76/76/76/,0.6758,-2.29
20,H,1,060,Q,CU-20-060-1001-H-Q,5081.9,10,10,0.031415927,7.85398E-05,1640,-4.85,0.3,233,14.8,1,10,28,10,-,-,,1,-,-,,8/8/12/20/24/32/40/44/52/56/64/68/72/76/76/76/76/76/76/76/76/76/76/76/76/76/76/76,0.6758,-2.29
20,H,2,060,L,CU-20-060-2001-H-L,2090.8,8,8,0.025132741,5.02655E-05,1428,-4.85,0.3,233,15.2,1,8,17,8,8,-,,0.5,0.5,-,,,0.7,3.94
20,H,2,060,L,CB-20-060-2001-H-L,1844.8,8,8,0.025132741,5.02655E-05,1260,-4.85,0.3,233,34,1,8,15,8,8,,,0.5,0.5,,,,0.7,3.94
20,H,2,060,E,CU-20-060-2001-H-E,819.2,8,8,0.025132741,5.02655E-05,564,-4.85,0.3,233,15.2,1,8,18,8,8,-,,0.5,0.5,-,,8/8/8/8/12/12/16/16/20/24/28/32/40/48/56/68/80/80/,0.7,3.94
20,H,2,060,Q,CU-20-060-2001-H-Q,1597.8,8,8,0.025132741,5.02655E-05,1100,-4.85,0.3,233,15.2,1,8,17,8,8,-,,0.5,0.5,-,,8/16/24/36/48/60/72/80/84/84/84/84/84/84/84/84/84,0.7,4.34
20,H,3,060,L,CU-20-060-3001-H-L,1606.7,8,8,0.025132741,5.02655E-05,1344,-4.85,0.3,233,15.2,1,8,16,8,8,8,,0.334,0.332,0.334,,,0.7,4.73
20,H,3,060,L,CB-20-060-3001-H-L,1405.8,8,8,0.025132741,5.02655E-05,1176,-4.85,0.3,233,34,1,8,14,8,8,8,,0.334,0.332,0.334,,,0.7,3.94
20,H,3,060,E,CU-20-060-3001-H-E,721.1,8,8,0.025132741,5.02655E-05,580,-4.85,0.3,233,15.2,1,8,16,8,8,8,,0.334,0.332,0.334,,4/8/12/12/16/16/20/24/28/36/44/52/64/76/84/84,0.7,4.73
20,H,3,060,Q,CU-20-060-3001-H-Q,1233.4,8,8,0.025132741,5.02655E-05,1040,-4.85,0.3,233,15.2,1,8,16,8,8,8,,0.334,0.332,0.334,,8/16/28/40/52/64/76/84/84/84/84/84/84/84/84/84,0.7,4.34
20,H,4,060,L,CU-20-060-4001-H-L,1391.4,8,8,0.025132741,5.02655E-05,1344,-4.85,0.3,233,15.2,1,8,16,8,8,8,8,0.25,0.25,0.25,0.25,,0.7,4.73
20,H,4,060,L,CB-20-060-4001-H-L,1217.4,8,8,0.025132741,5.02655E-05,1176,-4.85,0.3,233,34,1,8,14,8,8,8,8,0.25,0.25,0.25,0.25,,0.7,3.94
20,H,4,060,E,CU-20-060-4001-H-E,558.7,8,8,0.025132741,5.02655E-05,544,-4.85,0.3,233,15.2,1,8,16,8,8,8,8,0.25,0.25,0.25,0.25,8/8/8/12/12/16/20/20/28/32/40/48/56/68/84/84,0.7,4.73
20,H,4,060,Q,CU-20-060-4001-H-Q,1068.2,8,8,0.025132741,5.02655E-05,1040,-4.85,0.3,233,15.2,1,8,16,8,8,8,8,0.25,0.25,0.25,0.25,8/16/28/40/52/64/76/84/84/84/84/84/84/84/84/84,0.7,4.34
20,S,1,090,L,CB-20-090-1001-S-L,7097,194,30,0.48224778,0.00575598,28,-4.85,0.3,233,33.6,6.466666667,47.74292588,-,-,-,-,,1,-,-,,,0.66,18.92
20,S,1,090,L,CU-20-090-1001-S-L,7620,213,30,0.52024778,0.00631971,28,-4.85,0.3,233,14.8,7.1,48.59000075,-,-,-,-,,1,-,-,,,0.66,18.92
20,H,1,090,L,CU-20-090-1001-H-L,6646,10,10,0.031415927,7.85398E-05,2128,-4.85,0.3,233,14.8,1,10,28,10,-,-,,1,-,-,,,0.6758,-2.29
20,H,1,090,L,CB-20-090-1001-H-L,5934,10,10,0.031415927,7.85398E-05,1900,-4.85,0.3,233,33.6,1,10,25,10,-,-,,1,-,-,,,0.6758,-2.13
20,H,1,090,E,CU-20-090-1001-H-E,2652.5,10,10,0.031415927,7.85398E-05,856,-4.85,0.3,233,14.8,1,10,28,10,-,-,,1,-,-,,8/8/8/8/8/8/12/12/12/12/16/16/20/20/24/24/28/32/36/40/44/48/56/60/68/76/76/76/,0.6758,-2.29
20,H,1,090,Q,CU-20-090-1001-H-Q,5081.9,10,10,0.031415927,7.85398E-05,1640,-4.85,0.3,233,14.8,1,10,28,10,-,-,,1,-,-,,8/8/12/20/24/32/40/44/52/56/64/68/72/76/76/76/76/76/76/76/76/76/76/76/76/76/76/76,0.6758,-2.29
20,H,2,090,L,CU-20-090-2001-H-L,2090.8,8,8,0.025132741,5.02655E-05,1428,-4.85,0.3,233,15.2,1,8,17,8,8,-,,0.5,0.5,-,,,0.7,3.94
20,H,2,090,L,CB-20-090-2001-H-L,1844.8,8,8,0.025132741,5.02655E-05,1260,-4.85,0.3,233,34,1,8,15,8,8,,,0.5,0.5,,,,0.7,3.94
20,H,2,090,E,CU-20-090-2001-H-E,819.2,8,8,0.025132741,5.02655E-05,564,-4.85,0.3,233,15.2,1,8,18,8,8,-,,0.5,0.5,-,,8/8/8/8/12/12/16/16/20/24/28/32/40/48/56/68/80/80/,0.7,3.94
20,H,2,090,Q,CU-20-090-2001-H-Q,1597.8,8,8,0.025132741,5.02655E-05,1100,-4.85,0.3,233,15.2,1,8,17,8,8,-,,0.5,0.5,-,,8/16/24/36/48/60/72/80/84/84/84/84/84/84/84/84/84,0.7,4.34
20,H,3,090,L,CU-20-090-3001-H-L,1606.7,8,8,0.025132741,5.02655E-05,1344,-4.85,0.3,233,15.2,1,8,16,8,8,8,,0.334,0.332,0.334,,,0.7,4.73
20,H,3,090,L,CB-20-090-3001-H-L,1405.8,8,8,0.025132741,5.02655E-05,1176,-4.85,0.3,233,34,1,8,14,8,8,8,,0.334,0.332,0.334,,,0.7,3.94
20,H,3,090,E,CU-20-090-3001-H-E,721.1,8,8,0.025132741,5.02655E-05,580,-4.85,0.3,233,15.2,1,8,16,8,8,8,,0.334,0.332,0.334,,4/8/12/12/16/16/20/24/28/36/44/52/64/76/84/84,0.7,4.73
20,H,3,090,Q,CU-20-090-3001-H-Q,1233.4,8,8,0.025132741,5.02655E-05,1040,-4.85,0.3,233,15.2,1,8,16,8,8,8,,0.334,0.332,0.334,,8/16/28/40/52/64/76/84/84/84/84/84/84/84/84/84,0.7,4.34
20,H,4,090,L,CU-20-090-4001-H-L,1391.4,8,8,0.025132741,5.02655E-05,1344,-4.85,0.3,233,15.2,1,8,16,8,8,8,8,0.25,0.25,0.25,0.25,,0.7,4.73
20,H,4,090,L,CB-20-090-4001-H-L,1217.4,8,8,0.025132741,5.02655E-05,1176,-4.85,0.3,233,34,1,8,14,8,8,8,8,0.25,0.25,0.25,0.25,,0.7,3.94
20,H,4,090,E,CU-20-090-4001-H-E,558.7,8,8,0.025132741,5.02655E-05,544,-4.85,0.3,233,15.2,1,8,16,8,8,8,8,0.25,0.25,0.25,0.25,8/8/8/12/12/16/20/20/28/32/40/48/56/68/84/84,0.7,4.73
20,H,4,090,Q,CU-20-090-4001-H-Q,1068.2,8,8,0.025132741,5.02655E-05,1040,-4.85,0.3,233,15.2,1,8,16,8,8,8,8,0.25,0.25,0.25,0.25,8/16/28/40/52/64/76/84/84/84/84/84/84/84/84/84,0.7,4.34
20,S,1,150,L,CB-20-150-1001-S-L,7097,194,30,0.48224778,0.00575598,28,-4.85,0.3,237,33.9,6.466666667,47.74292588,-,-,-,-,,1,-,-,,,0.66,13.98
20,S,1,150,L,CU-20-150-1001-S-L,7720,217,30,0.52824778,0.00643839,28,-4.85,0.3,237,15,7.233333333,48.75280312,-,-,-,-,,1,-,-,,,0.66,13.98
20,H,1,150,L,CU-20-150-1001-H-L,5820,10,10,0.031415927,7.85398E-05,1856,-4.85,0.3,237,15,1,10,29,10,-,-,,1,-,-,,,0.6785,-2.43
20,H,1,150,L,CB-20-150-1001-H-L,5220,10,10,0.031415927,7.85398E-05,1664,-4.85,0.3,237,33.9,1,10,26,10,-,-,,1,-,-,,,0.6785,-2.28
20,H,1,150,E,CU-20-150-1001-H-E,2376.9,10,10,0.031415927,7.85398E-05,764,-4.85,0.3,237,15,1,10,29,10,-,-,,1,-,-,,4/8/8/8/8/8/8/8/12/12/12/16/16/16/20/20/24/24/28/32/36/40/44/48/52/60/64/64/64/,0.6785,-2.43
20,H,1,150,Q,CU-20-150-1001-H-Q,4480,10,10,0.031415927,7.85398E-05,1440,-4.85,0.3,237,15,1,10,29,10,-,-,,1,-,-,,8/8/12/16/20/24/32/36/44/48/52/56/60/64/64/64/64/64/64/64/64/64/64/64/64/64/64/64/64,0.6785,-2.43
20,H,2,150,L,CU-20-150-2001-H-L,2003,8,8,0.025132741,5.02655E-05,1368,-4.85,0.3,237,15.4,1,8,18,8,8,-,,0.5,0.5,-,,,0.7,4.56
20,H,2,150,L,CB-20-150-2001-H-L,1780.4,8,8,0.025132741,5.02655E-05,1216,-4.85,0.3,237,34.1,1,8,16,8,8,-,,0.5,0.5,-,,,0.7,4.18
20,H,2,150,E,CU-20-150-2001-H-E,801.8,8,8,0.025132741,5.02655E-05,552,-4.85,0.3,237,15.4,1,8,18,8,8,-,,0.5,0.5,-,,8/8/8/8/12/12/16/16/20/24/28/32/40/48/56/64/76/76/,0.7,4.56
20,H,2,150,Q,CU-20-150-2001-H-Q,1528.1,8,8,0.025132741,5.02655E-05,1052,-4.85,0.3,237,15.4,1,8,18,8,8,-,,0.5,0.5,-,,8/12/20/32/40/52/60/68/76/76/76/76/76/76/76/76/76/76,0.7,4.56
20,H,3,150,L,CU-20-150-3001-H-L,1635.4,8,8,0.025132741,5.02655E-05,1368,-4.85,0.3,237,15.4,1,8,18,8,8,8,,0.334,0.332,0.334,,,0.7,4.56
20,H,3,150,L,CB-20-150-3001-H-L,1453.6,8,8,0.025132741,5.02655E-05,1216,-4.85,0.3,237,34.1,1,8,16,8,8,8,,0.334,0.332,0.334,,,0.7,4.18
20,H,3,150,E,CU-20-150-3001-H-E,749.5,8,8,0.025132741,5.02655E-05,604,-4.85,0.3,237,15.4,1,8,18,8,8,8,,0.334,0.332,0.334,,4/8/8/12/12/16/16/20/24/28/32/36/44/52/64/76/76/76,0.7,4.56
20,H,3,150,Q,CU-20-150-3001-H-Q,1247.7,8,8,0.025132741,5.02655E-05,1052,-4.85,0.3,237,15.4,1,8,18,8,8,8,,0.334,0.332,0.334,,8/12/20/32/40/52/60/68/76/76/76/76/76/76/76/76/76/76,0.7,4.56
20,H,4,150,L,CU-20-150-4001-H-L,1416.3,8,8,0.025132741,5.02655E-05,1368,-4.85,0.3,237,15.4,1,8,18,8,8,8,8,0.25,0.25,0.25,0.25,,0.7,4.56
20,H,4,150,L,CB-20-150-4001-H-L,1258.9,8,8,0.025132741,5.02655E-05,1232,-4.85,0.3,237,34.1,1,8,16,8,8,8,8,0.25,0.25,0.25,0.25,,0.7,4.18
20,H,4,150,E,CU-20-150-4001-H-E,579.3,8,8,0.025132741,5.02655E-05,564,-4.85,0.3,237,15.4,1,8,18,8,8,8,8,0.25,0.25,0.25,0.25,8/8/8/8/12/12/16/16/20/24/28/32/40/48/56/68/80/80,0.7,4.56
20,H,4,150,Q,CU-20-150-4001-H-Q,1080.5,8,8,0.025132741,5.02655E-05,1052,-4.85,0.3,237,15.4,1,8,18,8,8,8,8,0.25,0.25,0.25,0.25,8/12/20/32/40/52/60/68/76/76/76/76/76/76/76/76/76/76,0.7,4.56
24,S,1,015,L,CB-24-015-1001-S-L,9572,192,30,0.47824778,0.00569664,40,-4.85,0.3,223.1,35.4,6.4,47.64592952,-,-,-,-,,1,-,-,,,0.65,12.41
24,S,1,015,L,CU-24-015-1001-S-L,10261,200,30,0.49424778,0.005934,40,-4.85,0.3,223.1,17.6,6.666666667,48.02449496,-,-,-,-,,1,-,-,,,0.65,12.41
24,H,1,015,L,CU-24-015-1001-H-L,9862,10,10,0.031415927,7.85398E-05,2376,-4.85,0.3,223.1,17.6,1,10,27,10,-,-,,1,-,-,,,0.8981,-2.48
24,H,1,015,L,CB-24-015-1001-H-L,8776,10,10,0.031415927,7.85398E-05,2112,-4.85,0.3,223.1,35.4,1,10,24,10,-,-,,1,-,-,,,0.8981,-2.28
24,H,1,015,E,CU-24-015-1001-H-E,3656.8,10,10,0.031415927,7.85398E-05,888,-4.85,0.3,223.1,17.6,1,10,27,10,-,-,,1,-,-,,8/8/8/8/8/12/12/12/12/16/16/20/20/24/24/28/32/36/40/44/52/56/64/72/80/88/88/,0.8981,-2.48
24,H,1,015,Q,CU-24-015-1001-H-Q,7478.3,10,10,0.031415927,7.85398E-05,1816,-4.85,0.3,223.1,17.6,1,10,27,10,-,-,,1,-,-,,8/12/16/20/28/36/44/52/60/68/76/80/84/88/88/88/88/88/88/88/88/88/88/88/88/88/88,0.8981,-2.48
24,H,2,015,L,CU-24-015-2001-H-L,2745,10,10,0.031415927,7.85398E-05,1200,-4.85,0.3,223.1,17.2,1,10,15,10,10,-,,0.5,0.5,-,,,0.7,3.99
24,H,2,015,L,CB-24-015-2001-H-L,2379,10,10,0.031415927,7.85398E-05,1040,-4.85,0.3,223.1,35,1,10,13,10,10,-,,0.5,0.5,-,,,0.7,4.83
24,H,2,015,E,CU-24-015-2001-H-E,1044,10,10,0.031415927,7.85398E-05,460,-4.85,0.3,223.1,17.2,1,10,15,10,10,-,,0.5,0.5,-,,8/8/8/12/12/16/16/20/28/32/40/48/60/72/80/,0.7,3.99
24,H,2,015,Q,CU-24-015-2001-H-Q,2097.1,10,10,0.031415927,7.85398E-05,924,-4.85,0.3,223.1,17.2,1,10,15,10,10,-,,0.5,0.5,-,,8/16/28/40/52/64/76/80/80/80/80/80/80/80/80,0.7,3.99
24,H,3,015,L,CU-24-015-3001-H-L,2241.3,10,10,0.031415927,7.85398E-05,1200,-4.85,0.3,223.1,17.2,1,10,15,10,10,10,,0.334,0.332,0.334,,,0.7,3.99
24,H,3,015,L,CB-24-015-3001-H-L,2091.8,10,10,0.031415927,7.85398E-05,1120,-4.85,0.3,223.1,35,1,10,14,10,10,10,,0.334,0.332,0.334,,,0.7,4.83
24,H,3,015,E,CU-24-015-3001-H-E,963.6,10,10,0.031415927,7.85398E-05,496,-4.85,0.3,223.1,17.2,1,10,15,10,10,10,,0.334,0.332,0.334,,4/8/8/12/12/16/20/24/28/36/44/56/68/80/80,0.7,3.99
24,H,3,015,Q,CU-24-015-3001-H-Q,1712.3,10,10,0.031415927,7.85398E-05,924,-4.85,0.3,223.1,17.2,1,10,15,10,10,10,,0.334,0.332,0.334,,8/16/28/40/52/64/76/80/80/80/80/80/80/80/80,0.7,3.99
24,H,4,015,L,CU-24-015-4001-H-L,1941,10,10,0.031415927,7.85398E-05,1200,-4.85,0.3,223.1,17.2,1,10,15,10,10,10,10,0.25,0.25,0.25,0.25,,0.7,3.99
24,H,4,015,L,CB-24-015-4001-H-L,1811.6,10,10,0.031415927,7.85398E-05,1120,-4.85,0.3,223.1,35,1,10,14,10,10,10,10,0.25,0.25,0.25,0.25,,0.7,4.83
24,H,4,015,E,CU-24-015-4001-H-E,789.6,10,10,0.031415927,7.85398E-05,492,-4.85,0.3,223.1,17.2,1,10,15,10,10,10,10,0.25,0.25,0.25,0.25,8/8/8/12/12/16/20/24/28/36/44/52/64/80/80,0.7,3.99
24,H,4,015,Q,CU-24-015-4001-H-Q,1482.9,10,10,0.031415927,7.85398E-05,924,-4.85,0.3,223.1,17.2,1,10,15,10,10,10,10,0.25,0.25,0.25,0.25,8/16/28/40/52/64/76/80/80/80/80/80/80/80/80,0.7,3.99
24,S,1,030,L,CB-24-030-1001-S-L,9572,192,30,0.47824778,0.00569664,40,-4.85,0.3,223.1,35.4,6.4,47.64592952,-,-,-,-,,1,-,-,,,0.65,12.41
24,S,1,030,L,CU-24-030-1001-S-L,10261,200,30,0.49424778,0.005934,40,-4.85,0.3,223.1,17.6,6.666666667,48.02449496,-,-,-,-,,1,-,-,,,0.65,12.41
24,H,1,030,L,CU-24-030-1001-H-L,9862,10,10,0.031415927,7.85398E-05,2376,-4.85,0.3,223.1,17.6,1,10,27,10,-,-,,1,-,-,,,0.8981,-2.48
24,H,1,030,L,CB-24-030-1001-H-L,8776,10,10,0.031415927,7.85398E-05,2112,-4.85,0.3,223.1,35.4,1,10,24,10,-,-,,1,-,-,,,0.8981,-2.28
24,H,1,030,E,CU-24-030-1001-H-E,3656.8,10,10,0.031415927,7.85398E-05,888,-4.85,0.3,223.1,17.6,1,10,27,10,-,-,,1,-,-,,8/8/8/8/8/12/12/12/12/16/16/20/20/24/24/28/32/36/40/44/52/56/64/72/80/88/88/,0.8981,-2.48
24,H,1,030,Q,CU-24-030-1001-H-Q,7478.3,10,10,0.031415927,7.85398E-05,1816,-4.85,0.3,223.1,17.6,1,10,27,10,-,-,,1,-,-,,8/12/16/20/28/36/44/52/60/68/76/80/84/88/88/88/88/88/88/88/88/88/88/88/88/88/88,0.8981,-2.48
24,H,2,030,L,CU-24-030-2001-H-L,2745,10,10,0.031415927,7.85398E-05,1200,-4.85,0.3,223.1,17.2,1,10,15,10,10,-,,0.5,0.5,-,,,0.7,3.99
24,H,2,030,L,CB-24-030-2001-H-L,2379,10,10,0.031415927,7.85398E-05,1040,-4.85,0.3,223.1,35,1,10,13,10,10,-,,0.5,0.5,-,,,0.7,4.83
24,H,2,030,E,CU-24-030-2001-H-E,1044,10,10,0.031415927,7.85398E-05,460,-4.85,0.3,223.1,17.2,1,10,15,10,10,-,,0.5,0.5,-,,8/8/8/12/12/16/16/20/28/32/40/48/60/72/80/,0.7,3.99
24,H,2,030,Q,CU-24-030-2001-H-Q,2097.1,10,10,0.031415927,7.85398E-05,924,-4.85,0.3,223.1,17.2,1,10,15,10,10,-,,0.5,0.5,-,,8/16/28/40/52/64/76/80/80/80/80/80/80/80/80,0.7,3.99
24,H,3,030,L,CU-24-030-3001-H-L,2241.3,10,10,0.031415927,7.85398E-05,1200,-4.85,0.3,223.1,17.2,1,10,15,10,10,10,,0.334,0.332,0.334,,,0.7,3.99
24,H,3,030,L,CB-24-030-3001-H-L,2091.8,10,10,0.031415927,7.85398E-05,1120,-4.85,0.3,223.1,35,1,10,14,10,10,10,,0.334,0.332,0.334,,,0.7,4.83
24,H,3,030,E,CU-24-030-3001-H-E,963.6,10,10,0.031415927,7.85398E-05,496,-4.85,0.3,223.1,17.2,1,10,15,10,10,10,,0.334,0.332,0.334,,4/8/8/12/12/16/20/24/28/36/44/56/68/80/80,0.7,3.99
24,H,3,030,Q,CU-24-030-3001-H-Q,1712.3,10,10,0.031415927,7.85398E-05,924,-4.85,0.3,223.1,17.2,1,10,15,10,10,10,,0.334,0.332,0.334,,8/16/28/40/52/64/76/80/80/80/80/80/80/80/80,0.7,3.99
24,H,4,030,L,CU-24-030-4001-H-L,1941,10,10,0.031415927,7.85398E-05,1200,-4.85,0.3,223.1,17.2,1,10,15,10,10,10,10,0.25,0.25,0.25,0.25,,0.7,3.99
24,H,4,030,L,CB-24-030-4001-H-L,1811.6,10,10,0.031415927,7.85398E-05,1120,-4.85,0.3,223.1,35,1,10,14,10,10,10,10,0.25,0.25,0.25,0.25,,0.7,4.83
24,H,4,030,E,CU-24-030-4001-H-E,789.6,10,10,0.031415927,7.85398E-05,492,-4.85,0.3,223.1,17.2,1,10,15,10,10,10,10,0.25,0.25,0.25,0.25,8/8/8/12/12/16/20/24/28/36/44/52/64/80/80,0.7,3.99
24,H,4,030,Q,CU-24-030-4001-H-Q,1482.9,10,10,0.031415927,7.85398E-05,924,-4.85,0.3,223.1,17.2,1,10,15,10,10,10,10,0.25,0.25,0.25,0.25,8/16/28/40/52/64/76/80/80/80/80/80/80/80/80,0.7,3.99
24,S,1,060,L,CB-24-060-1001-S-L,10127,205,40,0.535663706,0.0081098,28,-4.85,0.3,253.4,37.3,5.125,60.55889101,-,-,-,-,,1,-,-,,,0.65,16.1
24,S,1,060,L,CU-24-060-1001-S-L,10984,225,40,0.575663706,0.008901,28,-4.85,0.3,253.4,18.4,5.625,61.84860991,-,-,-,-,,1,-,-,,,0.65,16.1
24,H,1,060,L,CU-24-060-1001-H-L,9474,10,10,0.031415927,7.85398E-05,2480,-4.85,0.3,253.4,18.4,1,10,31,10,-,-,,1,-,-,,,0.8266,-2.5
24,H,1,060,L,CB-24-060-1001-H-L,8557,10,10,0.031415927,7.85398E-05,2240,-4.85,0.3,253.4,37.3,1,10,28,10,-,-,,1,-,-,,,0.8266,-2.37
24,H,1,060,E,CU-24-060-1001-H-E,3744.7,10,10,0.031415927,7.85398E-05,988,-4.85,0.3,253.4,18.4,1,10,31,10,-,-,,1,-,-,,8/8/8/8/8/8/12/12/12/12/16/16/16/20/20/24/24/28/32/32/36/40/44/48/56/60/68/72/80/80/80/,0.8266,-2.5
24,H,1,060,Q,CU-24-060-1001-H-Q,7246.8,10,10,0.031415927,7.85398E-05,1912,-4.85,0.3,253.4,18.4,1,10,31,10,-,-,,1,-,-,,8/8/12/16/24/28/36/44/48/56/60/64/72/76/80/80/80/80/80/80/80/80/80/80/80/80/80/80/80/80/80,0.8266,-2.5
24,H,2,060,L,CU-24-060-2001-H-L,2955.5,10,10,0.031415927,7.85398E-05,1292,-4.85,0.3,253.4,18,1,10,17,10,10,-,,0.5,0.5,-,,,0.7,4.09
24,H,2,060,L,CB-24-060-2001-H-L,2607.8,10,10,0.031415927,7.85398E-05,1140,-4.85,0.3,253.4,36.8,1,10,15,10,10,-,,0.5,0.5,-,,,0.7,4.76
24,H,2,060,E,CU-24-060-2001-H-E,1234.7,10,10,0.031415927,7.85398E-05,544,-4.85,0.3,253.4,18,1,10,17,10,10,-,,0.5,0.5,-,,8/8/8/12/12/12/16/20/24/28/32/40/48/56/68/76/76/,0.7,4.09
24,H,2,060,Q,CU-24-060-2001-H-Q,2260.5,10,10,0.031415927,7.85398E-05,996,-4.85,0.3,253.4,18,1,10,17,10,10,-,,0.5,0.5,-,,8/12/24/32/44/56/64/72/76/76/76/76/76/76/76/76/76,0.7,4.09
24,H,3,060,L,CU-24-060-3001-H-L,2413.1,10,10,0.031415927,7.85398E-05,1292,-4.85,0.3,253.4,18,1,10,17,10,10,10,,0.334,0.332,0.334,,,0.7,4.09
24,H,3,060,L,CB-24-060-3001-H-L,2129.2,10,10,0.031415927,7.85398E-05,1140,-4.85,0.3,253.4,36.8,1,10,15,10,10,10,,0.334,0.332,0.334,,,0.7,4.76
24,H,3,060,E,CU-24-060-3001-H-E,1008.1,10,10,0.031415927,7.85398E-05,502,-4.85,0.3,253.4,18,1,10,17,10,10,10,,0.334,0.332,0.334,,8/8/8/12/12/12/16/20/24/28/32/40/48/56/68/76/76,0.7,4.09
24,H,3,060,Q,CU-24-060-3001-H-Q,1845.7,10,10,0.031415927,7.85398E-05,996,-4.85,0.3,253.4,18,1,10,17,10,10,10,,0.334,0.332,0.334,,8/12/24/32/44/56/64/72/76/76/76/76/76/76/76/76/76,0.7,4.09
24,H,4,060,L,CU-24-060-4001-H-L,2089.8,10,10,0.031415927,7.85398E-05,1292,-4.85,0.3,253.4,18,1,10,17,10,10,10,10,0.25,0.25,0.25,0.25,,0.7,4.09
24,H,4,060,L,CB-24-060-4001-H-L,1843.9,10,10,0.031415927,7.85398E-05,1140,-4.85,0.3,253.4,36.8,1,10,15,10,10,10,10,0.25,0.25,0.25,0.25,,0.7,4.76
24,H,4,060,E,CU-24-060-4001-H-E,873,10,10,0.031415927,7.85398E-05,544,-4.85,0.3,253.4,18,1,10,17,10,10,10,10,0.25,0.25,0.25,0.25,8/8/8/12/12/12/16/20/24/28/32/40/48/56/68/76/76,0.7,4.09
24,H,4,060,Q,CU-24-060-4001-H-Q,1598.4,10,10,0.031415927,7.85398E-05,996,-4.85,0.3,253.4,18,1,10,17,10,10,10,10,0.25,0.25,0.25,0.25,8/12/24/32/44/56/64/72/76/76/76/76/76/76/76/76/76,0.7,4.09
24,S,1,090,L,CB-24-090-1001-S-L,10127,205,40,0.535663706,0.0081098,28,-4.85,0.3,253.4,37.3,5.125,60.55889101,-,-,-,-,,1,-,-,,,0.65,16.1
24,S,1,090,L,CU-24-090-1001-S-L,10984,225,40,0.575663706,0.008901,28,-4.85,0.3,253.4,18.4,5.625,61.84860991,-,-,-,-,,1,-,-,,,0.65,16.1
24,H,1,090,L,CU-24-090-1001-H-L,9474,10,10,0.031415927,7.85398E-05,2480,-4.85,0.3,253.4,18.4,1,10,31,10,-,-,,1,-,-,,,0.8266,-2.5
24,H,1,090,L,CB-24-090-1001-H-L,8557,10,10,0.031415927,7.85398E-05,2240,-4.85,0.3,253.4,37.3,1,10,28,10,-,-,,1,-,-,,,0.8266,-2.37
24,H,1,090,E,CU-24-090-1001-H-E,3744.7,10,10,0.031415927,7.85398E-05,988,-4.85,0.3,253.4,18.4,1,10,31,10,-,-,,1,-,-,,8/8/8/8/8/8/12/12/12/12/16/16/16/20/20/24/24/28/32/32/36/40/44/48/56/60/68/72/80/80/80/,0.8266,-2.5
24,H,1,090,Q,CU-24-090-1001-H-Q,7246.8,10,10,0.031415927,7.85398E-05,1912,-4.85,0.3,253.4,18.4,1,10,31,10,-,-,,1,-,-,,8/8/12/16/24/28/36/44/48/56/60/64/72/76/80/80/80/80/80/80/80/80/80/80/80/80/80/80/80/80/80,0.8266,-2.5
24,H,2,090,L,CU-24-090-2001-H-L,2955.5,10,10,0.031415927,7.85398E-05,1292,-4.85,0.3,253.4,18,1,10,17,10,10,-,,0.5,0.5,-,,,0.7,4.09
24,H,2,090,L,CB-24-090-2001-H-L,2607.8,10,10,0.031415927,7.85398E-05,1140,-4.85,0.3,253.4,36.8,1,10,15,10,10,-,,0.5,0.5,-,,,0.7,4.76
24,H,2,090,E,CU-24-090-2001-H-E,1234.7,10,10,0.031415927,7.85398E-05,544,-4.85,0.3,253.4,18,1,10,17,10,10,-,,0.5,0.5,-,,8/8/8/12/12/12/16/20/24/28/32/40/48/56/68/76/76/,0.7,4.09
24,H,2,090,Q,CU-24-090-2001-H-Q,2260.5,10,10,0.031415927,7.85398E-05,996,-4.85,0.3,253.4,18,1,10,17,10,10,-,,0.5,0.5,-,,8/12/24/32/44/56/64/72/76/76/76/76/76/76/76/76/76,0.7,4.09
24,H,3,090,L,CU-24-090-3001-H-L,2413.1,10,10,0.031415927,7.85398E-05,1292,-4.85,0.3,253.4,18,1,10,17,10,10,10,,0.334,0.332,0.334,,,0.7,4.09
24,H,3,090,L,CB-24-090-3001-H-L,2129.2,10,10,0.031415927,7.85398E-05,1140,-4.85,0.3,253.4,36.8,1,10,15,10,10,10,,0.334,0.332,0.334,,,0.7,4.76
24,H,3,090,E,CU-24-090-3001-H-E,1008.1,10,10,0.031415927,7.85398E-05,502,-4.85,0.3,253.4,18,1,10,17,10,10,10,,0.334,0.332,0.334,,8/8/8/12/12/16/16/20/24/28/36/40/48/60/72/84/88/,0.7,4.09
24,H,3,090,Q,CU-24-090-3001-H-Q,1845.7,10,10,0.031415927,7.85398E-05,996,-4.85,0.3,253.4,18,1,10,17,10,10,10,,0.334,0.332,0.334,,8/12/24/32/44/56/64/72/76/76/76/76/76/76/76/76/76,0.7,4.09
24,H,4,090,L,CU-24-090-4001-H-L,2089.8,10,10,0.031415927,7.85398E-05,1292,-4.85,0.3,253.4,18,1,10,17,10,10,10,10,0.25,0.25,0.25,0.25,,0.7,4.09
24,H,4,090,L,CB-24-090-4001-H-L,1843.9,10,10,0.031415927,7.85398E-05,1140,-4.85,0.3,253.4,36.8,1,10,15,10,10,10,10,0.25,0.25,0.25,0.25,,0.7,4.76
24,H,4,090,E,CU-24-090-4001-H-E,873,10,10,0.031415927,7.85398E-05,544,-4.85,0.3,253.4,18,1,10,17,10,10,10,10,0.25,0.25,0.25,0.25,8/8/8/12/12/12/16/20/24/28/32/40/48/56/68/76/76,0.7,4.09
24,H,4,090,Q,CU-24-090-4001-H-Q,1598.4,10,10,0.031415927,7.85398E-05,996,-4.85,0.3,253.4,18,1,10,17,10,10,10,10,0.25,0.25,0.25,0.25,8/12/24/32/44/56/64/72/76/76/76/76/76/76/76/76/76,0.7,4.09
24,S,1,150,L,CB-24-150-1001-S-L,9048,215,40,0.555663706,0.0085054,24,-4.85,0.3,264,38.3,5.375,61.22696088,-,-,-,-,,1,-,-,,,0.65,22.83
24,S,1,150,L,CU-24-150-1001-S-L,9782,235,40,0.595663706,0.0092966,24,-4.85,0.3,264,18.5,5.875,62.42851397,-,-,-,-,,1,-,-,,,0.65,22.83
24,H,1,150,L,CU-24-150-1001-H-L,9239,10,10,0.031415927,7.85398E-05,2432,-4.85,0.3,264,18.5,1,10,32,10,-,-,,1,-,-,,,0.822,-2.4
24,H,1,150,L,CB-24-150-1001-H-L,8373,10,10,0.031415927,7.85398E-05,2204,-4.85,0.3,264,38.3,1,10,29,10,-,-,,1,-,-,,,0.822,-2.3
24,H,1,150,E,CU-24-150-1001-H-E,4492.8,10,10,0.031415927,7.85398E-05,1192,-4.85,0.3,264,18.5,1,10,32,10,-,-,,1,-,-,,8/8/8/8/8/12/12/12/12/16/16/20/20/24/24/28/28/32/36/40/44/48/52/60/64/72/80/80/80/80/80/80/,0.822,-2.4
24,H,1,150,Q,CU-24-150-1001-H-Q,7055.7,10,10,0.031415927,7.85398E-05,1872,-4.85,0.3,264,18.5,1,10,32,10,-,-,,1,-,-,,8/8/12/16/20/28/32/40/44/52/56/60/64/68/72/76/76/76/76/76/76/76/76/76/76/76/76/76/76/76/76/76,0.822,-2.4
24,H,2,150,L,CU-24-150-2001-H-L,2683.3,10,10,0.031415927,7.85398E-05,1156,-4.85,0.3,264,17.9,1,10,17,10,10,-,,0.5,0.5,-,,,0.7,4.76
24,H,2,150,L,CB-24-150-2001-H-L,2367.6,10,10,0.031415927,7.85398E-05,1020,-4.85,0.3,264,37.7,1,10,15,10,10,-,,0.5,0.5,-,,,0.7,4.76
24,H,2,150,E,CU-24-150-2001-H-E,1089.4,10,10,0.031415927,7.85398E-05,480,-4.85,0.3,264,17.9,1,10,17,10,10,-,,0.5,0.5,-,,8/8/8/8/12/12/16/16/20/24/28/36/40/48/60/68/68/,0.7,4.76
24,H,2,150,Q,CU-24-150-2001-H-Q,2015.4,10,10,0.031415927,7.85398E-05,888,-4.85,0.3,264,17.9,1,10,17,10,10,-,,0.5,0.5,-,,8/12/20/28/40/48/56/64/68/68/68/68/68/68/68/68/68,0.7,4.76
24,H,3,150,L,CU-24-150-3001-H-L,2159.1,10,10,0.031415927,7.85398E-05,1156,-4.85,0.3,264,17.9,1,10,17,10,10,10,,0.334,0.332,0.334,,,0.7,4.76
24,H,3,150,L,CB-24-150-3001-H-L,1905,10,10,0.031415927,7.85398E-05,1020,-4.85,0.3,264,37.7,1,10,15,10,10,10,,0.334,0.332,0.334,,,0.7,4.42
24,H,3,150,E,CU-24-150-3001-H-E,1015.5,10,10,0.031415927,7.85398E-05,524,-4.85,0.3,264,17.9,1,10,17,10,10,10,,0.334,0.332,0.334,,4/8/8/12/12/12/16/20/24/28/32/40/48/56/68/68/68,0.7,4.76
24,H,3,150,Q,CU-24-150-3001-H-Q,1645.6,10,10,0.031415927,7.85398E-05,888,-4.85,0.3,264,17.9,1,10,17,10,10,10,,0.334,0.332,0.334,,8/12/20/28/40/48/56/64/68/68/68/68/68/68/68/68/68,0.7,4.76
24,H,4,150,L,CU-24-150-4001-H-L,1979,10,10,0.031415927,7.85398E-05,1224,-4.85,0.3,264,17.9,1,10,17,10,10,10,10,0.25,0.25,0.25,0.25,,0.7,4.76
24,H,4,150,L,CB-24-150-4001-H-L,1746.1,10,10,0.031415927,7.85398E-05,1080,-4.85,0.3,264,37.7,1,10,15,10,10,10,10,0.25,0.25,0.25,0.25,,0.7,4.42
24,H,4,150,E,CU-24-150-4001-H-E,796,10,10,0.031415927,7.85398E-05,496,-4.85,0.3,264,17.9,1,10,17,8,8,8,8,0.25,0.25,0.25,0.25,8/8/8/8/12/12/16/16/20/24/28/36/44/52/60/72/72,0.7,4.76
24,H,4,150,Q,CU-24-150-4001-H-Q,1515,10,10,0.031415927,7.85398E-05,944,-4.85,0.3,264,17.9,1,10,17,10,10,10,10,0.25,0.25,0.25,0.25,8/12/20/32/44/52/60/68/72/72/72/72/72/72/72/72/72,0.7,4.76
28,S,1,015,L,CB-28-015-1001-S-L,13682,217,40,0.559663706,0.00858452,36,-4.85,0.3,278,51.5,5.425,61.3548451,-,-,-,-,,1,-,-,,,0.65,15.85
28,S,1,015,L,CU-28-015-1001-S-L,15224,245,40,0.615663706,0.0096922,36,-4.85,0.3,278,24.2,6.125,62.97074135,-,-,-,-,,1,-,-,,,0.65,15.85
28,H,1,015,L,CU-28-015-1001-H-L,15653,12,12,0.037699112,0.000113097,2500,-4.85,0.3,278,24.2,1,12,25,12,-,-,,1,-,-,,,0.9408,-1.92
28,H,1,015,L,CB-28-015-1001-H-L,13774,12,12,0.037699112,0.000113097,2200,-4.85,0.3,278,51.5,1,12,22,12,-,-,,1,-,-,,,0.9408,-1.79
28,H,1,015,E,CU-28-015-1001-H-E,5789.5,12,12,0.037699112,0.000113097,932,-4.85,0.3,278,24.2,1,12,25,12,-,-,,1,-,-,,8/8/8/8/12/12/12/16/16/20/20/24/28/28/32/36/44/48/56/60/68/80/88/100/100/,0.9408,-1.92
28,H,1,015,Q,CU-28-015-1001-H-Q,11951.7,12,12,0.037699112,0.000113097,1924,-4.85,0.3,278,24.2,1,12,25,12,-,-,,1,-,-,,8/12/20/28/36/48/56/68/76/84/92/96/100/100/100/100/100/100/100/100/100/100/100/100/100,0.9408,-1.92
28,H,2,015,L,CU-28-015-2001-H-L,4216.5,12,12,0.037699112,0.000113097,1280,-4.85,0.3,264,17.9,1,12,16,12,12,-,,0.5,0.5,-,,,0.7,4.12
28,H,2,015,L,CB-28-015-2001-H-L,3689.4,12,12,0.037699112,0.000113097,1120,-4.85,0.3,264,17.9,1,12,14,12,12,-,,0.5,0.5,-,,,0.7,4.5
28,H,2,015,E,CU-28-015-2001-H-E,1647.2,12,12,0.037699112,0.000113097,504,-4.85,0.3,264,17.9,1,12,16,12,12,-,,0.5,0.5,-,,8/8/8/12/12/16/16/20/24/28/36/44/52/64/76/80/,0.7,4.12
28,H,2,015,Q,CU-28-015-2001-H-Q,3202.9,12,12,0.037699112,0.000113097,980,-4.85,0.3,264,17.9,1,12,16,12,12,-,,0.5,0.5,-,,8/16/24/36/48/60/72/76/80/80/80/80/80/80/80/80,0.7,4.12
28,H,3,015,L,CU-28-015-3001-H-L,3442.7,12,12,0.037699112,0.000113097,1280,-4.85,0.3,264,17.9,1,12,16,12,12,12,,0.334,0.332,0.334,,,0.7,4.12
28,H,3,015,L,CB-28-015-3001-H-L,3012.3,12,12,0.037699112,0.000113097,1120,-4.85,0.3,264,17.9,1,12,14,12,12,12,,0.334,0.332,0.334,,,0.7,4.5
28,H,3,015,E,CU-28-015-3001-H-E,1515.7,12,12,0.037699112,0.000113097,544,-4.85,0.3,264,17.9,1,12,16,12,12,12,,0.334,0.332,0.334,,4/8/8/12/12/16/20/24/28/32/40/48/60/72/80/80,0.7,4.12
28,H,3,015,Q,CU-28-015-3001-H-Q,2615.1,12,12,0.037699112,0.000113097,980,-4.85,0.3,264,17.9,1,12,16,12,12,12,,0.334,0.332,0.334,,8/16/24/36/48/60/72/76/80/80/80/80/80/80/80/80,0.7,4.13
28,H,4,015,L,CU-28-015-4001-H-L,2981.5,12,12,0.037699112,0.000113097,1280,-4.85,0.3,264,17.9,1,12,16,12,12,12,12,0.25,0.25,0.25,0.25,,0.7,4.12
28,H,4,015,L,CB-28-015-4001-H-L,2608.8,12,12,0.037699112,0.000113097,1120,-4.85,0.3,264,17.9,1,12,14,12,12,12,12,0.25,0.25,0.25,0.25,,0.7,4.5
28,H,4,015,E,CU-28-015-4001-H-E,1164.7,12,12,0.037699112,0.000113097,504,-4.85,0.3,264,17.9,1,12,16,12,12,12,12,0.25,0.25,0.25,0.25,8/8/8/12/12/16/16/20/24/28/36/44/52/64/76/80,0.7,4.12
28,H,4,015,Q,CU-28-015-4001-H-Q,2264.8,12,12,0.037699112,0.000113097,980,-4.85,0.3,264,17.9,1,12,16,12,12,12,12,0.25,0.25,0.25,0.25,8/16/24/36/48/60/72/76/80/80/80/80/80/80/80/80,0.7,4.12
28,S,1,030,L,CB-28-030-1001-S-L,13682,217,40,0.559663706,0.00858452,36,-4.85,0.3,278,51.5,5.425,61.3548451,-,-,-,-,,1,-,-,,,0.65,15.85
28,S,1,030,L,CU-28-030-1001-S-L,15224,245,40,0.615663706,0.0096922,36,-4.85,0.3,278,24.2,6.125,62.97074135,-,-,-,-,,1,-,-,,,0.65,15.85
28,H,1,030,L,CU-28-030-1001-H-L,15653,12,12,0.037699112,0.000113097,2500,-4.85,0.3,278,24.2,1,12,25,12,-,-,,1,-,-,,,0.9408,-1.92
28,H,1,030,L,CB-28-030-1001-H-L,13774,12,12,0.037699112,0.000113097,2200,-4.85,0.3,278,51.5,1,12,22,12,-,-,,1,-,-,,,0.9408,-1.79
28,H,1,030,E,CU-28-030-1001-H-E,5789.5,12,12,0.037699112,0.000113097,932,-4.85,0.3,278,24.2,1,12,25,12,-,-,,1,-,-,,8/8/8/8/12/12/12/16/16/20/20/24/28/28/32/36/44/48/56/60/68/80/88/100/100/,0.9408,-1.92
28,H,1,030,Q,CU-28-030-1001-H-Q,11951.7,12,12,0.037699112,0.000113097,1924,-4.85,0.3,278,24.2,1,12,25,12,-,-,,1,-,-,,8/12/20/28/36/48/56/68/76/84/92/96/100/100/100/100/100/100/100/100/100/100/100/100/100,0.9408,-1.92
28,H,2,030,L,CU-28-030-2001-H-L,4216.5,12,12,0.037699112,0.000113097,1280,-4.85,0.3,264,17.9,1,12,16,12,12,-,,0.5,0.5,-,,,0.7,4.12
28,H,2,030,L,CB-28-030-2001-H-L,3689.4,12,12,0.037699112,0.000113097,1120,-4.85,0.3,264,17.9,1,12,14,12,12,-,,0.5,0.5,-,,,0.7,4.5
28,H,2,030,E,CU-28-030-2001-H-E,1647.2,12,12,0.037699112,0.000113097,504,-4.85,0.3,264,17.9,1,12,16,12,12,-,,0.5,0.5,-,,8/8/8/12/12/16/16/20/24/28/36/44/52/64/76/80/,0.7,4.12
28,H,2,030,Q,CU-28-030-2001-H-Q,3202.9,12,12,0.037699112,0.000113097,980,-4.85,0.3,264,17.9,1,12,16,12,12,-,,0.5,0.5,-,,8/16/24/36/48/60/72/76/80/80/80/80/80/80/80/80,0.7,4.12
28,H,3,030,L,CU-28-030-3001-H-L,3442.7,12,12,0.037699112,0.000113097,1280,-4.85,0.3,264,17.9,1,12,16,12,12,12,,0.334,0.332,0.334,,,0.7,4.12
28,H,3,030,L,CB-28-030-3001-H-L,3012.3,12,12,0.037699112,0.000113097,1120,-4.85,0.3,264,17.9,1,12,14,12,12,12,,0.334,0.332,0.334,,,0.7,4.5
28,H,3,030,E,CU-28-030-3001-H-E,1515.7,12,12,0.037699112,0.000113097,544,-4.85,0.3,264,17.9,1,12,16,12,12,12,,0.334,0.332,0.334,,4/8/8/12/12/16/20/24/28/32/40/48/60/72/80/80,0.7,4.12
28,H,3,030,Q,CU-28-030-3001-H-Q,2615.1,12,12,0.037699112,0.000113097,980,-4.85,0.3,264,17.9,1,12,16,12,12,12,,0.334,0.332,0.334,,8/16/24/36/48/60/72/76/80/80/80/80/80/80/80/80,0.7,4.13
28,H,4,030,L,CU-28-030-4001-H-L,2981.5,12,12,0.037699112,0.000113097,1280,-4.85,0.3,264,17.9,1,12,16,12,12,12,12,0.25,0.25,0.25,0.25,,0.7,4.12
28,H,4,030,L,CB-28-030-4001-H-L,2608.8,12,12,0.037699112,0.000113097,1120,-4.85,0.3,264,17.9,1,12,14,12,12,12,12,0.25,0.25,0.25,0.25,,0.7,4.5
28,H,4,030,E,CU-28-030-4001-H-E,1164.7,12,12,0.037699112,0.000113097,504,-4.85,0.3,264,17.9,1,12,16,12,12,12,12,0.25,0.25,0.25,0.25,8/8/8/12/12/16/16/20/24/28/36/44/52/64/76/80,0.7,4.12
28,H,4,030,Q,CU-28-030-4001-H-Q,2264.8,12,12,0.037699112,0.000113097,980,-4.85,0.3,264,17.9,1,12,16,12,12,12,12,0.25,0.25,0.25,0.25,8/16/24/36/48/60/72/76/80/80/80/80/80/80/80/80,0.7,4.12
28,S,1,060,L,CB-28-060-1001-S-L,15114,263,40,0.651663706,0.01040428,36,-4.85,0.3,309,51.3,6.575,63.86287836,-,-,-,-,,1,-,-,,,0.65,12.36
28,S,1,060,L,CU-28-060-1001-S-L,16711,272,40,0.669663706,0.01076032,36,-4.85,0.3,309,22.8,6.8,64.27297703,-,-,-,-,,1,-,-,,,0.65,12.36
28,H,1,060,L,CU-28-060-1001-H-L,15332,12,12,0.037699112,0.000113097,2784,-4.85,0.3,309,22.8,1,12,29,12,-,-,,1,-,-,,,0.8275,-2.21
28,H,1,060,L,CB-28-060-1001-H-L,13746,12,12,0.037699112,0.000113097,2496,-4.85,0.3,309,51.3,1,12,26,12,-,-,,1,-,-,,,0.8275,-2.18
28,H,1,060,E,CU-28-060-1001-H-E,5748,12,12,0.037699112,0.000113097,1052,-4.85,0.3,309,22.8,1,12,29,12,-,-,,1,-,-,,8/8/8/8/8/12/12/12/16/16/16/20/20/24/24/28/32/36/40/44/48/52/60/64/72/80/92/96/96/,0.8275,-2.21
28,H,1,060,Q,CU-28-060-1001-H-Q,10460.4,12,12,0.037699112,0.000113097,1914,-4.85,0.3,309,22.8,1,12,29,12,-,-,,1,-,-,,8/8/16/20/28/32/40/48/56/64/68/76/80/84/86/86/86/86/86/86/86/86/86/84/84/84/86/86/86,0.8275,-2.21
28,H,2,060,L,CU-28-060-2001-H-L,4506.4,12,12,0.037699112,0.000113097,1368,-4.85,0.3,264,17.9,1,12,18,12,12,-,,0.5,0.5,-,,,0.7,4.13
28,H,2,060,L,CB-28-060-2001-H-L,4005.6,12,12,0.037699112,0.000113097,1216,-4.85,0.3,264,17.9,1,12,16,12,12,-,,0.5,0.5,-,,,0.7,4.38
28,H,2,060,E,CU-28-060-2001-H-E,1804.1,12,12,0.037699112,0.000113097,552,-4.85,0.3,264,17.9,1,12,18,12,12,-,,0.5,0.5,-,,8/8/8/8/12/12/16/16/20/24/28/32/40/48/56/64/76/76/,0.7,4.13
28,H,2,060,Q,CU-28-060-2001-H-Q,3438.2,12,12,0.037699112,0.000113097,1052,-4.85,0.3,264,17.9,1,12,18,12,12,-,,0.5,0.5,-,,8/12/20/32/40/52/60/68/76/76/76/76/76/76/76/76/76/76,0.7,4.13
28,H,3,060,L,CU-28-060-3001-H-L,3679.5,12,12,0.037699112,0.000113097,1368,-4.85,0.3,264,17.9,1,12,18,12,12,12,,0.334,0.332,0.334,,,0.7,4.13
28,H,3,060,L,CB-28-060-3001-H-L,3270.6,12,12,0.037699112,0.000113097,1216,-4.85,0.3,264,17.9,1,12,16,12,12,12,,0.334,0.332,0.334,,,0.7,4.38
28,H,3,060,E,CU-28-060-3001-H-E,1686.5,12,12,0.037699112,0.000113097,604,-4.85,0.3,264,17.9,1,12,18,12,12,12,,0.334,0.332,0.334,,4/8/8/12/12/16/16/20/24/28/32/36/44/52/64/76/76/76,0.7,4.13
28,H,3,060,Q,CU-28-060-3001-H-Q,2807.2,12,12,0.037699112,0.000113097,1052,-4.85,0.3,264,17.9,1,12,18,12,12,12,,0.334,0.332,0.334,,8/12/20/32/40/52/60/68/76/76/76/76/76/76/76/76/76/76,0.7,4.13
28,H,4,060,L,CU-28-060-4001-H-L,3186.5,12,12,0.037699112,0.000113097,1368,-4.85,0.3,264,17.9,1,12,18,12,12,12,12,0.25,0.25,0.25,0.25,,0.7,4.13
28,H,4,060,L,CB-28-060-4001-H-L,2832.4,12,12,0.037699112,0.000113097,1216,-4.85,0.3,264,17.9,1,12,16,12,12,12,12,0.25,0.25,0.25,0.25,,0.7,4.5
28,H,4,060,E,CU-28-060-4001-H-E,1275.7,12,12,0.037699112,0.000113097,552,-4.85,0.3,264,17.9,1,12,18,12,12,12,12,0.25,0.25,0.25,0.25,8/8/8/8/12/12/16/16/20/24/28/32/40/48/56/64/76/76,0.7,4.13
28,H,4,060,Q,CU-28-060-4001-H-Q,2264.8,12,12,0.037699112,0.000113097,1052,-4.85,0.3,264,17.9,1,12,18,12,12,12,12,0.25,0.25,0.25,0.25,8/12/20/32/40/52/60/68/76/76/76/76/76/76/76/76/76/76,0.7,4.12
28,S,1,090,L,CB-28-090-1001-S-L,14414,263,40,0.651663706,0.01040428,32,-4.85,0.3,309,51.3,6.575,63.86287836,-,-,-,-,,1,-,-,,,0.65,18.91
28,S,1,090,L,CU-28-090-1001-S-L,14855,272,40,0.669663706,0.01076032,32,-4.85,0.3,309,22.8,6.8,64.27297703,-,-,-,-,,1,-,-,,,0.65,18.91
28,H,1,090,L,CU-28-090-1001-H-L,15332,12,12,0.037699112,0.000113097,2784,-4.85,0.3,309,22.8,1,12,29,12,-,-,,1,-,-,,,0.8275,-2.21
28,H,1,090,L,CB-28-090-1001-H-L,13746,12,12,0.037699112,0.000113097,2496,-4.85,0.3,309,51.3,1,12,26,12,-,-,,1,-,-,,,0.8275,-2.18
28,H,1,090,E,CU-28-090-1001-H-E,5748,12,12,0.037699112,0.000113097,1052,-4.85,0.3,309,22.8,1,12,29,12,-,-,,1,-,-,,8/8/8/8/8/12/12/12/16/16/16/20/20/24/24/28/32/36/40/44/48/52/60/64/72/80/92/96/96/,0.8275,-2.21
28,H,1,090,Q,CU-28-090-1001-H-Q,10460.4,12,12,0.037699112,0.000113097,1914,-4.85,0.3,309,22.8,1,12,29,12,-,-,,1,-,-,,8/8/16/20/28/32/40/48/56/64/68/76/80/84/86/86/86/86/86/86/86/86/86/84/84/84/86/86/86,0.8275,-2.21
28,H,2,090,L,CU-28-090-2001-H-L,4506.4,12,12,0.037699112,0.000113097,1368,-4.85,0.3,264,17.9,1,12,18,12,12,-,,0.5,0.5,-,,,0.7,4.13
28,H,2,090,L,CB-28-090-2001-H-L,4005.6,12,12,0.037699112,0.000113097,1216,-4.85,0.3,264,17.9,1,12,16,12,12,-,,0.5,0.5,-,,,0.7,4.38
28,H,2,090,E,CU-28-090-2001-H-E,1804.1,12,12,0.037699112,0.000113097,552,-4.85,0.3,264,17.9,1,12,18,12,12,-,,0.5,0.5,-,,8/8/8/8/12/12/16/16/20/24/28/32/40/48/56/64/76/76/,0.7,4.13
28,H,2,090,Q,CU-28-090-2001-H-Q,3438.2,12,12,0.037699112,0.000113097,1052,-4.85,0.3,264,17.9,1,12,18,12,12,-,,0.5,0.5,-,,8/12/20/32/40/52/60/68/76/76/76/76/76/76/76/76/76/76,0.7,4.13
28,H,3,090,L,CU-28-090-3001-H-L,3679.5,12,12,0.037699112,0.000113097,1368,-4.85,0.3,264,17.9,1,12,18,12,12,12,,0.334,0.332,0.334,,,0.7,4.13
28,H,3,090,L,CB-28-090-3001-H-L,3270.6,12,12,0.037699112,0.000113097,1216,-4.85,0.3,264,17.9,1,12,16,12,12,12,,0.334,0.332,0.334,,,0.7,4.38
28,H,3,090,E,CU-28-090-3001-H-E,1686.5,12,12,0.037699112,0.000113097,604,-4.85,0.3,264,17.9,1,12,18,12,12,12,,0.334,0.332,0.334,,4/8/8/12/12/16/16/20/24/28/32/36/44/52/64/76/76/76,0.7,4.13
28,H,3,090,Q,CU-28-090-3001-H-Q,2807.2,12,12,0.037699112,0.000113097,1052,-4.85,0.3,264,17.9,1,12,18,12,12,12,,0.334,0.332,0.334,,8/12/20/32/40/52/60/68/76/76/76/76/76/76/76/76/76/76,0.7,4.13
28,H,4,090,L,CU-28-090-4001-H-L,3186.5,12,12,0.037699112,0.000113097,1368,-4.85,0.3,264,17.9,1,12,18,12,12,12,12,0.25,0.25,0.25,0.25,,0.7,4.13
28,H,4,090,L,CB-28-090-4001-H-L,2832.4,12,12,0.037699112,0.000113097,1216,-4.85,0.3,264,17.9,1,12,16,12,12,12,12,0.25,0.25,0.25,0.25,,0.7,4.5
28,H,4,090,E,CU-28-090-4001-H-E,1275.7,12,12,0.037699112,0.000113097,552,-4.85,0.3,264,17.9,1,12,18,12,12,12,12,0.25,0.25,0.25,0.25,8/8/8/8/12/12/16/16/20/24/28/32/40/48/56/64/76/76,0.7,4.13
28,H,4,090,Q,CU-28-090-4001-H-Q,2431,12,12,0.037699112,0.000113097,1052,-4.85,0.3,264,17.9,1,12,18,12,12,12,12,0.25,0.25,0.25,0.25,8/12/20/32/40/52/60/68/76/76/76/76/76/76/76/76/76/76,0.7,4.12
30,S,1,015,L,CB-30-015-1001-S-L,16368,236,40,0.597663706,0.00933616,40,-4.85,0.3,279,51.7,5.9,62.48436975,-,-,-,-,,1,-,-,,,0.65,14.98
30,S,1,015,L,CU-30-015-1001-S-L,16732,254,40,0.633663706,0.01004824,40,-4.85,0.3,279,24.2,6.35,63.42948099,-,-,-,-,,1,-,-,,,0.65,14.98
30,H,1,015,L,CU-30-015-1001-H-L,17846.9,12,12,0.037699112,0.000113097,2900,-4.85,0.3,279,24.2,1,12,25,12,-,-,,1,-,-,,,0.9247,-1.88
30,H,1,015,L,CB-30-015-1001-H-L,15705,12,12,0.037699112,0.000113097,2552,-4.85,0.3,279,51.7,1,12,22,12,-,-,,1,-,-,,,0.9247,-1.75
30,H,1,015,E,CU-30-015-1001-H-E,6301,12,12,0.037699112,0.000113097,1032,-4.85,0.3,279,24.2,1,12,25,12,-,-,,1,-,-,,8/8/8/12/12/12/16/16/16/20/24/24/28/32/36/40/48/52/60/68/76/88/100/112/116/,0.9247,-1.88
30,H,1,015,Q,CU-30-015-1001-H-Q,13407.9,12,12,0.037699112,0.000113097,2196,-4.85,0.3,279,24.2,1,12,25,12,-,-,,1,-,-,,12/12/20/32/40/52/64/76/84/96/104/108/116/116/116/116/116/116/116/116/112/112/112/116/116,0.9247,-1.88
30,H,2,015,L,CU-30-015-2001-H-L,4638.2,12,12,0.037699112,0.000113097,1408,-4.85,0.3,279,24.3,1,12,16,12,12,-,,0.5,0.5,-,,,0.7,4.18
30,H,2,015,L,CB-30-015-2001-H-L,4058.4,12,12,0.037699112,0.000113097,1232,-4.85,0.3,279,51.6,1,12,14,12,12,-,,0.5,0.5,-,,,0.7,4.57
30,H,2,015,E,CU-30-015-2001-H-E,1699.5,12,12,0.037699112,0.000113097,520,-4.85,0.3,279,24.3,1,12,16,12,12,-,,0.5,0.5,-,,8/8/8/12/12/16/16/20/24/32/36/44/52/64/80/88/,0.7,4.18
30,H,2,015,Q,CU-30-015-2001-H-Q,3529.7,12,12,0.037699112,0.000113097,1080,-4.85,0.3,279,24.3,1,12,16,12,12,-,,0.5,0.5,-,,8/16/28/40/56/68/76/84/88/88/88/88/88/88/88/88,0.7,4.18
30,H,3,015,L,CU-30-015-3001-H-L,3787.1,12,12,0.037699112,0.000113097,1408,-4.85,0.3,279,24.3,1,12,16,12,12,12,,0.334,0.332,0.334,,,0.7,4.18
30,H,3,015,L,CB-30-015-3001-H-L,3313.7,12,12,0.037699112,0.000113097,1232,-4.85,0.3,279,51.6,1,12,14,12,12,12,,0.334,0.332,0.334,,,0.7,4.57
30,H,3,015,E,CU-30-015-3001-H-E,1505,12,12,0.037699112,0.000113097,526,-4.85,0.3,279,24.3,1,12,16,12,12,12,,0.334,0.332,0.334,,8/8/8/12/12/16/20/24/28/32/40/48/60/72/88/88,0.7,4.18
30,H,3,015,Q,CU-30-015-3001-H-Q,2882,12,12,0.037699112,0.000113097,1080,-4.85,0.3,279,24.3,1,12,16,12,12,12,,0.334,0.332,0.334,,8/16/28/40/56/68/76/84/88/88/88/88/88/88/88/88,0.7,4.18
30,H,4,015,L,CU-30-015-4001-H-L,3279.7,12,12,0.037699112,0.000113097,1408,-4.85,0.3,279,24.3,1,12,16,12,12,12,12,0.25,0.25,0.25,0.25,,0.7,4.18
30,H,4,015,L,CB-30-015-4001-H-L,2869.7,12,12,0.037699112,0.000113097,1232,-4.85,0.3,279,51.6,1,12,14,12,12,12,12,0.25,0.25,0.25,0.25,,0.7,4.57
30,H,4,015,E,CU-30-015-4001-H-E,1303.4,12,12,0.037699112,0.000113097,564,-4.85,0.3,279,24.3,1,12,16,12,12,12,12,0.25,0.25,0.25,0.25,8/8/8/12/12/16/20/24/28/32/40/48/60/72/88/88,0.7,4.18
30,H,4,015,Q,CU-30-015-4001-H-Q,2495.9,12,12,0.037699112,0.000113097,1080,-4.85,0.3,279,24.3,1,12,16,12,12,12,12,0.25,0.25,0.25,0.25,8/16/28/40/56/68/76/84/88/88/88/88/88/88/88/88,0.7,4.18
30,S,1,030,L,CB-30-030-1001-S-L,16368,236,40,0.597663706,0.00933616,40,-4.85,0.3,279,51.7,5.9,62.48436975,-,-,-,-,,1,-,-,,,0.65,14.98
30,S,1,030,L,CU-30-030-1001-S-L,16732,254,40,0.633663706,0.01004824,40,-4.85,0.3,279,24.2,6.35,63.42948099,-,-,-,-,,1,-,-,,,0.65,14.98
30,H,1,030,L,CU-30-030-1001-H-L,17846.9,12,12,0.037699112,0.000113097,2900,-4.85,0.3,279,24.2,1,12,25,12,-,-,,1,-,-,,,0.9247,-1.88
30,H,1,030,L,CB-30-030-1001-H-L,15705,12,12,0.037699112,0.000113097,2552,-4.85,0.3,279,51.7,1,12,22,12,-,-,,1,-,-,,,0.9247,-1.75
30,H,1,030,E,CU-30-030-1001-H-E,6301,12,12,0.037699112,0.000113097,1032,-4.85,0.3,279,24.2,1,12,25,12,-,-,,1,-,-,,8/8/8/12/12/12/16/16/16/20/24/24/28/32/36/40/48/52/60/68/76/88/100/112/116/,0.9247,-1.88
30,H,1,030,Q,CU-30-030-1001-H-Q,13407.9,12,12,0.037699112,0.000113097,2196,-4.85,0.3,279,24.2,1,12,25,12,-,-,,1,-,-,,12/12/20/32/40/52/64/76/84/96/104/108/116/116/116/116/116/116/116/116/112/112/112/116/116,0.9247,-1.88
30,H,2,030,L,CU-30-030-2001-H-L,4638.2,12,12,0.037699112,0.000113097,1408,-4.85,0.3,279,24.3,1,12,16,12,12,-,,0.5,0.5,-,,,0.7,4.18
30,H,2,030,L,CB-30-030-2001-H-L,4058.4,12,12,0.037699112,0.000113097,1232,-4.85,0.3,279,51.6,1,12,14,12,12,-,,0.5,0.5,-,,,0.7,4.57
30,H,2,030,E,CU-30-030-2001-H-E,1699.5,12,12,0.037699112,0.000113097,520,-4.85,0.3,279,24.3,1,12,16,12,12,-,,0.5,0.5,-,,8/8/8/12/12/16/16/20/24/32/36/44/52/64/80/88/,0.7,4.18
30,H,2,030,Q,CU-30-030-2001-H-Q,3529.7,12,12,0.037699112,0.000113097,1080,-4.85,0.3,279,24.3,1,12,16,12,12,-,,0.5,0.5,-,,8/16/28/40/56/68/76/84/88/88/88/88/88/88/88/88,0.7,4.18
30,H,3,030,L,CU-30-030-3001-H-L,3787.1,12,12,0.037699112,0.000113097,1408,-4.85,0.3,279,24.3,1,12,16,12,12,12,,0.334,0.332,0.334,,,0.7,4.18
30,H,3,030,L,CB-30-030-3001-H-L,3313.7,12,12,0.037699112,0.000113097,1232,-4.85,0.3,279,51.6,1,12,14,12,12,12,,0.334,0.332,0.334,,,0.7,4.57
30,H,3,030,E,CU-30-030-3001-H-E,1505,12,12,0.037699112,0.000113097,526,-4.85,0.3,279,24.3,1,12,16,12,12,12,,0.334,0.332,0.334,,8/8/8/12/12/16/20/24/28/32/40/48/60/72/88/88,0.7,4.18
30,H,3,030,Q,CU-30-030-3001-H-Q,2882,12,12,0.037699112,0.000113097,1080,-4.85,0.3,279,24.3,1,12,16,12,12,12,,0.334,0.332,0.334,,8/16/28/40/56/68/76/84/88/88/88/88/88/88/88/88,0.7,4.18
30,H,4,030,L,CU-30-030-4001-H-L,3279.7,12,12,0.037699112,0.000113097,1408,-4.85,0.3,279,24.3,1,12,16,12,12,12,12,0.25,0.25,0.25,0.25,,0.7,4.18
30,H,4,030,L,CB-30-030-4001-H-L,2869.7,12,12,0.037699112,0.000113097,1232,-4.85,0.3,279,51.6,1,12,14,12,12,12,12,0.25,0.25,0.25,0.25,,0.7,4.57
30,H,4,030,E,CU-30-030-4001-H-E,1303.4,12,12,0.037699112,0.000113097,564,-4.85,0.3,279,24.3,1,12,16,12,12,12,12,0.25,0.25,0.25,0.25,8/8/8/12/12/16/20/24/28/32/40/48/60/72/88/88,0.7,4.18
30,H,4,030,Q,CU-30-030-4001-H-Q,2495.9,12,12,0.037699112,0.000113097,1080,-4.85,0.3,279,24.3,1,12,16,12,12,12,12,0.25,0.25,0.25,0.25,8/16/28/40/56/68/76/84/88/88/88/88/88/88/88/88,0.7,4.18
30,S,1,060,L,CB-30-060-1001-S-L,16601,270,40,0.665663706,0.0106812,36,-4.85,0.3,339,52.1,6.75,64.18376067,-,-,-,-,,1,-,-,,,0.65,16.72
30,S,1,060,L,CU-30-060-1001-S-L,18253,300,40,0.725663706,0.011868,36,-4.85,0.3,339,23.6,7.5,65.41873267,-,-,-,-,,1,-,-,,,0.65,16.72
30,H,1,060,L,CU-30-060-1001-H-L,18023,12,12,0.037699112,0.000113097,3224,-4.85,0.3,339,23.6,1,12,31,12,-,-,,1,-,-,,,0.84,-1.89
30,H,1,060,L,CB-30-060-1001-H-L,16279,12,12,0.037699112,0.000113097,2912,-4.85,0.3,339,52.1,1,12,28,12,-,-,,1,-,-,,,0.84,-1.82
30,H,1,060,E,CU-30-060-1001-H-E,6544.7,12,12,0.037699112,0.000113097,1180,-4.85,0.3,339,23.6,1,12,31,12,-,-,,1,-,-,,8/8/8/8/8/12/12/12/12/16/16/20/20/20/24/28/28/32/36/40/44/48/52/60/64/72/80/88/96/104/104/,0.84,-1.89
30,H,1,060,Q,CU-30-060-1001-H-Q,13533.1,12,12,0.037699112,0.000113097,2400,-4.85,0.3,339,23.6,1,12,31,12,-,-,,1,-,-,,8/12/16/20/28/36/44/52/60/68/76/84/88/96/100/104/104/104/104/104/104/104/104/104/104/100/100/100/104/104/104,0.84,-1.89
30,H,2,060,L,CU-30-060-2001-H-L,5007.1,12,12,0.037699112,0.000113097,1520,-4.85,0.3,339,24,1,12,19,12,12,-,,0.5,0.5,-,,,0.7,4.83
30,H,2,060,L,CB-30-060-2001-H-L,4480,12,12,0.037699112,0.000113097,1360,-4.85,0.3,339,52.4,1,12,17,12,12,-,,0.5,0.5,-,,,0.7,4.15
30,H,2,060,E,CU-30-060-2001-H-E,2013.2,12,12,0.037699112,0.000113097,616,-4.85,0.3,339,24,1,12,19,12,12,-,,0.5,0.5,-,,8/8/8/8/12/12/16/16/20/24/28/32/36/44/52/60/72/80/80/,0.7,4.83
30,H,2,060,Q,CU-30-060-2001-H-Q,3817.3,12,12,0.037699112,0.000113097,1168,-4.85,0.3,339,24,1,12,19,12,12,-,,0.5,0.5,-,,8/12/20/32/40/52/60/68/76/80/80/80/80/80/80/80/80/80/80,0.7,4.83
30,H,3,060,L,CU-30-060-3001-H-L,4088.3,12,12,0.037699112,0.000113097,1520,-4.85,0.3,339,24,1,12,19,12,12,12,,0.334,0.332,0.334,,,0.7,4.83
30,H,3,060,L,CB-30-060-3001-H-L,3657.9,12,12,0.037699112,0.000113097,1360,-4.85,0.3,339,52.4,1,12,17,12,12,12,,0.334,0.332,0.334,,,0.7,4.15
30,H,3,060,E,CU-30-060-3001-H-E,1643.8,12,12,0.037699112,0.000113097,574,-4.85,0.3,339,24,1,12,19,12,12,12,,0.334,0.332,0.334,,8/8/8/8/12/12/16/16/20/24/28/32/36/44/52/60/72/80/80,0.7,4.83
30,H,3,060,Q,CU-30-060-3001-H-Q,3116.8,12,12,0.037699112,0.000113097,1168,-4.85,0.3,339,24,1,12,19,12,12,12,,0.334,0.332,0.334,,8/12/20/32/40/52/60/68/76/80/80/80/80/80/80/80/80/80/80,0.7,4.83
30,H,4,060,L,CU-30-060-4001-H-L,3540.5,12,12,0.037699112,0.000113097,1520,-4.85,0.3,339,24,1,12,19,12,12,12,12,0.25,0.25,0.25,0.25,,0.7,4.83
30,H,4,060,L,CB-30-060-4001-H-L,3167.8,12,12,0.037699112,0.000113097,1360,-4.85,0.3,339,52.4,1,12,17,12,12,12,12,0.25,0.25,0.25,0.25,,0.7,4.15
30,H,4,060,E,CU-30-060-4001-H-E,1423.6,12,12,0.037699112,0.000113097,616,-4.85,0.3,339,24,1,12,19,12,12,12,12,0.25,0.25,0.25,0.25,8/8/8/8/12/12/16/16/20/24/28/32/36/44/52/60/72/80/80,0.7,4.83
30,H,4,060,Q,CU-30-060-4001-H-Q,2699.2,12,12,0.037699112,0.000113097,1168,-4.85,0.3,339,24,1,12,19,12,12,12,12,0.25,0.25,0.25,0.25,8/12/20/32/40/52/60/68/76/80/80/80/80/80/80/80/80/80/80,0.7,4.83
30,S,1,090,L,CB-30-090-1001-S-L,16601,270,40,0.665663706,0.0106812,36,-4.85,0.3,339,52.1,6.75,64.18376067,-,-,-,-,,1,-,-,,,0.65,16.72
30,S,1,090,L,CU-30-090-1001-S-L,18253,300,40,0.725663706,0.011868,36,-4.85,0.3,339,23.6,7.5,65.41873267,-,-,-,-,,1,-,-,,,0.65,16.72
30,H,1,090,L,CU-30-090-1001-H-L,18023,12,12,0.037699112,0.000113097,3224,-4.85,0.3,339,23.6,1,12,31,12,-,-,,1,-,-,,,0.84,-1.89
30,H,1,090,L,CB-30-090-1001-H-L,16279,12,12,0.037699112,0.000113097,2912,-4.85,0.3,339,52.1,1,12,28,12,-,-,,1,-,-,,,0.84,-1.82
30,H,1,090,E,CU-30-090-1001-H-E,6544.7,12,12,0.037699112,0.000113097,1180,-4.85,0.3,339,23.6,1,12,31,12,-,-,,1,-,-,,8/8/8/8/8/12/12/12/12/16/16/20/20/20/24/28/28/32/36/40/44/48/52/60/64/72/80/88/96/104/104/,0.84,-1.89
30,H,1,090,Q,CU-30-090-1001-H-Q,13533.1,12,12,0.037699112,0.000113097,2400,-4.85,0.3,339,23.6,1,12,31,12,-,-,,1,-,-,,8/12/16/20/28/36/44/52/60/68/76/84/88/96/100/104/104/104/104/104/104/104/104/104/104/100/100/100/104/104/104,0.84,-1.89
30,H,2,090,L,CU-30-090-2001-H-L,5007.1,12,12,0.037699112,0.000113097,1520,-4.85,0.3,339,24,1,12,19,12,12,-,,0.5,0.5,-,,,0.7,4.83
30,H,2,090,L,CB-30-090-2001-H-L,4480,12,12,0.037699112,0.000113097,1360,-4.85,0.3,339,52.4,1,12,17,12,12,-,,0.5,0.5,-,,,0.7,4.15
30,H,2,090,E,CU-30-090-2001-H-E,2013.2,12,12,0.037699112,0.000113097,616,-4.85,0.3,339,24,1,12,19,12,12,-,,0.5,0.5,-,,8/8/8/8/12/12/16/16/20/24/28/32/36/44/52/60/72/80/80/,0.7,4.83
30,H,2,090,Q,CU-30-090-2001-H-Q,3817.3,12,12,0.037699112,0.000113097,1168,-4.85,0.3,339,24,1,12,19,12,12,-,,0.5,0.5,-,,8/12/20/32/40/52/60/68/76/80/80/80/80/80/80/80/80/80/80,0.7,4.83
30,H,3,090,L,CU-30-090-3001-H-L,4088.3,12,12,0.037699112,0.000113097,1520,-4.85,0.3,339,24,1,12,19,12,12,12,,0.334,0.332,0.334,,,0.7,4.83
30,H,3,090,L,CB-30-090-3001-H-L,3657.9,12,12,0.037699112,0.000113097,1360,-4.85,0.3,339,52.4,1,12,17,12,12,12,,0.334,0.332,0.334,,,0.7,4.15
30,H,3,090,E,CU-30-090-3001-H-E,1643.8,12,12,0.037699112,0.000113097,574,-4.85,0.3,339,24,1,12,19,12,12,12,,0.334,0.332,0.334,,8/8/8/8/12/12/16/16/20/24/28/32/36/44/52/60/72/80/80,0.7,4.83
30,H,3,090,Q,CU-30-090-3001-H-Q,3116.8,12,12,0.037699112,0.000113097,1168,-4.85,0.3,339,24,1,12,19,12,12,12,,0.334,0.332,0.334,,8/12/20/32/40/52/60/68/76/80/80/80/80/80/80/80/80/80/80,0.7,3.95
30,H,4,090,L,CU-30-090-4001-H-L,3540.5,12,12,0.037699112,0.000113097,1520,-4.85,0.3,339,24,1,12,19,12,12,12,12,0.25,0.25,0.25,0.25,,0.7,4.83
30,H,4,090,L,CB-30-090-4001-H-L,3167.8,12,12,0.037699112,0.000113097,1360,-4.85,0.3,339,52.4,1,12,17,12,12,12,12,0.25,0.25,0.25,0.25,,0.7,4.15
30,H,4,090,E,CU-30-090-4001-H-E,1423.6,12,12,0.037699112,0.000113097,616,-4.85,0.3,339,24,1,12,19,12,12,12,12,0.25,0.25,0.25,0.25,8/8/8/8/12/12/16/16/20/24/28/32/36/44/52/60/72/80/80,0.7,4.83
30,H,4,090,Q,CU-30-090-4001-H-Q,2699.2,12,12,0.037699112,0.000113097,1168,-4.85,0.3,339,24,1,12,19,12,12,12,12,0.25,0.25,0.25,0.25,8/12/20/32/40/52/60/68/76/80/80/80/80/80/80/80/80/80/80,0.7,4.83
32,S,1,015,L,CB-32-015-1001-S-L,18271,240,40,0.605663706,0.0094944,44,-4.85,0.3,299,51.3,6,62.70410397,-,-,-,-,,1,-,-,,,0.65,13.55
32,S,1,015,L,CU-32-015-1001-S-L,21764,275,40,0.675663706,0.010879,44,-4.85,0.3,299,23.8,6.875,64.40482093,-,-,-,-,,1,-,-,,,0.65,13.55
32,H,1,015,L,CU-32-015-1001-H-L,17633.8,12,12,0.037699112,0.000113097,2880,-4.85,0.3,299,23.8,1,12,30,12,-,-,,1,-,-,,,0.92,-2.92
32,H,1,015,L,CB-32-015-1001-H-L,15870,12,12,0.037699112,0.000113097,1592,-4.85,0.3,299,51.3,1,12,27,12,-,-,,1,-,-,,,0.92,-2.93
32,H,1,015,E,CU-32-015-1001-H-E,6609.1,12,12,0.037699112,0.000113097,1088,-4.85,0.3,299,23.8,1,12,30,12,-,-,,1,-,-,,8/8/8/8/8/12/12/12/12/16/16/20/20/20/24/28/28/32/36/40/44/48/56/60/68/76/84/92/96/96/,0.92,-2.92
32,H,1,015,Q,CU-32-015-1001-H-Q,13461.2,12,12,0.037699112,0.000113097,2216,-4.85,0.3,299,23.8,1,12,30,12,-,-,,1,-,-,,8/12/16/20/28/36/44/52/60/68/76/80/88/92/96/96/96/96/96/96/96/96/96/96/96/96/96/96/96/96,0.92,-2.92
32,H,2,015,L,CU-32-015-2001-H-L,4743.6,12,12,0.037699112,0.000113097,1440,-4.85,0.3,299,24,1,12,15,12,12,-,,0.5,0.5,-,,,0.7,6.79
32,H,2,015,L,CB-32-015-2001-H-L,4427.3,12,12,0.037699112,0.000113097,1344,-4.85,0.3,299,51.3,1,12,14,12,12,-,,0.5,0.5,-,,,0.7,6.13
32,H,2,015,E,CU-32-015-2001-H-E,1660.3,12,12,0.037699112,0.000113097,508,-4.85,0.3,299,24,1,12,15,12,12,-,,0.5,0.5,-,,8/8/8/12/12/16/20/24/28/36/44/52/64/80/96/,0.7,6.79
32,H,2,015,Q,CU-32-015-2001-H-Q,3608.1,12,12,0.037699112,0.000113097,1104,-4.85,0.3,299,24,1,12,15,12,12,-,,0.5,0.5,-,,8/20/32/48/64/76/88/96/96/96/96/96/96/96/96,0.7,6.79
32,H,3,015,L,CU-32-015-3001-H-L,3959.2,12,12,0.037699112,0.000113097,1472,-4.85,0.3,299,24,1,12,16,12,12,12,,0.334,0.332,0.334,,,0.7,5.53
32,H,3,015,L,CB-32-015-3001-H-L,3464.3,12,12,0.037699112,0.000113097,1288,-4.85,0.3,299,51.3,1,12,14,12,12,12,,0.334,0.332,0.334,,,0.7,6.13
32,H,3,015,E,CU-32-015-3001-H-E,1312.9,12,12,0.037699112,0.000113097,454,-4.85,0.3,299,24,1,12,15,12,12,12,,0.334,0.332,0.334,,8/8/8/12/12/16/20/24/28/36/44/52/64/80/80,0.7,5.55
32,H,3,015,Q,CU-32-015-3001-H-Q,2999.4,12,12,0.037699112,0.000113097,1124,-4.85,0.3,299,24,1,12,16,12,12,12,,0.334,0.332,0.334,,8/16/28/44/56/68/80/88/92/92/92/92/92/92/92/92,0.7,6.79
32,H,4,015,L,CU-32-015-4001-H-L,3214.4,12,12,0.037699112,0.000113097,1380,-4.85,0.3,299,24,1,12,15,12,12,12,12,0.25,0.25,0.25,0.25,,0.7,6.79
32,H,4,015,L,CB-32-015-4001-H-L,3000.1,12,12,0.037699112,0.000113097,1288,-4.85,0.3,299,51.3,1,12,14,12,12,12,12,0.25,0.25,0.25,0.25,,0.7,6.13
32,H,4,015,E,CU-32-015-4001-H-E,1192.5,12,12,0.037699112,0.000113097,516,-4.85,0.3,299,24,1,12,15,12,12,12,12,0.25,0.25,0.25,0.25,8/8/8/12/12/16/20/24/28/36/44/56/68/84/92,0.7,6.79
32,H,4,015,Q,CU-32-015-4001-H-Q,2431.1,12,12,0.037699112,0.000113097,1052,-4.85,0.3,299,24,1,12,15,12,12,12,12,0.25,0.25,0.25,0.25,8/16/32/44/60/72/84/92/92/92/92/92/92/92/92,0.7,6.79
32,S,1,030,L,CB-32-030-1001-S-L,18271,240,40,0.605663706,0.0094944,44,-4.85,0.3,299,51.3,6,62.70410397,-,-,-,-,,1,-,-,,,0.65,13.55
32,S,1,030,L,CU-32-030-1001-S-L,21764,275,40,0.675663706,0.010879,44,-4.85,0.3,299,23.8,6.875,64.40482093,-,-,-,-,,1,-,-,,,0.65,13.55
32,H,1,030,L,CU-32-030-1001-H-L,17633.8,12,12,0.037699112,0.000113097,2880,-4.85,0.3,299,23.8,1,12,30,12,-,-,,1,-,-,,,0.92,-2.92
32,H,1,030,L,CB-32-030-1001-H-L,15870,12,12,0.037699112,0.000113097,1592,-4.85,0.3,299,51.3,1,12,27,12,-,-,,1,-,-,,,0.92,-2.93
32,H,1,030,E,CU-32-030-1001-H-E,6609.1,12,12,0.037699112,0.000113097,1060,-4.85,0.3,299,23.8,1,12,30,12,-,-,,1,-,-,,8/8/8/8/8/12/12/12/12/16/16/16/20/20/24/24/28/32/36/40/44/48/52/60/64/72/80/88/96/96/,0.92,-2.92
32,H,1,030,Q,CU-32-030-1001-H-Q,13461.2,12,12,0.037699112,0.000113097,2216,-4.85,0.3,299,23.8,1,12,30,12,-,-,,1,-,-,,8/12/16/20/28/36/44/52/60/68/76/80/88/92/96/96/96/96/96/96/96/96/96/96/96/96/96/96/96/96,0.92,-2.92
32,H,2,030,L,CU-32-030-2001-H-L,4743.6,12,12,0.037699112,0.000113097,1440,-4.85,0.3,299,24,1,12,15,12,12,-,,0.5,0.5,-,,,0.7,6.79
32,H,2,030,L,CB-32-030-2001-H-L,4427.3,12,12,0.037699112,0.000113097,1344,-4.85,0.3,299,51.3,1,12,14,12,12,,,0.5,0.5,,,,0.7,6.13
32,H,2,030,E,CU-32-030-2001-H-E,1660.3,12,12,0.037699112,0.000113097,508,-4.85,0.3,299,24,1,12,15,12,12,-,,0.5,0.5,-,,8/8/8/12/12/16/20/24/28/36/44/52/64/80/96/,0.7,6.79
32,H,2,030,Q,CU-32-030-2001-H-Q,3608.1,12,12,0.037699112,0.000113097,1104,-4.85,0.3,299,24,1,12,15,12,12,-,,0.5,0.5,-,,8/20/32/48/64/76/88/96/96/96/96/96/96/96/96,0.7,6.79
32,H,3,030,L,CU-32-030-3001-H-L,3959.2,12,12,0.037699112,0.000113097,1472,-4.85,0.3,299,24,1,12,16,12,12,12,,0.334,0.332,0.334,,,0.7,5.53
32,H,3,030,L,CB-32-030-3001-H-L,3464.3,12,12,0.037699112,0.000113097,1288,-4.85,0.3,299,51.3,1,12,14,12,12,12,,0.334,0.332,0.334,,,0.7,6.13
32,H,3,030,E,CU-32-030-3001-H-E,1312.9,12,12,0.037699112,0.000113097,454,-4.85,0.3,299,24,1,12,15,12,12,12,,0.334,0.332,0.334,,8/8/8/12/12/16/20/24/28/36/44/52/64/80/80,0.7,5.55
32,H,3,030,Q,CU-32-030-3001-H-Q,2999.4,12,12,0.037699112,0.000113097,1124,-4.85,0.3,299,24,1,12,16,12,12,12,,0.334,0.332,0.334,,8/16/28/44/56/68/80/88/92/92/92/92/92/92/92/92,0.7,6.79
32,H,4,030,L,CU-32-030-4001-H-L,3214.4,12,12,0.037699112,0.000113097,1380,-4.85,0.3,299,24,1,12,15,12,12,12,12,0.25,0.25,0.25,0.25,,0.7,6.79
32,H,4,030,L,CB-32-030-4001-H-L,3000.1,12,12,0.037699112,0.000113097,1288,-4.85,0.3,299,51.3,1,12,14,12,12,12,12,0.25,0.25,0.25,0.25,,0.7,6.13
32,H,4,030,E,CU-32-030-4001-H-E,1192.5,12,12,0.037699112,0.000113097,516,-4.85,0.3,299,24,1,12,15,12,12,12,12,0.25,0.25,0.25,0.25,8/8/8/12/12/16/20/24/28/36/44/56/68/84/92,0.7,6.79
32,H,4,030,Q,CU-32-030-4001-H-Q,2431.1,12,12,0.037699112,0.000113097,1052,-4.85,0.3,299,24,1,12,15,12,12,12,12,0.25,0.25,0.25,0.25,8/16/32/44/60/72/84/92/92/92/92/92/92/92/92,0.7,6.79
32,S,1,060,L,CB-32-060-1001-S-L,17262,282,40,0.689663706,0.01115592,36,-4.85,0.3,379,52,7.05,64.70353536,-,-,-,-,,1,-,-,,,0.65,21.09
32,S,1,060,L,CU-32-060-1001-S-L,18804,310,40,0.745663706,0.0122636,36,-4.85,0.3,379,23.5,7.75,65.78622454,-,-,-,-,,1,-,-,,,0.65,21.09
32,H,1,060,L,CU-32-060-1001-H-L,17298,12,12,0.037699112,0.000113097,2888,-4.85,0.3,379,23.5,1,12,38,12,-,-,,1,-,-,,,0.9,-2.72
32,H,1,060,L,CB-32-060-1001-H-L,15932,12,12,0.037699112,0.000113097,2660,-4.85,0.3,379,52,1,12,35,12,-,-,,1,-,-,,,0.9,-2.74
32,H,1,060,E,CU-32-060-1001-H-E,7143.7,12,12,0.037699112,0.000113097,800,-4.85,0.3,379,23.5,1,12,38,12,-,-,,1,-,-,,8/8/8/8/8/8/8/8/12/12/12/12/12/16/16/16/20/20/20/24/24/28/28/32/32/36/40/44/48/52/56/60/64/72/76/76/,0.9,-2.72
32,H,1,060,Q,CU-32-060-1001-H-Q,13216.4,12,12,0.037699112,0.000113097,2224,-4.85,0.3,379,23.5,1,12,38,12,-,-,,1,-,-,,8/8/12/12/16/20/28/32/36/40/48/52/56/60/64/68/72/72/76/76/76/76/76/76/76/76/76/76/76/76/76/76/76/76/76/76/76/76,0.9,-2.72
32,H,2,060,L,CU-32-060-2001-H-L,5797.7,12,12,0.037699112,0.000113097,1760,-4.85,0.3,379,23.9,1,12,20,12,12,-,,0.5,0.5,-,,,0.7,6.06
32,H,2,060,L,CB-32-060-2001-H-L,5217.9,12,12,0.037699112,0.000113097,1584,-4.85,0.3,379,52.4,1,12,18,12,12,-,,0.5,0.5,-,,,0.7,6.51
32,H,2,060,E,CU-32-060-2001-H-E,2248.5,12,12,0.037699112,0.000113097,688,-4.85,0.3,379,23.9,1,12,20,12,12,-,,0.5,0.5,-,,8/8/8/8/12/12/16/16/20/24/28/32/36/40/48/56/64/76/88/88/,0.7,6.06
32,H,2,060,Q,CU-32-060-2001-H-Q,4418.6,12,12,0.037699112,0.000113097,1352,-4.85,0.3,379,23.9,1,12,20,12,12,-,,0.5,0.5,-,,8/12/20/32/44/52/64/72/80/88/88/88/88/88/88/88/88/88/88/88,0.7,6.06
32,H,3,060,L,CU-32-060-3001-H-L,4733.8,12,12,0.037699112,0.000113097,1760,-4.85,0.3,379,23.9,1,12,20,12,12,12,,0.334,0.332,0.334,,,0.7,6.06
32,H,3,060,L,CB-32-060-3001-H-L,4260.4,12,12,0.037699112,0.000113097,1584,-4.85,0.3,379,52.4,1,12,18,12,12,12,,0.334,0.332,0.334,,,0.7,6.51
32,H,3,060,E,CU-32-060-3001-H-E,1835.9,12,12,0.037699112,0.000113097,646,-4.85,0.3,379,23.9,1,12,20,12,12,12,,0.334,0.332,0.334,,8/8/8/8/12/12/16/16/20/24/28/32/36/40/48/56/64/76/88/88,0.7,6.06
32,H,3,060,Q,CU-32-060-3001-H-Q,3607.8,12,12,0.037699112,0.000113097,1352,-4.85,0.3,379,23.9,1,12,20,12,12,12,,0.334,0.332,0.334,,8/12/20/32/44/52/64/72/80/88/88/88/88/88/88/88/88/88/88/88,0.7,6.06
32,H,4,060,L,CU-32-060-4001-H-L,4099.6,12,12,0.037699112,0.000113097,1760,-4.85,0.3,379,23.9,1,12,20,12,12,12,12,0.25,0.25,0.25,0.25,,0.7,6.06
32,H,4,060,L,CB-32-060-4001-H-L,3689.6,12,12,0.037699112,0.000113097,1584,-4.85,0.3,379,52.4,1,12,18,12,12,12,12,0.25,0.25,0.25,0.25,,0.7,6.51
32,H,4,060,E,CU-32-060-4001-H-E,1590,12,12,0.037699112,0.000113097,688,-4.85,0.3,379,23.9,1,12,20,12,12,12,12,0.25,0.25,0.25,0.25,8/8/8/8/12/12/16/16/20/24/28/32/36/40/48/56/64/76/88/88,0.7,6.06
32,H,4,060,Q,CU-32-060-4001-H-Q,3124.4,12,12,0.037699112,0.000113097,1352,-4.85,0.3,379,23.9,1,12,20,12,12,12,12,0.25,0.25,0.25,0.25,8/12/20/32/44/52/64/72/80/88/88/88/88/88/88/88/88/88/88/88,0.7,6.06
32,S,1,090,L,CB-32-090-1001-S-L,17262,282,40,0.689663706,0.01115592,36,-4.85,0.3,379,52,7.05,64.70353536,-,-,-,-,,1,-,-,,,0.65,21.09
32,S,1,090,L,CU-32-090-1001-S-L,18804,310,40,0.745663706,0.0122636,36,-4.85,0.3,379,23.5,7.75,65.78622454,-,-,-,-,,1,-,-,,,0.65,21.09
32,H,1,090,L,CU-32-090-1001-H-L,17298,12,12,0.037699112,0.000113097,2888,-4.85,0.3,379,23.5,1,12,38,12,-,-,,1,-,-,,,0.9,-2.72
32,H,1,090,L,CB-32-090-1001-H-L,15932,12,12,0.037699112,0.000113097,2660,-4.85,0.3,379,52,1,12,35,12,-,-,,1,-,-,,,0.9,-2.74
32,H,1,090,E,CU-32-090-1001-H-E,7143.7,12,12,0.037699112,0.000113097,800,-4.85,0.3,379,23.5,1,12,38,12,-,-,,1,-,-,,8/8/8/8/8/8/8/8/12/12/12/12/12/16/16/16/20/20/20/24/24/28/28/32/32/36/40/44/48/52/56/60/64/72/76/76/,0.9,-2.72
32,H,1,090,Q,CU-32-090-1001-H-Q,13216.4,12,12,0.037699112,0.000113097,2224,-4.85,0.3,379,23.5,1,12,38,12,-,-,,1,-,-,,8/8/12/12/16/20/28/32/36/40/48/52/56/60/64/68/72/72/76/76/76/76/76/76/76/76/76/76/76/76/76/76/76/76/76/76/76/76,0.9,-2.72
32,H,2,090,L,CU-32-090-2001-H-L,5797.7,12,12,0.037699112,0.000113097,1760,-4.85,0.3,379,23.9,1,12,20,12,12,-,,0.5,0.5,-,,,0.7,6.06
32,H,2,090,L,CB-32-090-2001-H-L,5217.9,12,12,0.037699112,0.000113097,1584,-4.85,0.3,379,52.4,1,12,18,12,12,-,,0.5,0.5,-,,,0.7,6.51
32,H,2,090,E,CU-32-090-2001-H-E,2248.5,12,12,0.037699112,0.000113097,688,-4.85,0.3,379,23.9,1,12,20,12,12,-,,0.5,0.5,-,,8/8/8/8/12/12/16/16/20/24/28/32/36/40/48/56/64/76/88/88/,0.7,6.06
32,H,2,090,Q,CU-32-090-2001-H-Q,4418.6,12,12,0.037699112,0.000113097,1352,-4.85,0.3,379,23.9,1,12,20,12,12,-,,0.5,0.5,-,,8/12/20/32/44/52/64/72/80/88/88/88/88/88/88/88/88/88/88/88,0.7,6.06
32,H,3,090,L,CU-32-090-3001-H-L,4733.8,12,12,0.037699112,0.000113097,1760,-4.85,0.3,379,23.9,1,12,20,12,12,12,,0.334,0.332,0.334,,,0.7,6.06
32,H,3,090,L,CB-32-090-3001-H-L,4260.4,12,12,0.037699112,0.000113097,1584,-4.85,0.3,379,52.4,1,12,18,12,12,12,,0.334,0.332,0.334,,,0.7,6.51
32,H,3,090,E,CU-32-090-3001-H-E,1835.9,12,12,0.037699112,0.000113097,646,-4.85,0.3,379,23.9,1,12,20,12,12,12,,0.334,0.332,0.334,,8/8/8/8/12/12/16/16/20/24/28/32/36/40/48/56/64/76/88/88,0.7,6.06
32,H,3,090,Q,CU-32-090-3001-H-Q,3607.8,12,12,0.037699112,0.000113097,1352,-4.85,0.3,379,23.9,1,12,20,12,12,12,,0.334,0.332,0.334,,8/12/20/32/44/52/64/72/80/88/88/88/88/88/88/88/88/88/88/88,0.7,6.06
32,H,4,090,L,CU-32-090-4001-H-L,4099.6,12,12,0.037699112,0.000113097,1760,-4.85,0.3,379,23.9,1,12,20,12,12,12,12,0.25,0.25,0.25,0.25,,0.7,6.06
32,H,4,090,L,CB-32-090-4001-H-L,3689.6,12,12,0.037699112,0.000113097,1584,-4.85,0.3,379,52.4,1,12,18,12,12,12,12,0.25,0.25,0.25,0.25,,0.7,6.51
32,H,4,090,E,CU-32-090-4001-H-E,1590,12,12,0.037699112,0.000113097,688,-4.85,0.3,379,23.9,1,12,20,12,12,12,12,0.25,0.25,0.25,0.25,8/8/8/8/12/12/16/16/20/24/28/32/36/40/48/56/64/76/88/88,0.7,6.06
32,H,4,090,Q,CU-32-090-4001-H-Q,3124.4,12,12,0.037699112,0.000113097,1352,-4.85,0.3,379,23.9,1,12,20,12,12,10,12,0.25,0.25,0.25,0.25,8/12/20/32/44/52/64/72/80/88/88/88/88/88/88/88/88/88/88/88,0.7,6.06
36,S,1,015,L,CB-36-015-1001-S-L,17396,227,40,0.579663706,0.00898012,44,-4.85,0.3,320,51,5.675,61.96779205,-,-,-,-,,1,-,-,,,0.65,19.98
36,S,1,015,L,CU-36-015-1001-S-L,19280,255,40,0.635663706,0.0100878,44,-4.85,0.3,320,23.5,6.375,63.47884834,-,-,-,-,,1,-,-,,,0.65,19.98
36,H,1,015,L,CU-36-015-1001-H-L,20580,12,12,0.037699112,0.000113097,3480,-4.85,0.3,320,23.5,1,12,30,12,-,-,,1,-,-,,,0.8887,-2.19
36,H,1,015,L,CB-36-015-1001-H-L,18524,12,12,0.037699112,0.000113097,3132,-4.85,0.3,320,51,1,12,27,12,-,-,,1,-,-,,,0.8887,-2.12
36,H,1,015,E,CU-36-015-1001-H-E,7534.4,12,12,0.037699112,0.000113097,1284,-4.85,0.3,320,23.5,1,12,30,12,-,-,,1,-,-,,8/8/8/12/12/12/12/16/16/16/20/20/24/24/28/32/36/40/44/48/52/56/64/72/80/88/96/108/116/116/,0.8887,-2.19
36,H,1,015,Q,CU-36-015-1001-H-Q,15491.3,12,12,0.037699112,0.000113097,2640,-4.85,0.3,320,23.5,1,12,30,12,-,-,,1,-,-,,12/12/16/24/32/44/52/60/72/80/88/96/104/108/112/116/116/116/116/116/116/116/116/116/112/112/112/116/116/116,0.8887,-2.19
36,H,2,015,L,CU-36-015-2001-H-L,5481.5,12,12,0.037699112,0.000113097,1664,-4.85,0.3,320,51.2,1,12,16,12,12,-,,0.5,0.5,-,,,0.7,6.95
36,H,2,015,L,CB-36-015-2001-H-L,4796.3,12,12,0.037699112,0.000113097,1456,-4.85,0.3,320,51.2,1,12,14,12,12,-,,0.5,0.5,-,,,0.7,6.34
36,H,2,015,E,CU-36-015-2001-H-E,1895.6,12,12,0.037699112,0.000113097,580,-4.85,0.3,320,51.2,1,12,16,12,12,-,,0.5,0.5,-,,8/8/8/12/12/16/20/24/28/32/40/48/60/72/88/104/,0.7,6.95
36,H,2,015,Q,CU-36-015-2001-H-Q,4183.3,12,12,0.037699112,0.000113097,1280,-4.85,0.3,320,51.2,1,12,16,12,12,-,,0.5,0.5,-,,12/20/32/48/64/80/92/100/104/104/104/104/104/104/104/104,0.7,6.95
36,H,3,015,L,CU-36-015-3001-H-L,4475.6,12,12,0.037699112,0.000113097,1664,-4.85,0.3,320,51.2,1,12,16,12,12,12,,0.334,0.332,0.334,,,0.7,6.95
36,H,3,015,L,CB-36-015-3001-H-L,3916.1,12,12,0.037699112,0.000113097,1456,-4.85,0.3,320,51.2,1,12,14,12,12,12,,0.334,0.332,0.334,,,0.7,6.34
36,H,3,015,E,CU-36-015-3001-H-E,1974.7,12,12,0.037699112,0.000113097,704,-4.85,0.3,320,51.2,1,12,16,12,12,12,,0.334,0.332,0.334,,4/12/12/16/16/20/24/28/36/44/52/64/76/92/104/104,0.7,6.95
36,H,3,015,Q,CU-36-015-3001-H-Q,3415.7,12,12,0.037699112,0.000113097,1280,-4.85,0.3,320,51.2,1,12,16,12,12,12,,0.334,0.332,0.334,,12/20/32/48/64/80/92/100/104/104/104/104/104/104/104/104,0.7,6.95
36,H,4,015,L,CU-36-015-4001-H-L,3876,12,12,0.037699112,0.000113097,1664,-4.85,0.3,320,51.2,1,12,16,12,12,12,12,0.25,0.25,0.25,0.25,,0.7,6.95
36,H,4,015,L,CB-36-015-4001-H-L,3391.5,12,12,0.037699112,0.000113097,1456,-4.85,0.3,320,51.2,1,12,14,12,12,12,12,0.25,0.25,0.25,0.25,,0.7,6.34
36,H,4,015,E,CU-36-015-4001-H-E,1414.3,12,12,0.037699112,0.000113097,612,-4.85,0.3,320,51.2,1,12,16,12,12,12,12,0.25,0.25,0.25,0.25,8/8/12/12/16/16/20/24/28/36/44/52/64/76/92/104,0.7,6.95
36,H,4,015,Q,CU-36-015-4001-H-Q,2958.1,12,12,0.037699112,0.000113097,1280,-4.85,0.3,320,51.2,1,12,16,12,12,12,12,0.25,0.25,0.25,0.25,12/20/32/48/64/80/92/100/104/104/104/104/104/104/104/104,0.7,6.95
36,S,1,030,L,CB-36-030-1001-S-L,17396,227,40,0.579663706,0.00898012,44,-4.85,0.3,320,51,5.675,61.96779205,-,-,-,-,,1,-,-,,,0.65,19.98
36,S,1,030,L,CU-36-030-1001-S-L,19280,255,40,0.635663706,0.0100878,44,-4.85,0.3,320,23.5,6.375,63.47884834,-,-,-,-,,1,-,-,,,0.65,19.98
36,H,1,030,L,CU-36-030-1001-H-L,22050,12,12,0.037699112,0.000113097,3480,-4.85,0.3,320,23.5,1,12,30,12,-,-,,1,-,-,,,0.8887,-2.19
36,H,1,030,L,CB-36-030-1001-H-L,18524,12,12,0.037699112,0.000113097,3132,-4.85,0.3,320,51,1,12,27,12,-,-,,1,-,-,,,0.8887,-2.12
36,H,1,030,E,CU-36-030-1001-H-E,7534.4,12,12,0.037699112,0.000113097,1284,-4.85,0.3,320,23.5,1,12,30,12,-,-,,1,-,-,,8/8/8/12/12/12/12/16/16/16/20/20/24/24/28/32/36/40/44/48/52/56/64/72/80/88/96/108/116/116/,0.8887,-2.19
36,H,1,030,Q,CU-36-030-1001-H-Q,15491.3,12,12,0.037699112,0.000113097,2640,-4.85,0.3,320,23.5,1,12,30,12,-,-,,1,-,-,,12/12/16/24/32/44/52/60/72/80/88/96/104/108/112/116/116/116/116/116/116/116/116/116/112/112/112/116/116/116,0.8887,-2.19
36,H,2,030,L,CU-36-030-2001-H-L,5481.5,12,12,0.037699112,0.000113097,1664,-4.85,0.3,320,23.7,1,12,16,12,12,-,,0.5,0.5,-,,,0.7,6.95
36,H,2,030,L,CB-36-030-2001-H-L,4796.3,12,12,0.037699112,0.000113097,1456,-4.85,0.3,320,51.2,1,12,14,12,12,-,,0.5,0.5,-,,,0.7,6.34
36,H,2,030,E,CU-36-030-2001-H-E,1895.6,12,12,0.037699112,0.000113097,580,-4.85,0.3,320,23.7,1,12,16,12,12,-,,0.5,0.5,-,,8/8/8/12/12/16/20/24/28/32/40/48/60/72/88/104/,0.7,6.95
36,H,2,030,Q,CU-36-030-2001-H-Q,4183.3,12,12,0.037699112,0.000113097,1280,-4.85,0.3,320,23.7,1,12,16,12,12,-,,0.5,0.5,-,,12/20/32/48/64/80/92/100/104/104/104/104/104/104/104/104,0.7,6.95
36,H,3,030,L,CU-36-030-3001-H-L,4475.6,12,12,0.037699112,0.000113097,1664,-4.85,0.3,320,23.7,1,12,16,12,12,12,,0.334,0.332,0.334,,,0.7,6.95
36,H,3,030,L,CB-36-030-3001-H-L,3916.1,12,12,0.037699112,0.000113097,1456,-4.85,0.3,320,51.2,1,12,14,12,12,12,,0.334,0.332,0.334,,,0.7,6.34
36,H,3,030,E,CU-36-030-3001-H-E,1974.7,12,12,0.037699112,0.000113097,704,-4.85,0.3,320,23.7,1,12,16,12,12,12,,0.334,0.332,0.334,,4/12/12/16/16/20/24/28/36/44/52/64/76/92/104/104,0.7,6.95
36,H,3,030,Q,CU-36-030-3001-H-Q,3415.7,12,12,0.037699112,0.000113097,1280,-4.85,0.3,320,23.7,1,12,16,12,12,12,,0.334,0.332,0.334,,12/20/32/48/64/80/92/100/104/104/104/104/104/104/104/104,0.7,6.95
36,H,4,030,L,CU-36-030-4001-H-L,3876,12,12,0.037699112,0.000113097,1664,-4.85,0.3,320,23.7,1,12,16,12,12,12,12,0.25,0.25,0.25,0.25,,0.7,6.95
36,H,4,030,L,CB-36-030-4001-H-L,3391.5,12,12,0.037699112,0.000113097,1456,-4.85,0.3,320,51.2,1,12,14,12,12,12,12,0.25,0.25,0.25,0.25,,0.7,6.34
36,H,4,030,E,CU-36-030-4001-H-E,1414.3,12,12,0.037699112,0.000113097,612,-4.85,0.3,320,23.7,1,12,16,12,12,12,12,0.25,0.25,0.25,0.25,8/8/12/12/16/16/20/24/28/36/44/52/64/76/92/104,0.7,6.95
36,H,4,030,Q,CU-36-030-4001-H-Q,2958.1,12,12,0.037699112,0.000113097,1280,-4.85,0.3,320,23.7,1,12,16,12,12,12,12,0.25,0.25,0.25,0.25,12/20/32/48/64/80/92/100/104/104/104/104/104/104/104/104,0.7,6.95
36,S,1,060,L,CB-36-060-1001-S-L,22722,278,40,0.681663706,0.01099768,48,-4.85,0.3,349,54.3,6.95,64.53434385,-,-,-,-,,1,-,-,,,0.65,19.98
36,S,1,060,L,CU-36-060-1001-S-L,25072,310,40,0.745663706,0.0122636,48,-4.85,0.3,349,22.8,7.75,65.78622454,-,-,-,-,,1,-,-,,,0.65,19.98
36,H,1,060,L,CU-36-060-1001-H-L,21563,12,12,0.037699112,0.000113097,3600,-4.85,0.3,349,22.8,1,12,36,12,-,-,,1,-,-,,,0.9,-3.02
36,H,1,060,L,CB-36-060-1001-H-L,19766,12,12,0.037699112,0.000113097,3300,-4.85,0.3,349,54.3,1,12,31,12,-,-,,1,-,-,,,0.9,-3.17
36,H,1,060,E,CU-36-060-1001-H-E,7844.1,12,12,0.037699112,0.000113097,1024,-4.85,0.3,349,22.8,1,12,36,12,-,-,,1,-,-,,8/8/8/8/8/8/12/12/12/12/16/16/16/16/20/20/24/24/28/28/32/36/36/40/44/48/52/56/64/68/76/80/88/96/100/100/,0.9,-3.02
36,H,1,060,Q,CU-36-060-1001-H-Q,16211.2,12,12,0.037699112,0.000113097,2728,-4.85,0.3,349,22.8,1,12,36,12,-,-,,1,-,-,,8/8/12/16/24/28/36/44/48/56/64/68/76/80/88/92/96/96/100/100/100/100/100/100/100/100/100/100/100/96/96/96/100/100/100/100,0.9,-3.02
36,H,2,060,L,CU-36-060-2001-H-L,5692.3,12,12,0.037699112,0.000113097,1728,-4.85,0.3,349,24,1,12,18,12,12,-,,0.5,0.5,-,,,0.7,6.41
36,H,2,060,L,CB-36-060-2001-H-L,5059.8,12,12,0.037699112,0.000113097,1536,-4.85,0.3,349,53.3,1,12,16,12,12,-,,0.5,0.5,-,,,0.7,6.91
36,H,2,060,E,CU-36-060-2001-H-E,2130.9,12,12,0.037699112,0.000113097,652,-4.85,0.3,349,24,1,12,18,12,12,-,,0.5,0.5,-,,8/8/8/12/12/16/16/20/24/28/32/40/44/56/64/76/92/96/,0.7,6.41
36,H,2,060,Q,CU-36-060-2001-H-Q,4301,12,12,0.037699112,0.000113097,1316,-4.85,0.3,349,24,1,12,18,12,12,-,,0.5,0.5,-,,8/16/24/40/52/64/76/84/92/96/96/96/96/96/96/92/96/96,0.7,6.41
36,H,3,060,L,CU-36-060-3001-H-L,4647.7,12,12,0.037699112,0.000113097,1728,-4.85,0.3,349,24,1,12,18,12,12,12,,0.334,0.332,0.334,,,0.7,6.41
36,H,3,060,L,CB-36-060-3001-H-L,4131.2,12,12,0.037699112,0.000113097,1536,-4.85,0.3,349,53.3,1,12,16,12,12,12,,0.334,0.332,0.334,,,0.7,6.91
36,H,3,060,E,CU-36-060-3001-H-E,2028,12,12,0.037699112,0.000113097,724,-4.85,0.3,349,24,1,12,18,12,12,12,,0.334,0.332,0.334,,4/8/12/12/16/16/20/24/28/32/36/44/52/64/76/88/96/96,0.7,6.41
36,H,3,060,Q,CU-36-060-3001-H-Q,3511.7,12,12,0.037699112,0.000113097,1316,-4.85,0.3,349,24,1,12,18,12,12,12,,0.334,0.332,0.334,,8/16/24/40/52/64/76/84/92/96/96/96/96/96/96/92/96/96,0.7,6.41
36,H,4,060,L,CU-36-060-4001-H-L,4025.1,12,12,0.037699112,0.000113097,1728,-4.85,0.3,349,24,1,12,18,12,12,12,12,0.25,0.25,0.25,0.25,,0.7,6.41
36,H,4,060,L,CB-36-060-4001-H-L,3577.8,12,12,0.037699112,0.000113097,1536,-4.85,0.3,349,53.3,1,12,16,12,12,12,12,0.25,0.25,0.25,0.25,,0.7,6.91
36,H,4,060,E,CU-36-060-4001-H-E,1506.8,12,12,0.037699112,0.000113097,652,-4.85,0.3,349,24,1,12,18,12,12,12,12,0.25,0.25,0.25,0.25,8/8/8/12/12/16/16/20/24/28/32/40/44/56/64/76/92/96,0.7,6.41
36,H,4,060,Q,CU-36-060-4001-H-Q,3041.2,12,12,0.037699112,0.000113097,1316,-4.85,0.3,349,24,1,12,18,12,12,12,12,0.25,0.25,0.25,0.25,8/16/24/40/52/64/76/84/92/96/96/96/96/96/96/92/96/96,0.7,6.41
36,S,1,090,L,CB-36-090-1001-S-L,22722,278,40,0.681663706,0.01099768,48,-4.85,0.3,349,54.3,6.95,64.53434385,-,-,-,-,,1,-,-,,,0.65,19.98
36,S,1,090,L,CU-36-090-1001-S-L,25072,310,40,0.745663706,0.0122636,48,-4.85,0.3,349,22.8,7.75,65.78622454,-,-,-,-,,1,-,-,,,0.65,19.98
36,H,1,090,L,CU-36-090-1001-H-L,21563,12,12,0.037699112,0.000113097,3600,-4.85,0.3,349,22.8,1,12,36,12,-,-,,1,-,-,,,0.9,-3.02
36,H,1,090,L,CB-36-090-1001-H-L,19766,12,12,0.037699112,0.000113097,3300,-4.85,0.3,349,54.3,1,12,31,12,-,-,,1,-,-,,,0.9,-3.17
36,H,1,090,E,CU-36-090-1001-H-E,7844.1,12,12,0.037699112,0.000113097,1024,-4.85,0.3,349,22.8,1,12,36,12,-,-,,1,-,-,,8/8/8/8/8/8/12/12/12/12/16/16/16/16/20/20/24/24/28/28/32/36/36/40/44/48/52/56/64/68/76/80/88/96/100/100/,0.9,-3.02
36,H,1,090,Q,CU-36-090-1001-H-Q,16211.2,12,12,0.037699112,0.000113097,2728,-4.85,0.3,349,22.8,1,12,36,12,-,-,,1,-,-,,8/8/12/16/24/28/36/44/48/56/64/68/76/80/88/92/96/96/100/100/100/100/100/100/100/100/100/100/100/96/96/96/100/100/100/100,0.9,-3.02
36,H,2,090,L,CU-36-090-2001-H-L,5692.3,12,12,0.037699112,0.000113097,1728,-4.85,0.3,349,24,1,12,18,12,12,-,,0.5,0.5,-,,,0.7,6.41
36,H,2,090,L,CB-36-090-2001-H-L,5059.8,12,12,0.037699112,0.000113097,1536,-4.85,0.3,349,53.3,1,12,16,12,12,-,,0.5,0.5,-,,,0.7,6.91
36,H,2,090,E,CU-36-090-2001-H-E,2130.9,12,12,0.037699112,0.000113097,652,-4.85,0.3,349,24,1,12,18,12,12,-,,0.5,0.5,-,,8/8/8/12/12/16/16/20/24/28/32/40/44/56/64/76/92/96/,0.7,6.41
36,H,2,090,Q,CU-36-090-2001-H-Q,4301,12,12,0.037699112,0.000113097,1316,-4.85,0.3,349,24,1,12,18,12,12,-,,0.5,0.5,-,,8/16/24/40/52/64/76/84/92/96/96/96/96/96/96/92/96/96,0.7,6.41
36,H,3,090,L,CU-36-090-3001-H-L,4647.7,12,12,0.037699112,0.000113097,1728,-4.85,0.3,349,24,1,12,18,12,12,12,,0.334,0.332,0.334,,,0.7,6.41
36,H,3,090,L,CB-36-090-3001-H-L,4131.2,12,12,0.037699112,0.000113097,1536,-4.85,0.3,349,53.3,1,12,16,12,12,12,,0.334,0.332,0.334,,,0.7,6.91
36,H,3,090,E,CU-36-090-3001-H-E,2028,12,12,0.037699112,0.000113097,724,-4.85,0.3,349,24,1,12,18,12,12,12,,0.334,0.332,0.334,,4/8/12/12/16/16/20/24/28/32/36/44/52/64/76/88/96/96,0.7,6.41
36,H,3,090,Q,CU-36-090-3001-H-Q,3511.7,12,12,0.037699112,0.000113097,1316,-4.85,0.3,349,24,1,12,18,12,12,12,,0.334,0.332,0.334,,8/16/24/40/52/64/76/84/92/96/96/96/96/96/96/92/96/96,0.7,6.41
36,H,4,090,L,CU-36-090-4001-H-L,4025.1,12,12,0.037699112,0.000113097,1728,-4.85,0.3,349,24,1,12,18,12,12,12,12,0.25,0.25,0.25,0.25,,0.7,6.41
36,H,4,090,L,CB-36-090-4001-H-L,3577.8,12,12,0.037699112,0.000113097,1536,-4.85,0.3,349,53.3,1,12,16,12,12,12,12,0.25,0.25,0.25,0.25,,0.7,6.91
36,H,4,090,E,CU-36-090-4001-H-E,1506.8,12,12,0.037699112,0.000113097,652,-4.85,0.3,349,24,1,12,18,12,12,12,12,0.25,0.25,0.25,0.25,8/8/8/12/12/16/16/20/24/28/32/40/44/56/64/76/92/96,0.7,6.41
36,H,4,090,Q,CU-36-090-4001-H-Q,3041.2,12,12,0.037699112,0.000113097,1316,-4.85,0.3,349,24,1,12,18,12,12,12,12,0.25,0.25,0.25,0.25,8/16/24/40/52/64/76/84/92/96/96/96/96/96/96/92/96/96,0.7,6.41
40,S,1,015,L,CB-40-015-1001-S-L,25586,317,40,0.759663706,0.01254052,48,-4.85,0.3,390,51.2,7.925,66.03195545,-,-,-,-,,1,-,-,,,0.65,20.87
40,S,1,015,L,CU-40-015-1001-S-L,27643,345,40,0.815663706,0.0136482,48,-4.85,0.3,390,23.7,8.625,66.93052491,-,-,-,-,,1,-,-,,,0.65,20.87
40,H,1,015,L,CU-40-015-1001-H-L,27414,15,15,0.04712389,0.000176715,3120,-4.85,0.3,390,23.7,1,15,30,15,-,-,,1,-,-,,,0.845,-2.89
40,H,1,015,L,CB-40-015-1001-H-L,24672,15,15,0.04712389,0.000176715,2808,-4.85,0.3,390,51.2,1,15,27,15,-,-,,1,-,-,,,0.845,-2.55
40,H,1,015,E,CU-40-015-1001-H-E,9659.3,15,15,0.04712389,0.000176715,1108,-4.85,0.3,390,23.7,1,15,30,15,-,-,,1,-,-,,8/8/8/8/8/12/12/12/12/16/16/20/20/24/24/28/28/32/36/40/44/48/56/60/68/76/84/92/104/104/,0.845,-2.89
40,H,1,015,Q,CU-40-015-1001-H-Q,20887.7,15,15,0.04712389,0.000176715,2396,-4.85,0.3,390,23.7,1,15,30,15,-,-,,1,-,-,,8/12/16/24/32/40/48/56/64/72/80/88/92/100/104/104/104/104/104/104/104/104/104/104/104/104/104/104/104/104,0.84,-2.89
40,H,2,015,L,CU-40-015-2001-H-L,8760.7,16,16,0.050265482,0.000201062,1496,-4.85,0.3,390,23.8,1,16,17,16,16,-,,0.5,0.5,-,,,0.7,5.89
40,H,2,015,L,CB-40-015-2001-H-L,7730,16,16,0.050265482,0.000201062,1320,-4.85,0.3,390,51.1,1,16,15,16,16,-,,0.5,0.5,-,,,0.7,7.06
40,H,2,015,E,CU-40-015-2001-H-E,3300.2,16,16,0.050265482,0.000201062,568,-4.85,0.3,390,23.8,1,16,17,16,16,-,,0.5,0.5,-,,8/8/8/12/12/16/16/20/24/28/32/40/48/56/68/84/88/,0.7,5.89
40,H,2,015,Q,CU-40-015-2001-H-Q,6716.5,16,16,0.050265482,0.000201062,1156,-4.85,0.3,390,23.8,1,16,17,16,16,-,,0.5,0.5,-,,8/16/24/40/52/64/76/84/88/88/88/88/88/88/88/88/88,0.7,5.89
40,H,3,015,L,CU-40-015-3001-H-L,6732.3,16,16,0.050265482,0.000201062,1408,-4.85,0.3,390,23.8,1,16,16,16,16,16,,0.334,0.332,0.334,,,0.7,7.35
40,H,3,015,L,CB-40-015-3001-H-L,5890.7,16,16,0.050265482,0.000201062,1232,-4.85,0.3,390,51.1,1,16,14,16,16,16,,0.334,0.332,0.334,,,0.7,7.06
40,H,3,015,E,CU-40-015-3001-H-E,2675.6,16,16,0.050265482,0.000201062,526,-4.85,0.3,390,23.8,1,16,16,16,16,16,,0.334,0.332,0.334,,8/8/8/12/12/16/20/24/28/32/40/48/60/72/88/88,0.7,7.35
40,H,3,015,Q,CU-40-015-3001-H-Q,5123.5,16,16,0.050265482,0.000201062,1080,-4.85,0.3,390,23.8,1,16,16,16,16,16,,0.334,0.332,0.334,,8/16/28/40/56/68/76/84/88/88/88/88/88/88/88/88,0.7,5.89
40,H,4,015,L,CU-40-015-4001-H-L,6194.7,16,16,0.050265482,0.000201062,1496,-4.85,0.3,390,23.8,1,16,17,16,16,16,16,0.25,0.25,0.25,0.25,,0.7,5.89
40,H,4,015,L,CB-40-015-4001-H-L,5465.9,16,16,0.050265482,0.000201062,1320,-4.85,0.3,390,51.1,1,16,15,16,16,16,16,0.25,0.25,0.25,0.25,,0.7,7.06
40,H,4,015,E,CU-40-015-4001-H-E,2382.9,16,16,0.050265482,0.000201062,580,-4.85,0.3,390,23.8,1,16,17,16,16,16,16,0.25,0.25,0.25,0.25,8/8/8/12/12/16/16/20/24/28/36/40/48/60/72/84/88,0.7,5.89
40,H,4,015,Q,CU-40-015-4001-H-Q,4749.3,16,16,0.050265482,0.000201062,1156,-4.85,0.3,390,23.8,1,16,17,16,16,16,16,0.25,0.25,0.25,0.25,8/16/24/40/52/64/76/84/88/88/88/88/88/88/88/88/88,0.7,5.89
40,S,1,030,L,CB-40-030-1001-S-L,25586,317,40,0.759663706,0.01254052,48,-4.85,0.3,390,51.2,7.925,66.03195545,-,-,-,-,,1,-,-,,,0.65,20.87
40,S,1,030,L,CU-40-030-1001-S-L,27643,345,40,0.815663706,0.0136482,48,-4.85,0.3,390,23.7,8.625,66.93052491,-,-,-,-,,1,-,-,,,0.65,20.87
40,H,1,030,L,CU-40-030-1001-H-L,27414,15,15,0.04712389,0.000176715,3120,-4.85,0.3,390,23.7,1,15,30,15,-,-,,1,-,-,,,0.845,-2.89
40,H,1,030,L,CB-40-030-1001-H-L,24672,15,15,0.04712389,0.000176715,2808,-4.85,0.3,390,51.2,1,15,27,15,-,-,,1,-,-,,,0.84,-2.55
40,H,1,030,E,CU-40-030-1001-H-E,9659.3,15,15,0.04712389,0.000176715,1108,-4.85,0.3,390,23.7,1,15,30,15,-,-,,1,-,-,,8/8/8/8/8/12/12/12/12/16/16/20/20/24/24/28/28/32/36/40/44/48/56/60/68/76/84/92/104/104/,0.845,-2.89
40,H,1,030,Q,CU-40-030-1001-H-Q,20887.7,15,15,0.04712389,0.000176715,2396,-4.85,0.3,390,23.7,1,15,30,15,-,-,,1,-,-,,8/12/16/24/32/40/48/56/64/72/80/88/92/100/104/104/104/104/104/104/104/104/104/104/104/104/104/104/104/104,0.845,-2.89
40,H,2,030,L,CU-40-030-2001-H-L,8760.7,16,16,0.050265482,0.000201062,1496,-4.85,0.3,390,23.8,1,16,17,16,16,-,,0.5,0.5,-,,,0.7,5.89
40,H,2,030,L,CB-40-030-2001-H-L,7730,16,16,0.050265482,0.000201062,1320,-4.85,0.3,390,51.1,1,16,15,16,16,-,,0.5,0.5,-,,,0.7,7.06
40,H,2,030,E,CU-40-030-2001-H-E,3300.2,16,16,0.050265482,0.000201062,568,-4.85,0.3,390,23.8,1,16,17,16,16,-,,0.5,0.5,-,,8/8/8/12/12/16/16/20/24/28/32/40/48/56/68/84/88/,0.7,5.89
40,H,2,030,Q,CU-40-030-2001-H-Q,6716.5,16,16,0.050265482,0.000201062,1156,-4.85,0.3,390,23.8,1,16,17,16,16,-,,0.5,0.5,-,,8/16/24/40/52/64/76/84/88/88/88/88/88/88/88/88/88,0.7,5.89
40,H,3,030,L,CU-40-030-3001-H-L,6732.3,16,16,0.050265482,0.000201062,1408,-4.85,0.3,390,23.8,1,16,16,16,16,16,,0.334,0.332,0.334,,,0.7,7.35
40,H,3,030,L,CB-40-030-3001-H-L,5890.7,16,16,0.050265482,0.000201062,1232,-4.85,0.3,390,51.1,1,16,14,16,16,16,,0.334,0.332,0.334,,,0.7,7.06
40,H,3,030,E,CU-40-030-3001-H-E,2675.6,16,16,0.050265482,0.000201062,526,-4.85,0.3,390,23.8,1,16,16,16,16,16,,0.334,0.332,0.334,,8/8/8/12/12/16/20/24/28/32/40/48/60/72/88/88,0.7,7.35
40,H,3,030,Q,CU-40-030-3001-H-Q,5123.5,16,16,0.050265482,0.000201062,1080,-4.85,0.3,390,23.8,1,16,16,16,16,16,,0.334,0.332,0.334,,8/16/28/40/56/68/76/84/88/88/88/88/88/88/88/88,0.7,5.89
40,H,4,030,L,CU-40-030-4001-H-L,6194.7,16,16,0.050265482,0.000201062,1496,-4.85,0.3,390,23.8,1,16,17,16,16,16,16,0.25,0.25,0.25,0.25,,0.7,5.89
40,H,4,030,L,CB-40-030-4001-H-L,5465.9,16,16,0.050265482,0.000201062,1320,-4.85,0.3,390,51.1,1,16,15,16,16,16,16,0.25,0.25,0.25,0.25,,0.7,7.06
40,H,4,030,E,CU-40-030-4001-H-E,2382.9,16,16,0.050265482,0.000201062,580,-4.85,0.3,390,23.8,1,16,17,16,16,16,16,0.25,0.25,0.25,0.25,8/8/8/12/12/16/16/20/24/28/36/40/48/60/72/84/88,0.7,5.89
40,H,4,030,Q,CU-40-030-4001-H-Q,4749.3,16,16,0.050265482,0.000201062,1156,-4.85,0.3,390,23.8,1,16,17,16,16,16,16,0.25,0.25,0.25,0.25,8/16/24/40/52/64/76/84/88/88/88/88/88/88/88/88/88,0.7,5.89
40,S,1,060,L,CB-40-060-1001-S-L,25810,352,40,0.829663706,0.01392512,44,-4.85,0.3,434,55.6,8.8,67.13621385,-,-,-,-,,1,-,-,,,0.65,22.12
40,S,1,060,L,CU-40-060-1001-S-L,28032,385,40,0.895663706,0.0152306,44,-4.85,0.3,434,26.3,9.625,68.01927954,-,-,-,-,,1,-,-,,,0.65,22.12
40,H,1,060,L,CU-40-060-1001-H-L,27532,15,15,0.04712389,0.000176715,3200,-4.85,0.3,434,26.3,1,15,32,15,-,-,,1,-,-,,,0.7518,-2.33
40,H,1,060,L,CB-40-060-1001-H-L,23452,15,15,0.04712389,0.000176715,3000,-4.85,0.3,434,55.6,1,15,30,15,-,-,,1,-,-,,,0.7518,-2.47
40,H,1,060,E,CU-40-060-1001-H-E,10392,15,15,0.04712389,0.000176715,1192,-4.85,0.3,434,26.3,1,15,32,15,-,-,,1,-,-,,8/8/8/8/8/12/12/12/12/16/16/16/20/20/24/24/28/28/32/36/40/44/48/52/60/64/72/80/88/96/100/100/,0.7518,-2.33
40,H,1,060,Q,CU-40-060-1001-H-Q,19080.3,15,15,0.04712389,0.000176715,2460,-4.85,0.3,434,26.3,1,15,32,15,-,-,,1,-,-,,8/12/16/20/28/36/44/52/56/64/72/80/84/92/96/100/100/100/100/100/100/100/100/100/100/100/100/100/100/100/100/100,0.7518,-2.33
40,H,2,060,L,CU-40-060-2001-H-L,8901.3,16,16,0.050265482,0.000201062,1520,-4.85,0.3,434,26.5,1,16,19,16,16,-,,0.5,0.5,-,,,0.7,5.75
40,H,2,060,L,CB-40-060-2001-H-L,7964.3,16,16,0.050265482,0.000201062,1360,-4.85,0.3,434,55.7,1,16,17,16,16,-,,0.5,0.5,-,,,0.7,6.64
40,H,2,060,E,CU-40-060-2001-H-E,3579.1,16,16,0.050265482,0.000201062,616,-4.85,0.3,434,26.5,1,16,19,16,16,-,,0.5,0.5,-,,8/8/8/8/12/12/16/16/20/24/28/32/36/44/52/60/72/80/80/,0.7,5.75
40,H,2,060,Q,CU-40-060-2001-H-Q,6786.3,16,16,0.050265482,0.000201062,1168,-4.85,0.3,434,26.5,1,16,19,16,16,-,,0.5,0.5,-,,8/12/20/32/40/52/60/68/76/80/80/80/80/80/80/80/80/80/80,0.7,5.75
40,H,3,060,L,CU-40-060-3001-H-L,6885.3,16,16,0.050265482,0.000201062,1440,-4.85,0.3,434,26.5,1,16,18,16,16,16,,0.334,0.332,0.334,,,0.7,7.03
40,H,3,060,L,CB-40-060-3001-H-L,6120.2,16,16,0.050265482,0.000201062,1280,-4.85,0.3,434,55.7,1,14,16,16,16,16,,0.334,0.332,0.334,,,0.7,6.64
40,H,3,060,E,CU-40-060-3001-H-E,3055.1,16,16,0.050265482,0.000201062,616,-4.85,0.3,434,26.5,1,16,18,16,16,16,,0.334,0.332,0.334,,4/8/8/12/12/16/16/20/24/28/32/40/44/52/64/76/80/80,0.7,7.03
40,H,3,060,Q,CU-40-060-3001-H-Q,5256.3,16,16,0.050265482,0.000201062,1108,-4.85,0.3,434,26.5,1,16,18,16,16,16,,0.334,0.332,0.334,,8/12/20/32/44/56/64/72/80/80/80/80/80/80/80/80/80/80,0.7,5.72
40,H,4,060,L,CU-40-060-4001-H-L,6294.1,16,16,0.050265482,0.000201062,1520,-4.85,0.3,434,26.5,1,16,19,16,16,16,16,0.25,0.25,0.25,0.25,,0.7,5.75
40,H,4,060,L,CB-40-060-4001-H-L,5631.5,16,16,0.050265482,0.000201062,1360,-4.85,0.3,434,55.7,1,16,17,16,16,16,16,0.25,0.25,0.25,0.25,,0.7,6.64
40,H,4,060,E,CU-40-060-4001-H-E,2530.8,16,16,0.050265482,0.000201062,616,-4.85,0.3,434,26.5,1,16,19,16,16,16,16,0.25,0.25,0.25,0.25,8/8/8/8/12/12/16/16/20/24/28/32/36/44/52/60/72/80/80,0.7,5.75
40,H,4,060,Q,CU-40-060-4001-H-Q,4798.6,16,16,0.050265482,0.000201062,1168,-4.85,0.3,434,26.5,1,16,19,16,16,16,16,0.25,0.25,0.25,0.25,8/12/20/32/40/52/60/68/76/80/80/80/80/80/80/80/80/80/80,0.7,5.75
40,S,1,090,L,CB-40-090-1001-S-L,25810,352,40,0.829663706,0.01392512,44,-4.85,0.3,434,55.8,8.8,67.13621385,-,-,-,-,,1,-,-,,,0.65,22.12
40,S,1,090,L,CU-40-090-1001-S-L,28032,385,40,0.895663706,0.0152306,44,-4.85,0.3,434,26.5,9.625,68.01927954,-,-,-,-,,1,-,-,,,0.65,22.12
40,H,1,090,L,CU-40-090-1001-H-L,27532,15,15,0.04712389,0.000176715,3200,-4.85,0.3,434,26.5,1,15,32,15,-,-,,1,-,-,,,0.7518,-2.33
40,H,1,090,L,CB-40-090-1001-H-L,23452,15,15,0.04712389,0.000176715,3000,-4.85,0.3,434,55.8,1,15,30,15,-,-,,1,-,-,,,0.7518,-2.47
40,H,1,090,E,CU-40-090-1001-H-E,9245.4,15,15,0.04712389,0.000176715,1192,-4.85,0.3,434,26.5,1,15,32,15,-,-,,1,-,-,,8/8/8/8/8/12/12/12/12/16/16/16/20/20/24/24/28/28/32/36/40/44/48/52/60/64/72/80/88/96/100/100/,0.7518,-2.33
40,H,1,090,Q,CU-40-090-1001-H-Q,19080.3,15,15,0.04712389,0.000176715,2460,-4.85,0.3,434,26.5,1,15,32,15,-,-,,1,-,-,,8/12/16/20/28/36/44/52/56/64/72/80/84/92/96/100/100/100/100/100/100/100/100/100/100/100/100/100/100/100/100/100,0.7518,-2.33
40,H,2,090,L,CU-40-090-2001-H-L,8901.3,16,16,0.050265482,0.000201062,1520,-4.85,0.3,434,26.5,1,16,19,16,16,-,,0.5,0.5,-,,,0.7,5.75
40,H,2,090,L,CB-40-090-2001-H-L,7964.3,16,16,0.050265482,0.000201062,1360,-4.85,0.3,434,55.7,1,16,19,16,16,-,,0.5,0.5,-,,,0.7,6.64
40,H,2,090,E,CU-40-090-2001-H-E,3579.1,16,16,0.050265482,0.000201062,616,-4.85,0.3,434,26.5,1,16,19,16,16,-,,0.5,0.5,-,,8/8/8/8/12/12/16/16/20/24/28/32/36/44/52/60/72/80/80/,0.7,5.75
40,H,2,090,Q,CU-40-090-2001-H-Q,6786.3,16,16,0.050265482,0.000201062,1168,-4.85,0.3,434,26.5,1,16,19,16,16,-,,0.5,0.5,-,,8/12/20/32/40/52/60/68/76/80/80/80/80/80/80/80/80/80/80,0.7,5.75
40,H,3,090,L,CU-40-090-3001-H-L,6885.3,16,16,0.050265482,0.000201062,1440,-4.85,0.3,434,26.5,1,16,18,16,16,16,,0.334,0.332,0.334,,,0.7,7.03
40,H,3,090,L,CB-40-090-3001-H-L,6120.2,16,16,0.050265482,0.000201062,1280,-4.85,0.3,434,55.7,1,14,16,16,16,16,,0.334,0.332,0.334,,,0.7,6.64
40,H,3,090,E,CU-40-090-3001-H-E,3055.1,16,16,0.050265482,0.000201062,616,-4.85,0.3,434,26.5,1,16,18,16,16,16,,0.334,0.332,0.334,,4/8/8/12/12/16/16/20/24/28/32/40/44/52/64/76/80/80,0.7,7.03
40,H,3,090,Q,CU-40-090-3001-H-Q,5256.3,16,16,0.050265482,0.000201062,1108,-4.85,0.3,434,26.5,1,16,18,16,16,16,,0.334,0.332,0.334,,8/12/20/32/44/56/64/72/80/80/80/80/80/80/80/80/80/80,0.7,5.72
40,H,4,090,L,CU-40-090-4001-H-L,6294.1,16,16,0.050265482,0.000201062,1520,-4.85,0.3,434,26.5,1,16,19,16,16,16,16,0.25,0.25,0.25,0.25,,0.7,5.75
40,H,4,090,L,CB-40-090-4001-H-L,5631.5,16,16,0.050265482,0.000201062,1360,-4.85,0.3,434,55.7,1,16,17,16,16,16,16,0.25,0.25,0.25,0.25,,0.7,6.64
40,H,4,090,E,CU-40-090-4001-H-E,2530.8,16,16,0.050265482,0.000201062,616,-4.85,0.3,434,26.5,1,16,19,16,16,16,16,0.25,0.25,0.25,0.25,8/8/8/8/12/12/16/16/20/24/28/32/36/44/52/60/72/80/80,0.7,5.75
40,H,4,090,Q,CU-40-090-4001-H-Q,4798.6,16,16,0.050265482,0.000201062,1168,-4.85,0.3,434,26.5,1,16,19,16,16,16,16,0.25,0.25,0.25,0.25,8/12/20/32/40/52/60/68/76/80/80/80/80/80/80/80/80/80/80,0.7,5.75
42,S,1,015,L,CB-42-015-1001-S-L,27560,315,40,0.755663706,0.0124614,52,-4.85,0.3,390,51.2,7.875,65.96267572,-,-,-,-,,1,-,-,,,0.65,18
42,S,1,015,L,CU-42-015-1001-S-L,29946,345,40,0.815663706,0.0136482,52,-4.85,0.3,390,23.7,8.625,66.93052491,-,-,-,-,,1,-,-,,,0.65,18
42,H,1,015,L,CU-42-015-1001-H-L,31680,15,15,0.04712389,0.000176715,3348,-4.85,0.3,390,23.7,1,15,31,15,-,-,,1,-,-,,,0.91,-3.29
42,H,1,015,L,CB-42-015-1001-H-L,29636,15,15,0.04712389,0.000176715,3132,-4.85,0.3,390,51.2,1,15,29,15,-,-,,1,-,-,,,0.91,-3.44
42,H,1,015,E,CU-42-015-1001-H-E,11453.8,15,15,0.04712389,0.000176715,1220,-4.85,0.3,390,23.7,1,15,31,15,-,-,,1,-,-,,8/8/8/8/12/12/12/12/16/16/16/20/20/24/24/28/32/32/36/40/44/48/56/60/68/72/80/92/100/108/108/,0.91,-3.29
42,H,1,015,Q,CU-42-015-1001-H-Q,24109.3,15,15,0.04712389,0.000176715,2568,-4.85,0.3,390,23.7,1,15,31,15,-,-,,1,-,-,,12/12/16/24/32/40/48/56/64/72/80/88/96/100/104/108/108/108/108/108/108/108/108/108/108/108/104/108/108/108/108,0.91,-3.29
42,H,2,015,L,CU-42-015-2001-H-L,9159,16,16,0.050265482,0.000201062,1564,-4.85,0.3,390,23.8,1,16,17,16,16,-,,0.5,0.5,-,,,0.7,5.89
42,H,2,015,L,CB-42-015-2001-H-L,8081.4,16,16,0.050265482,0.000201062,1380,-4.85,0.3,390,51.1,1,16,15,16,16,-,,0.5,0.5,-,,,0.7,7.06
42,H,2,015,E,CU-42-015-2001-H-E,3323.4,16,16,0.050265482,0.000201062,572,-4.85,0.3,390,23.8,1,16,17,16,16,-,,0.5,0.5,-,,8/8/8/12/12/16/16/20/24/28/32/40/48/56/68/84/92/,0.7,5.89
42,H,2,015,Q,CU-42-015-2001-H-Q,6995.4,16,16,0.050265482,0.000201062,1204,-4.85,0.3,390,23.8,1,16,17,16,16,-,,0.5,0.5,-,,8/16/28/40/52/68/76/88/92/92/92/92/92/92/92/92/92,0.7,5.89
42,H,3,015,L,CU-42-015-3001-H-L,7038.3,16,16,0.050265482,0.000201062,1472,-4.85,0.3,390,23.8,1,16,16,16,16,16,,0.334,0.332,0.334,,,0.7,7.35
42,H,3,015,L,CB-42-015-3001-H-L,6158.5,16,16,0.050265482,0.000201062,1288,-4.85,0.3,390,51.1,1,16,14,16,16,16,,0.334,0.332,0.334,,,0.7,7.06
42,H,3,015,E,CU-42-015-3001-H-E,3150,16,16,0.050265482,0.000201062,632,-4.85,0.3,390,23.8,1,16,16,16,16,16,,0.334,0.332,0.334,,4/8/12/12/16/20/20/28/32/40/48/56/68/84/92/92,0.7,7.35
42,H,3,015,Q,CU-42-015-3001-H-Q,5332.2,16,16,0.050265482,0.000201062,1124,-4.85,0.3,390,23.8,1,16,16,16,16,16,,0.334,0.332,0.334,,8/16/28/44/56/68/80/88/92/92/92/92/92/92/92/92,0.7,7.35
42,H,4,015,L,CU-42-015-4001-H-L,6095.4,16,16,0.050265482,0.000201062,1472,-4.85,0.3,390,23.8,1,16,16,16,16,16,16,0.25,0.25,0.25,0.25,,0.7,7.35
42,H,4,015,L,CB-42-015-4001-H-L,5333.4,16,16,0.050265482,0.000201062,1288,-4.85,0.3,390,51.1,1,16,14,16,16,16,16,0.25,0.25,0.25,0.25,,0.7,7.06
42,H,4,015,E,CU-42-015-4001-H-E,2333.6,16,16,0.050265482,0.000201062,568,-4.85,0.3,390,23.8,1,16,16,16,16,16,16,0.25,0.25,0.25,0.25,8/8/8/12/12/16/20/24/28/32/40/48/60/72/88/92,0.7,7.35
42,H,4,015,Q,CU-42-015-4001-H-Q,4617.8,16,16,0.050265482,0.000201062,1124,-4.85,0.3,390,23.8,1,16,16,16,16,16,16,0.25,0.25,0.25,0.25,8/16/28/44/56/68/80/88/92/92/92/92/92/92/92/92,0.7,7.35
42,S,1,030,L,CB-42-030-1001-S-L,27560,315,40,0.755663706,0.0124614,52,-4.85,0.3,390,51.2,7.875,65.96267572,-,-,-,-,,1,-,-,,,0.65,18
42,S,1,030,L,CU-42-030-1001-S-L,29946,345,40,0.815663706,0.0136482,52,-4.85,0.3,390,23.7,8.625,66.93052491,-,-,-,-,,1,-,-,,,0.65,18
42,H,1,030,L,CU-42-030-1001-H-L,31680,15,15,0.04712389,0.000176715,3348,-4.85,0.3,390,23.7,1,15,31,15,-,-,,1,-,-,,,0.91,-3.29
42,H,1,030,L,CB-42-030-1001-H-L,29636,15,15,0.04712389,0.000176715,3132,-4.85,0.3,390,51.2,1,15,29,15,-,-,,1,-,-,,,0.91,-3.44
42,H,1,030,E,CU-42-030-1001-H-E,11453.8,15,15,0.04712389,0.000176715,1220,-4.85,0.3,390,23.7,1,15,31,15,-,-,,1,-,-,,8/8/8/8/12/12/12/12/16/16/16/20/20/24/24/28/32/32/36/40/44/48/56/60/68/72/80/92/100/108/108/,0.91,-3.29
42,H,1,030,Q,CU-42-030-1001-H-Q,24109.3,15,15,0.04712389,0.000176715,2568,-4.85,0.3,390,23.7,1,15,31,15,-,-,,1,-,-,,12/12/16/24/32/40/48/56/64/72/80/88/96/100/104/108/108/108/108/108/108/108/108/108/108/108/104/108/108/108/108,0.91,-3.29
42,H,2,030,L,CU-42-030-2001-H-L,9159,16,16,0.050265482,0.000201062,1564,-4.85,0.3,390,23.8,1,16,17,16,16,-,,0.5,0.5,-,,,0.7,5.89
42,H,2,030,L,CB-42-030-2001-H-L,8081.4,16,16,0.050265482,0.000201062,1380,-4.85,0.3,390,51.1,1,16,15,16,16,-,,0.5,0.5,-,,,0.7,7.06
42,H,2,030,E,CU-42-030-2001-H-E,3323.4,16,16,0.050265482,0.000201062,572,-4.85,0.3,390,23.8,1,16,17,16,16,-,,0.5,0.5,-,,8/8/8/12/12/16/16/20/24/28/32/40/48/56/68/84/92/,0.7,5.89
42,H,2,030,Q,CU-42-030-2001-H-Q,6995.4,16,16,0.050265482,0.000201062,1204,-4.85,0.3,390,23.8,1,16,17,16,16,-,,0.5,0.5,-,,8/16/28/40/52/68/76/88/92/92/92/92/92/92/92/92/92,0.7,5.89
42,H,3,030,L,CU-42-030-3001-H-L,7038.3,16,16,0.050265482,0.000201062,1472,-4.85,0.3,390,23.8,1,16,16,16,16,16,,0.334,0.332,0.334,,,0.7,7.35
42,H,3,030,L,CB-42-030-3001-H-L,6158.5,16,16,0.050265482,0.000201062,1288,-4.85,0.3,390,51.1,1,16,14,16,16,16,,0.334,0.332,0.334,,,0.7,7.06
42,H,3,030,E,CU-42-030-3001-H-E,3150,16,16,0.050265482,0.000201062,632,-4.85,0.3,390,23.8,1,16,16,16,16,16,,0.334,0.332,0.334,,4/8/12/12/16/20/20/28/32/40/48/56/68/84/92/92,0.7,7.35
42,H,3,030,Q,CU-42-030-3001-H-Q,5332.2,16,16,0.050265482,0.000201062,1124,-4.85,0.3,390,23.8,1,16,16,16,16,16,,0.334,0.332,0.334,,8/16/28/44/56/68/80/88/92/92/92/92/92/92/92/92,0.7,7.35
42,H,4,030,L,CU-42-030-4001-H-L,6095.4,16,16,0.050265482,0.000201062,1472,-4.85,0.3,390,23.8,1,16,16,16,16,16,16,0.25,0.25,0.25,0.25,,0.7,7.35
42,H,4,030,L,CB-42-030-4001-H-L,5333.4,16,16,0.050265482,0.000201062,1288,-4.85,0.3,390,51.1,1,16,14,16,16,16,16,0.25,0.25,0.25,0.25,,0.7,7.06
42,H,4,030,E,CU-42-030-4001-H-E,2333.6,16,16,0.050265482,0.000201062,568,-4.85,0.3,390,23.8,1,16,16,16,16,16,16,0.25,0.25,0.25,0.25,8/8/8/12/12/16/20/24/28/32/40/48/60/72/88/92,0.7,7.35
42,H,4,030,Q,CU-42-030-4001-H-Q,4617.8,16,16,0.050265482,0.000201062,1124,-4.85,0.3,390,23.8,1,16,16,16,16,16,16,0.25,0.25,0.25,0.25,8/16/28/44/56/68/80/88/92/92/92/92/92/92/92/92,0.7,7.35
42,S,1,060,L,CB-42-060-1001-S-L,26012,355,40,0.835663706,0.0140438,44,-4.85,0.3,434,55.6,8.875,67.2222565,-,-,-,-,,1,-,-,,,0.65,
42,S,1,060,L,CU-42-060-1001-S-L,28032,385,40,0.895663706,0.0152306,44,-4.85,0.3,434,26.3,9.625,68.01927954,-,-,-,-,,1,-,-,,,0.65,
42,H,1,060,L,CU-42-060-1001-H-L,28403,15,15,0.04712389,0.000176715,3400,-4.85,0.3,434,26.3,1,15,34,15,-,-,,1,-,-,,,0.8034,-3.1
42,H,1,060,L,CB-42-060-1001-H-L,25896.8,15,15,0.04712389,0.000176715,3100,-4.85,0.3,434,55.6,1,15,31,15,-,-,,1,,,,,0.8034,-3.28
42,H,1,060,E,CU-42-060-1001-H-E,10742,15,15,0.04712389,0.000176715,1196,-4.85,0.3,434,26.3,1,15,34,15,-,-,,1,-,-,,8/8/8/8/8/12/12/12/12/16/16/16/20/20/20/24/24/28/32/32/36/40/44/48/52/56/64/68/76/84/92/100/100/100/,0.8034,-3.1
42,H,1,060,Q,CU-42-060-1001-H-Q,21583.4,15,15,0.04712389,0.000176715,2604,-4.85,0.3,434,26.3,1,15,34,15,-,-,,1,,,,8/8/12/20/24/32/40/48/52/60/68/76/80/88/92/96/100/100/100/100/100/100/100/100/100/100/100/100/100/100/100/100/100/100,0.8034,-3.1
42,H,2,060,L,CU-42-060-2001-H-L,8901.3,16,16,0.050265482,0.000201062,1520,-4.85,0.3,434,26.5,1,16,19,16,16,-,,0.5,0.5,-,,,0.7,5.75
42,H,2,060,L,CB-42-060-2001-H-L,7964.3,16,16,0.050265482,0.000201062,1360,-4.85,0.3,434,55.7,1,16,17,16,16,-,,0.5,0.5,-,,,0.7,6.64
42,H,2,060,E,CU-42-060-2001-H-E,3579.1,16,16,0.050265482,0.000201062,616,-4.85,0.3,434,26.5,1,16,19,16,16,-,,0.5,0.5,-,,8/8/8/8/12/12/16/16/20/24/28/32/36/44/52/60/72/80/80/,0.7,5.75
42,H,2,060,Q,CU-42-060-2001-H-Q,6786.3,16,16,0.050265482,0.000201062,1168,-4.85,0.3,434,26.5,1,16,19,16,16,-,,0.5,0.5,-,,8/12/20/32/40/52/60/68/76/80/80/80/80/80/80/80/80/80/80,0.7,5.75
42,H,3,060,L,CU-42-060-3001-H-L,6885.3,16,16,0.050265482,0.000201062,1440,-4.85,0.3,434,26.5,1,16,18,16,16,16,,0.334,0.332,0.334,,,0.7,7.03
42,H,3,060,L,CB-42-060-3001-H-L,6120.2,16,16,0.050265482,0.000201062,1280,-4.85,0.3,434,55.7,1,16,16,16,16,16,,0.334,0.332,0.334,,,0.7,6.64
42,H,3,060,E,CU-42-060-3001-H-E,3055.1,16,16,0.050265482,0.000201062,616,-4.85,0.3,434,26.5,1,16,18,16,16,16,,0.334,0.332,0.334,,4/8/8/12/12/16/16/20/24/28/32/40/44/52/64/76/80/80,0.7,7.03
42,H,3,060,Q,CU-42-060-3001-H-Q,5256.3,16,16,0.050265482,0.000201062,1108,-4.85,0.3,434,26.5,1,16,18,16,16,16,,0.334,0.332,0.334,,8/12/20/32/44/56/64/72/80/80/80/80/80/80/80/80/80/80,0.7,7.03
42,H,4,060,L,CU-42-060-4001-H-L,5962.9,16,16,0.050265482,0.000201062,1440,-4.85,0.3,434,26.5,1,16,18,16,16,16,16,0.25,0.25,0.25,0.25,,0.7,7.03
42,H,4,060,L,CB-42-060-4001-H-L,5300.3,16,16,0.050265482,0.000201062,1280,-4.85,0.3,434,55.7,1,16,16,16,16,16,16,0.25,0.25,0.25,0.25,,0.7,6.64
42,H,4,060,E,CU-42-060-4001-H-E,2317.1,16,16,0.050265482,0.000201062,564,-4.85,0.3,434,26.5,1,16,18,16,16,16,16,0.25,0.25,0.25,0.25,8/8/8/8/12/12/16/16/20/24/28/32/40/48/56/68/80/80,0.7,7.03
42,H,4,060,Q,CU-42-060-4001-H-Q,4552.1,16,16,0.050265482,0.000201062,1108,-4.85,0.3,434,26.5,1,16,18,16,16,16,16,0.25,0.25,0.25,0.25,8/12/20/32/44/56/64/72/80/80/80/80/80/80/80/80/80/80,0.7,7.03
42,S,1,090,L,CB-42-090-1001-S-L,26012,355,40,0.835663706,0.0140438,44,-4.85,0.3,434,55.8,8.875,67.2222565,-,-,-,-,,1,-,-,,,0.65,
42,S,1,090,L,CU-42-090-1001-S-L,28032,385,40,0.895663706,0.0152306,44,-4.85,0.3,434,26.5,9.625,68.01927954,-,-,-,-,,1,-,-,,,0.65,
42,H,1,090,L,CU-42-090-1001-H-L,28403,15,15,0.04712389,0.000176715,3400,-4.85,0.3,434,26.5,1,15,34,15,-,-,,1,-,-,,,0.8034,-3.1
42,H,1,090,L,CB-42-090-1001-H-L,25896.8,15,15,0.04712389,0.000176715,3100,-4.85,0.3,434,55.8,1,15,31,15,-,-,,1,,,,,0.8034,-3.28
42,H,1,090,E,CU-42-090-1001-H-E,10742,15,15,0.04712389,0.000176715,1196,-4.85,0.3,434,26.5,1,15,34,15,-,-,,1,-,-,,8/8/8/8/8/12/12/12/12/16/16/16/20/20/20/24/24/28/32/32/36/40/44/48/52/56/64/68/76/84/92/100/100/100/,0.8034,-3.1
42,H,1,090,Q,CU-42-090-1001-H-Q,21583.4,15,15,0.04712389,0.000176715,2604,-4.85,0.3,434,26.5,1,15,34,15,-,-,,1,,,,8/8/12/20/24/32/40/48/52/60/68/76/80/88/92/96/100/100/100/100/100/100/100/100/100/100/100/100/100/100/100/100/100/100,0.8034,-3.1
42,H,2,090,L,CU-42-090-2001-H-L,8901.3,16,16,0.050265482,0.000201062,1520,-4.85,0.3,434,26.5,1,16,19,16,16,-,,0.5,0.5,-,,,0.7,5.75
42,H,2,090,L,CB-42-090-2001-H-L,7964.3,16,16,0.050265482,0.000201062,1360,-4.85,0.3,434,55.7,1,16,17,16,16,-,,0.5,0.5,-,,,0.7,6.64
42,H,2,090,E,CU-42-090-2001-H-E,3579.1,16,16,0.050265482,0.000201062,616,-4.85,0.3,434,26.5,1,16,19,16,16,-,,0.5,0.5,-,,8/8/8/8/12/12/16/16/20/24/28/32/36/44/52/60/72/80/80/,0.7,5.75
42,H,2,090,Q,CU-42-090-2001-H-Q,6786.3,16,16,0.050265482,0.000201062,1168,-4.85,0.3,434,26.5,1,16,19,16,16,-,,0.5,0.5,-,,8/12/20/32/40/52/60/68/76/80/80/80/80/80/80/80/80/80/80,0.7,5.75
42,H,3,090,L,CU-42-090-3001-H-L,6885.3,16,16,0.050265482,0.000201062,1440,-4.85,0.3,434,26.5,1,16,18,16,16,16,,0.334,0.332,0.334,,,0.7,7.03
42,H,3,090,L,CB-42-090-3001-H-L,6120.2,16,16,0.050265482,0.000201062,1280,-4.85,0.3,434,55.7,1,16,17,16,16,16,,0.334,0.332,0.334,,,0.7,6.64
42,H,3,090,E,CU-42-090-3001-H-E,3055.1,16,16,0.050265482,0.000201062,616,-4.85,0.3,434,26.5,1,16,18,16,16,16,,0.334,0.332,0.334,,4/8/8/12/12/16/16/20/24/28/32/40/44/52/64/76/80/80,0.7,7.03
42,H,3,090,Q,CU-42-090-3001-H-Q,5256.3,16,16,0.050265482,0.000201062,1108,-4.85,0.3,434,26.5,1,16,18,16,16,16,,0.334,0.332,0.334,,8/12/20/32/44/56/64/72/80/80/80/80/80/80/80/80/80/80,0.7,7.03
42,H,4,090,L,CU-42-090-4001-H-L,5962.9,16,16,0.050265482,0.000201062,1440,-4.85,0.3,434,26.5,1,16,18,16,16,16,16,0.25,0.25,0.25,0.25,,0.7,7.03
42,H,4,090,L,CB-42-090-4001-H-L,5300.3,16,16,0.050265482,0.000201062,1280,-4.85,0.3,434,55.7,1,16,16,16,16,16,16,0.25,0.25,0.25,0.25,,0.7,6.64
42,H,4,090,E,CU-42-090-4001-H-E,2317.1,16,16,0.050265482,0.000201062,564,-4.85,0.3,434,26.5,1,16,18,16,16,16,16,0.25,0.25,0.25,0.25,8/8/8/8/12/12/16/16/20/24/28/32/40/48/56/68/80/80,0.7,7.03
42,H,4,090,Q,CU-42-090-4001-H-Q,4552.1,16,16,0.050265482,0.000201062,1108,-4.85,0.3,434,26.5,1,16,18,16,16,16,16,0.25,0.25,0.25,0.25,8/12/20/32/44/56/64/72/80/80/80/80/80/80/80/80/80/80,0.7,7.03
48,S,1,015,L,CB-48-015-1001-S-L,31140,360,40,0.845663706,0.0142416,52,-4.85,0.3,440,55.1,9,67.36294769,-,-,-,-,,1,-,-,,,0.65,26.46
48,S,1,015,L,CU-48-015-1001-S-L,33526,390,40,0.905663706,0.0154284,52,-4.85,0.3,440,26.6,9.75,68.14184954,-,-,-,-,,1,-,-,,,0.65,26.46
48,H,1,015,L,CU-48-015-1001-H-L,40748.4,20,20,0.062831853,0.000314159,2592,-4.85,0.3,440,26.6,1,20,24,20,-,-,,1,-,-,,,0.8504,-2.83
48,H,1,015,L,CB-48-015-1001-H-L,35654.8,20,20,0.062831853,0.000314159,2268,-4.85,0.3,440,55.1,1,20,21,20,-,-,,1,-,-,,,0.8504,-2.62
48,H,1,015,E,CU-48-015-1001-H-E,18529.5,20,20,0.062831853,0.000314159,1188,-4.85,0.3,440,26.6,1,20,23,20,-,-,,1,-,-,,8/12/12/12/16/16/20/20/24/28/32/36/40/48/52/60/68/80/92/104/120/136/152/,0.8504,-2.83
48,H,1,015,Q,CU-48-015-1001-H-Q,30633,20,20,0.062831853,0.000314159,1964,-4.85,0.3,440,26.6,1,20,24,20,-,-,,1,-,-,,8/12/20/32/40/52/64/72/84/92/100/104/108/108/108/108/108/108/108/104/104/104/108/108,0.8504,-2.83
48,H,2,015,L,CU-48-015-2001-H-L,12298,20,20,0.062831853,0.000314159,1344,-4.85,0.3,440,26.8,1,20,16,20,20,-,,0.5,0.5,-,,,0.7,6.21
48,H,2,015,L,CB-48-015-2001-H-L,10760.7,20,20,0.062831853,0.000314159,1176,-4.85,0.3,440,55.1,1,20,14,20,20,-,,0.5,0.5,-,,,0.7,6.06
48,H,2,015,E,CU-48-015-2001-H-E,4357.6,20,20,0.062831853,0.000314159,480,-4.85,0.3,440,26.8,1,20,16,20,20,-,,0.5,0.5,-,,8/8/8/8/12/12/16/20/24/28/32/40/48/60/72/84/,0.7,6.21
48,H,2,015,Q,CU-48-015-2001-H-Q,9441.5,20,20,0.062831853,0.000314159,1040,-4.85,0.3,440,26.8,1,20,16,20,20,-,,0.5,0.5,-,,8/16/28/40/52/64/76/84/84/84/84/84/84/84/84/84,0.7,6.21
48,H,3,015,L,CU-48-015-3001-H-L,9563.1,20,20,0.062831853,0.000314159,1280,-4.85,0.3,440,26.8,1,20,16,20,20,20,,0.334,0.332,0.334,,,0.7,6.21
48,H,3,015,L,CB-48-015-3001-H-L,8367.7,20,20,0.062831853,0.000314159,1120,-4.85,0.3,440,55.1,1,20,14,20,20,20,,0.334,0.332,0.334,,,0.7,6.06
48,H,3,015,E,CU-48-015-3001-H-E,4210.3,20,20,0.062831853,0.000314159,544,-4.85,0.3,440,26.8,1,20,16,20,20,20,,0.334,0.332,0.334,,4/8/8/12/12/16/20/24/28/32/40/48/60/72/80/80,0.7,6.21
48,H,3,015,Q,CU-48-015-3001-H-Q,7264.2,20,20,0.062831853,0.000314159,980,-4.85,0.3,440,26.8,1,20,16,20,20,20,,0.334,0.332,0.334,,8/16/24/36/48/60/72/76/80/80/80/80/80/80/80/80,0.7,6.21
48,H,4,015,L,CU-48-015-4001-H-L,8281.9,20,20,0.062831853,0.000314159,1280,-4.85,0.3,440,26.8,1,20,16,20,20,20,20,0.25,0.25,0.25,0.25,,0.7,6.21
48,H,4,015,L,CB-48-015-4001-H-L,7246.6,20,20,0.062831853,0.000314159,1120,-4.85,0.3,440,55.1,1,20,14,20,20,20,20,0.25,0.25,0.25,0.25,,0.7,6.06
48,H,4,015,E,CU-48-015-4001-H-E,3235.4,20,20,0.062831853,0.000314159,504,-4.85,0.3,440,26.8,1,20,16,20,20,20,20,0.25,0.25,0.25,0.25,8/8/8/12/12/16/16/20/24/32/36/44/56/68/80/92/,0.7,6.21
48,H,4,015,Q,CU-48-015-4001-H-Q,6291,20,20,0.062831853,0.000314159,980,-4.85,0.3,440,26.8,1,20,16,20,20,20,20,0.25,0.25,0.25,0.25,8/16/24/36/48/60/72/76/80/80/80/80/80/80/80/80,0.7,6.21
48,S,1,030,L,CB-48-030-1001-S-L,31140,360,40,0.845663706,0.0142416,52,-4.85,0.3,440,55.1,9,67.36294769,-,-,-,-,,1,-,-,,,0.65,26.46
48,S,1,030,L,CU-48-030-1001-S-L,33526,390,40,0.905663706,0.0154284,52,-4.85,0.3,440,26.6,9.75,68.14184954,-,-,-,-,,1,-,-,,,0.65,26.46
48,H,1,030,L,CU-48-030-1001-H-L,40748.4,20,20,0.062831853,0.000314159,2592,-4.85,0.3,440,26.6,1,20,24,20,-,-,,1,-,-,,,0.8504,-2.83
48,H,1,030,L,CB-48-030-1001-H-L,35654.8,20,20,0.062831853,0.000314159,2268,-4.85,0.3,440,55.1,1,20,21,20,-,-,,1,-,-,,,0.8504,-2.62
48,H,1,030,E,CU-48-030-1001-H-E,18529.5,20,20,0.062831853,0.000314159,1188,-4.85,0.3,440,26.6,1,20,23,20,-,-,,1,-,-,,8/12/12/12/16/16/20/20/24/28/32/36/40/48/52/60/68/80/92/104/120/136/152/,0.8504,-2.83
48,H,1,030,Q,CU-48-030-1001-H-Q,30633,20,20,0.062831853,0.000314159,1964,-4.85,0.3,440,26.6,1,20,24,20,-,-,,1,-,-,,8/12/20/32/40/52/64/72/84/92/100/104/108/108/108/108/108/108/108/104/104/104/108/108,0.8504,-2.83
48,H,2,030,L,CU-48-030-2001-H-L,12298,20,20,0.062831853,0.000314159,1344,-4.85,0.3,440,26.8,1,20,16,20,20,-,,0.5,0.5,-,,,0.7,6.21
48,H,2,030,L,CB-48-030-2001-H-L,10760.7,20,20,0.062831853,0.000314159,1176,-4.85,0.3,440,55.1,1,20,14,20,20,-,,0.5,0.5,-,,,0.7,6.06
48,H,2,030,E,CU-48-030-2001-H-E,4357.6,20,20,0.062831853,0.000314159,480,-4.85,0.3,440,26.8,1,20,16,20,20,-,,0.5,0.5,-,,8/8/8/8/12/12/16/20/24/28/32/40/48/60/72/84/,0.7,6.21
48,H,2,030,Q,CU-48-030-2001-H-Q,9441.5,20,20,0.062831853,0.000314159,1040,-4.85,0.3,440,26.8,1,20,16,20,20,-,,0.5,0.5,-,,8/16/28/40/52/64/76/84/84/84/84/84/84/84/84/84,0.7,6.21
48,H,3,030,L,CU-48-030-3001-H-L,9563.1,20,20,0.062831853,0.000314159,1280,-4.85,0.3,440,26.8,1,20,16,20,20,20,,0.334,0.332,0.334,,,0.7,6.21
48,H,3,030,L,CB-48-030-3001-H-L,8367.7,20,20,0.062831853,0.000314159,1120,-4.85,0.3,440,55.1,1,20,14,20,20,20,,0.334,0.332,0.334,,,0.7,6.06
48,H,3,030,E,CU-48-030-3001-H-E,4210.3,20,20,0.062831853,0.000314159,544,-4.85,0.3,440,26.8,1,20,16,20,20,20,,0.334,0.332,0.334,,4/8/8/12/12/16/20/24/28/32/40/48/60/72/80/80,0.7,6.21
48,H,3,030,Q,CU-48-030-3001-H-Q,7264.2,20,20,0.062831853,0.000314159,980,-4.85,0.3,440,26.8,1,20,16,20,20,20,,0.334,0.332,0.334,,8/16/24/36/48/60/72/76/80/80/80/80/80/80/80/80,0.7,6.21
48,H,4,030,L,CU-48-030-4001-H-L,8281.9,20,20,0.062831853,0.000314159,1280,-4.85,0.3,440,26.8,1,20,16,20,20,20,20,0.25,0.25,0.25,0.25,,0.7,6.21
48,H,4,030,L,CB-48-030-4001-H-L,7246.6,20,20,0.062831853,0.000314159,1120,-4.85,0.3,440,55.1,1,20,14,20,20,20,20,0.25,0.25,0.25,0.25,,0.7,6.06
48,H,4,030,E,CU-48-030-4001-H-E,3235.4,20,20,0.062831853,0.000314159,504,-4.85,0.3,440,26.8,1,20,16,20,20,20,20,0.25,0.25,0.25,0.25,8/8/8/12/12/16/16/20/24/32/36/44/56/68/80/92/,0.7,6.21
48,H,4,030,Q,CU-48-030-4001-H-Q,6291,20,20,0.062831853,0.000314159,980,-4.85,0.3,440,26.8,1,20,16,20,20,20,20,0.25,0.25,0.25,0.25,8/16/24/36/48/60/72/76/80/80/80/80/80/80/80/80,0.7,6.21
48,S,1,060,L,CB-48-060-1001-S-L,37189,475,40,1.075663706,0.018791,48,-4.85,0.3,562,55.4,11.875,69.87685795,-,-,-,-,,1,-,-,,,0.65,24.8
48,S,1,060,L,CU-48-060-1001-S-L,39393,505,40,1.135663706,0.0199778,48,-4.85,0.3,562,26.9,12.625,70.36519664,-,-,-,-,,1,-,-,,,0.65,24.8
48,H,1,060,L,CU-48-060-1001-H-L,44210,20,20,0.062831853,0.000314159,3472,-4.85,0.3,562,26.9,1,20,31,20,-,-,,1,-,-,,,0.6888,-2.83
48,H,1,060,L,CB-48-060-1001-H-L,39931.6,20,20,0.062831853,0.000314159,3136,-4.85,0.3,562,55.4,1,20,28,20,-,-,,1,-,-,,,0.6888,-3.22
48,H,1,060,E,CU-48-060-1001-H-E,15665.3,20,20,0.062831853,0.000314159,1240,-4.85,0.3,562,26.9,1,20,31,20,-,-,,1,-,-,,8/8/8/8/12/12/12/12/16/16/16/20/20/24/24/28/32/32/36/40/44/52/56/60/68/76/84/92/100/112/112/,0.6888,-2.83
48,H,1,060,Q,CU-48-060-1001-H-Q,33453.1,20,20,0.062831853,0.000314159,2648,-4.85,0.3,562,26.9,1,20,31,20,-,-,,1,-,-,,12/12/16/24/32/40/48/56/68/76/84/92/96/104/108/112/112/112/112/112/112/112/112/112/112/108/108/108/112/112/112,0.6888,-2.83
48,H,2,060,L,CU-48-060-2001-H-L,13176.4,20,20,0.062831853,0.000314159,1440,-4.85,0.3,562,25.6,1,20,20,20,20,-,,0.5,0.5,-,,,0.7,7.18
48,H,2,060,L,CB-48-060-2001-H-L,11858.7,20,20,0.062831853,0.000314159,1296,-4.85,0.3,562,54,1,20,18,20,20,-,,0.5,0.5,-,,,0.7,7.11
48,H,2,060,E,CU-48-060-2001-H-E,5338.1,20,20,0.062831853,0.000314159,588,-4.85,0.3,562,25.6,1,20,20,20,20,-,,0.5,0.5,-,,8/8/8/8/8/12/12/16/16/20/24/28/32/36/40/48/56/64/72/72/,0.7,7.18
48,H,2,060,Q,CU-48-060-2001-H-Q,10131.5,20,20,0.062831853,0.000314159,1116,-4.85,0.3,562,25.6,1,20,20,20,20,-,,0.5,0.5,-,,8/12/16/28/36/44/52/60/68/72/72/72/72/72/72/72/72/72/72/72,0.7,7.18
48,H,3,060,L,CU-48-060-3001-H-L,11356.2,20,20,0.062831853,0.000314159,1520,-4.85,0.3,562,25.6,1,20,20,20,20,20,,0.334,0.332,0.334,,,0.7,7.18
48,H,3,060,L,CB-48-060-3001-H-L,10220.5,20,20,0.062831853,0.000314159,1368,-4.85,0.3,562,54,1,20,18,20,20,20,,0.334,0.332,0.334,,,0.7,7.11
48,H,3,060,E,CU-48-060-3001-H-E,5129.4,20,20,0.062831853,0.000314159,660,-4.85,0.3,562,25.6,1,20,20,20,20,20,,0.334,0.332,0.334,,4/8/8/8/12/12/16/16/20/24/28/32/36/40/48/56/64/76/76/76,0.7,7.18
48,H,3,060,Q,CU-48-060-3001-H-Q,8746.7,20,20,0.062831853,0.000314159,1180,-4.85,0.3,562,25.6,1,20,20,20,20,20,,0.334,0.332,0.334,,8/12/20/28/36/48/56/64/72/76/76/76/76/76/76/76/76/76/76/76,0.7,5.82
48,H,4,060,L,CU-48-060-4001-H-L,9317,20,20,0.062831853,0.000314159,1440,-4.85,0.3,562,25.6,1,20,20,20,20,20,20,0.25,0.25,0.25,0.25,,0.7,7.18
48,H,4,060,L,CB-48-060-4001-H-L,8385.3,20,20,0.062831853,0.000314159,1296,-4.85,0.3,562,54,1,20,18,20,20,20,20,0.25,0.25,0.25,0.25,,0.7,7.11
48,H,4,060,E,CU-48-060-4001-H-E,3774.6,20,20,0.062831853,0.000314159,588,-4.85,0.3,562,25.6,1,20,20,20,20,20,20,0.25,0.25,0.25,0.25,8/8/8/8/8/12/12/16/16/20/24/28/32/36/40/48/56/64/72/72,0.7,7.18
48,H,4,060,Q,CU-48-060-4001-H-Q,7164,20,20,0.062831853,0.000314159,1116,-4.85,0.3,562,25.6,1,20,20,20,20,20,20,0.25,0.25,0.25,0.25,8/12/16/28/36/44/52/60/68/72/72/72/72/72/72/72/72/72/72/72,0.7,7.18
48,S,1,090,L,CB-48-090-1001-S-L,37189,475,40,1.075663706,0.018791,48,-4.85,0.3,562,55.4,11.875,69.87685795,-,-,-,-,,1,-,-,,,0.65,24.8
48,S,1,090,L,CU-48-090-1001-S-L,39393,505,40,1.135663706,0.0199778,48,-4.85,0.3,562,26.9,12.625,70.36519664,-,-,-,-,,1,-,-,,,0.65,24.8
48,H,1,090,L,CU-48-090-1001-H-L,44210,20,20,0.062831853,0.000314159,3472,-4.85,0.3,562,26.9,1,20,31,20,-,-,,1,-,-,,,0.6888,-2.83
48,H,1,090,L,CB-48-090-1001-H-L,39931.6,20,20,0.062831853,0.000314159,3136,-4.85,0.3,562,55.4,1,20,28,20,-,-,,1,-,-,,,0.6888,-3.22
48,H,1,090,E,CU-48-090-1001-H-E,15665.3,20,20,0.062831853,0.000314159,1240,-4.85,0.3,562,26.9,1,20,31,20,-,-,,1,-,-,,8/8/8/8/12/12/12/12/16/16/16/20/20/24/24/28/32/32/36/40/44/52/56/60/68/76/84/92/100/112/112/,0.6888,-2.83
48,H,1,090,Q,CU-48-090-1001-H-Q,33453.1,20,20,0.062831853,0.000314159,2648,-4.85,0.3,562,26.9,1,20,31,20,-,-,,1,-,-,,12/12/16/24/32/40/48/56/68/76/84/92/96/104/108/112/112/112/112/112/112/112/112/112/112/108/108/108/112/112/112,0.6888,-2.83
48,H,2,090,L,CU-48-090-2001-H-L,13176.4,20,20,0.062831853,0.000314159,1440,-4.85,0.3,562,25.6,1,20,20,20,20,-,,0.5,0.5,-,,,0.7,7.18
48,H,2,090,L,CB-48-090-2001-H-L,11858.7,20,20,0.062831853,0.000314159,1296,-4.85,0.3,562,54,1,20,18,20,20,-,,0.5,0.5,-,,,0.7,7.11
48,H,2,090,E,CU-48-090-2001-H-E,5338.1,20,20,0.062831853,0.000314159,588,-4.85,0.3,562,25.6,1,20,20,20,20,-,,0.5,0.5,-,,8/8/8/8/8/12/12/16/16/20/24/28/32/36/40/48/56/64/72/72/,0.7,7.18
48,H,2,090,Q,CU-48-090-2001-H-Q,10131.5,20,20,0.062831853,0.000314159,1116,-4.85,0.3,562,25.6,1,20,20,20,20,-,,0.5,0.5,-,,8/12/16/28/36/44/52/60/68/72/72/72/72/72/72/72/72/72/72/72,0.7,7.18
48,H,3,090,L,CU-48-090-3001-H-L,11356.2,20,20,0.062831853,0.000314159,1520,-4.85,0.3,562,25.6,1,20,20,20,20,20,,0.334,0.332,0.334,,,0.7,7.18
48,H,3,090,L,CB-48-090-3001-H-L,10220.5,20,20,0.062831853,0.000314159,1368,-4.85,0.3,562,54,1,20,18,20,20,20,,0.334,0.332,0.334,,,0.7,7.11
48,H,3,090,E,CU-48-090-3001-H-E,5129.4,20,20,0.062831853,0.000314159,660,-4.85,0.3,562,25.6,1,20,20,20,20,20,,0.334,0.332,0.334,,4/8/8/8/12/12/16/16/20/24/28/32/36/40/48/56/64/76/76/76,0.7,7.18
48,H,3,090,Q,CU-48-090-3001-H-Q,8746.7,20,20,0.062831853,0.000314159,1180,-4.85,0.3,562,25.6,1,20,20,20,20,20,,0.334,0.332,0.334,,8/12/20/28/36/48/56/64/72/76/76/76/76/76/76/76/76/76/76/76,0.7,5.82
48,H,4,090,L,CU-48-090-4001-H-L,9317,20,20,0.062831853,0.000314159,1440,-4.85,0.3,562,25.6,1,20,20,20,20,20,20,0.25,0.25,0.25,0.25,,0.7,7.18
48,H,4,090,L,CB-48-090-4001-H-L,8385.3,20,20,0.062831853,0.000314159,1296,-4.85,0.3,562,54,1,20,18,20,20,20,20,0.25,0.25,0.25,0.25,,0.7,7.11
48,H,4,090,E,CU-48-090-4001-H-E,3774.6,20,20,0.062831853,0.000314159,588,-4.85,0.3,562,25.6,1,20,20,20,20,20,20,0.25,0.25,0.25,0.25,8/8/8/8/8/12/12/16/16/20/24/28/32/36/40/48/56/64/72/72,0.7,7.18
48,H,4,090,Q,CU-48-090-4001-H-Q,7164,20,20,0.062831853,0.000314159,1116,-4.85,0.3,562,25.6,1,20,20,20,20,20,20,0.25,0.25,0.25,0.25,8/12/16/28/36/44/52/60/68/72/72/72/72/72/72/72/72/72/72/72,0.7,7.18
